-- --------------------------------------------------------
-- Host:                         127.0.0.1
-- Server version:               10.1.36-MariaDB - mariadb.org binary distribution
-- Server OS:                    Win32
-- HeidiSQL Version:             9.5.0.5196
-- --------------------------------------------------------

/*!40101 SET @OLD_CHARACTER_SET_CLIENT=@@CHARACTER_SET_CLIENT */;
/*!40101 SET NAMES utf8 */;
/*!50503 SET NAMES utf8mb4 */;
/*!40014 SET @OLD_FOREIGN_KEY_CHECKS=@@FOREIGN_KEY_CHECKS, FOREIGN_KEY_CHECKS=0 */;
/*!40101 SET @OLD_SQL_MODE=@@SQL_MODE, SQL_MODE='NO_AUTO_VALUE_ON_ZERO' */;

-- Dumping structure for table mirdc.migrations
DROP TABLE IF EXISTS `migrations`;
CREATE TABLE IF NOT EXISTS `migrations` (
  `id` int(10) unsigned NOT NULL AUTO_INCREMENT,
  `migration` varchar(255) COLLATE utf8mb4_unicode_ci NOT NULL,
  `batch` int(11) NOT NULL,
  PRIMARY KEY (`id`)
) ENGINE=InnoDB AUTO_INCREMENT=3 DEFAULT CHARSET=utf8mb4 COLLATE=utf8mb4_unicode_ci;

-- Dumping data for table mirdc.migrations: ~2 rows (approximately)
/*!40000 ALTER TABLE `migrations` DISABLE KEYS */;
INSERT INTO `migrations` (`id`, `migration`, `batch`) VALUES
	(1, '2018_07_13_041020_create_employees_table', 1),
	(2, '2018_07_13_042843_create_employee_information_table', 1);
/*!40000 ALTER TABLE `migrations` ENABLE KEYS */;

-- Dumping structure for table mirdc.modules
DROP TABLE IF EXISTS `modules`;
CREATE TABLE IF NOT EXISTS `modules` (
  `RefId` bigint(50) NOT NULL AUTO_INCREMENT,
  `SystemRefId` int(10) DEFAULT NULL,
  `ScrnId` varchar(100) COLLATE utf32_bin DEFAULT NULL,
  `UseFor` int(10) DEFAULT NULL,
  `Code` varchar(50) CHARACTER SET latin1 DEFAULT NULL,
  `Ordinal` int(6) DEFAULT NULL,
  `Name` varchar(300) CHARACTER SET latin1 DEFAULT NULL,
  `Icons` varchar(50) COLLATE utf32_bin DEFAULT NULL,
  `Filename` varchar(100) COLLATE utf32_bin DEFAULT NULL,
  `Description` varchar(300) COLLATE utf32_bin DEFAULT NULL,
  `Remarks` varchar(300) CHARACTER SET latin1 DEFAULT NULL,
  `LastUpdateDate` date DEFAULT NULL,
  `LastUpdateTime` time DEFAULT NULL,
  `LastUpdateBy` varchar(50) CHARACTER SET latin1 DEFAULT NULL,
  `Data` varchar(1) CHARACTER SET latin1 DEFAULT NULL,
  PRIMARY KEY (`RefId`),
  UNIQUE KEY `refid` (`RefId`)
) ENGINE=InnoDB AUTO_INCREMENT=8 DEFAULT CHARSET=utf32 COLLATE=utf32_bin COMMENT='System Modules';

-- Dumping data for table mirdc.modules: ~4 rows (approximately)
/*!40000 ALTER TABLE `modules` DISABLE KEYS */;
INSERT INTO `modules` (`RefId`, `SystemRefId`, `ScrnId`, `UseFor`, `Code`, `Ordinal`, `Name`, `Icons`, `Filename`, `Description`, `Remarks`, `LastUpdateDate`, `LastUpdateTime`, `LastUpdateBy`, `Data`) VALUES
	(4, 1, '1521515120', NULL, '201F', 2, '201 File', NULL, 'scrn201File', NULL, NULL, '2018-03-20', '11:05:22', 'admin', 'A'),
	(5, 1, '1521520378', NULL, 'MSTF', 1, 'Master File', NULL, 'scrnMasterFile', NULL, NULL, '2018-03-20', '12:33:00', 'admin', 'A'),
	(6, 1, '1521520405', NULL, '201U', 3, '201 UPDATE', NULL, 'scrn201Update', NULL, NULL, '2018-03-20', '12:34:09', 'admin', 'A'),
	(7, 1, '1521520405', NULL, 'EMPM', 4, 'Employees Movement', NULL, 'scrnEmpMovement', NULL, NULL, '2018-03-20', '12:37:27', 'admin', 'A');
/*!40000 ALTER TABLE `modules` ENABLE KEYS */;

-- Dumping structure for table mirdc.pms_adjustments
DROP TABLE IF EXISTS `pms_adjustments`;
CREATE TABLE IF NOT EXISTS `pms_adjustments` (
  `id` int(11) NOT NULL AUTO_INCREMENT,
  `code` varchar(225) DEFAULT NULL,
  `name` varchar(225) DEFAULT NULL,
  `payroll_group` varchar(225) DEFAULT NULL,
  `tax_type` varchar(225) DEFAULT NULL,
  `itr_classification` varchar(225) DEFAULT NULL,
  `alphalist_classification` varchar(225) DEFAULT NULL,
  `amount` decimal(9,2) DEFAULT NULL,
  `remarks` varchar(225) DEFAULT NULL,
  `created_at` timestamp NULL DEFAULT NULL,
  `updated_at` timestamp NULL DEFAULT NULL,
  `updated_by` int(11) DEFAULT NULL,
  PRIMARY KEY (`id`)
) ENGINE=InnoDB DEFAULT CHARSET=latin1;

-- Dumping data for table mirdc.pms_adjustments: ~0 rows (approximately)
/*!40000 ALTER TABLE `pms_adjustments` DISABLE KEYS */;
/*!40000 ALTER TABLE `pms_adjustments` ENABLE KEYS */;

-- Dumping structure for table mirdc.pms_annualtax_policy
DROP TABLE IF EXISTS `pms_annualtax_policy`;
CREATE TABLE IF NOT EXISTS `pms_annualtax_policy` (
  `id` bigint(50) NOT NULL AUTO_INCREMENT,
  `from_year` varchar(225) DEFAULT NULL,
  `to_year` varchar(225) DEFAULT NULL,
  `below_amount` decimal(12,2) DEFAULT NULL,
  `above_amount` decimal(12,2) DEFAULT NULL,
  `rate_percentage` decimal(12,2) DEFAULT NULL,
  `rate_amount` decimal(12,2) DEFAULT NULL,
  `excess_amount` decimal(12,2) DEFAULT NULL,
  `effectivity_date` date DEFAULT NULL,
  `remarks` varchar(300) DEFAULT NULL,
  `created_at` timestamp NULL DEFAULT NULL,
  `updated_at` timestamp NULL DEFAULT NULL,
  `updated_by` int(11) DEFAULT NULL,
  `created_by` int(11) DEFAULT NULL,
  PRIMARY KEY (`id`)
) ENGINE=InnoDB AUTO_INCREMENT=6 DEFAULT CHARSET=latin1;

-- Dumping data for table mirdc.pms_annualtax_policy: ~5 rows (approximately)
/*!40000 ALTER TABLE `pms_annualtax_policy` DISABLE KEYS */;
INSERT INTO `pms_annualtax_policy` (`id`, `from_year`, `to_year`, `below_amount`, `above_amount`, `rate_percentage`, `rate_amount`, `excess_amount`, `effectivity_date`, `remarks`, `created_at`, `updated_at`, `updated_by`, `created_by`) VALUES
	(1, '2018', '2022', 250000.00, 400000.00, 20.00, 0.00, 250000.00, '2018-10-19', NULL, '2018-10-19 12:19:26', '2018-10-19 12:19:26', NULL, 2),
	(2, '2018', '2022', 400000.00, 800000.00, 25.00, 30000.00, 400000.00, '2018-10-19', NULL, '2018-10-19 12:29:02', '2018-10-19 12:29:02', NULL, 2),
	(3, '2018', '2022', 800000.00, 2000000.00, 30.00, 130000.00, 800000.00, '2018-10-19', NULL, '2018-10-19 12:38:17', '2018-10-19 12:38:17', NULL, 2),
	(4, '2018', '2022', 2000000.00, 8000000.00, 32.00, 490000.00, 2000000.00, '2018-10-19', NULL, '2018-10-19 13:02:26', '2018-10-19 13:02:26', NULL, 2),
	(5, '2018', '2022', 8000000.00, 0.00, 35.00, 2041000.00, 8000000.00, '2018-10-19', NULL, '2018-10-19 13:07:05', '2018-10-19 13:07:05', NULL, 2);
/*!40000 ALTER TABLE `pms_annualtax_policy` ENABLE KEYS */;

-- Dumping structure for table mirdc.pms_annual_tax_rates
DROP TABLE IF EXISTS `pms_annual_tax_rates`;
CREATE TABLE IF NOT EXISTS `pms_annual_tax_rates` (
  `id` int(11) NOT NULL AUTO_INCREMENT,
  `employee_number` varchar(225) DEFAULT NULL,
  `employee_id` int(11) DEFAULT NULL,
  `basic_amount` decimal(10,0) DEFAULT NULL,
  `contribution_amount` decimal(10,0) DEFAULT NULL,
  `pera_amount` decimal(10,0) DEFAULT NULL,
  `rata_amount` decimal(10,0) DEFAULT NULL,
  `longevity_amount` decimal(10,0) DEFAULT NULL,
  `hp_amount` decimal(10,0) DEFAULT NULL,
  `tax_amount` decimal(10,0) DEFAULT NULL,
  `for_month` int(11) DEFAULT NULL,
  `for_year` varchar(50) DEFAULT NULL,
  `created_at` timestamp NULL DEFAULT NULL,
  `updated_at` timestamp NULL DEFAULT NULL,
  `created_by` int(11) DEFAULT NULL,
  `updated_by` int(11) DEFAULT NULL,
  PRIMARY KEY (`id`)
) ENGINE=InnoDB DEFAULT CHARSET=latin1;

-- Dumping data for table mirdc.pms_annual_tax_rates: ~0 rows (approximately)
/*!40000 ALTER TABLE `pms_annual_tax_rates` DISABLE KEYS */;
/*!40000 ALTER TABLE `pms_annual_tax_rates` ENABLE KEYS */;

-- Dumping structure for table mirdc.pms_attendance_info
DROP TABLE IF EXISTS `pms_attendance_info`;
CREATE TABLE IF NOT EXISTS `pms_attendance_info` (
  `id` int(11) NOT NULL AUTO_INCREMENT,
  `employee_id` int(11) DEFAULT NULL,
  `employee_number` varchar(225) DEFAULT NULL,
  `transaction_id` int(11) DEFAULT NULL,
  `actual_workdays` int(11) DEFAULT NULL,
  `adjust_workdays` int(11) DEFAULT NULL,
  `total_workdays` decimal(9,2) DEFAULT NULL,
  `actual_absence` int(11) DEFAULT NULL,
  `adjust_absence` int(11) DEFAULT NULL,
  `total_absence` decimal(9,2) DEFAULT NULL,
  `actual_tardines` int(11) DEFAULT NULL,
  `adjust_tardines` int(11) DEFAULT NULL,
  `total_tardines` decimal(9,2) DEFAULT NULL,
  `actual_undertime` int(11) DEFAULT NULL,
  `adjust_undertime` int(11) DEFAULT NULL,
  `total_undertime` decimal(9,2) DEFAULT NULL,
  `month` varchar(225) DEFAULT NULL,
  `year` varchar(225) DEFAULT NULL,
  `employee_status` varchar(225) DEFAULT NULL,
  `created_at` timestamp NULL DEFAULT NULL,
  `updated_at` timestamp NULL DEFAULT NULL,
  `updated_by` int(11) DEFAULT NULL,
  PRIMARY KEY (`id`)
) ENGINE=InnoDB DEFAULT CHARSET=latin1;

-- Dumping data for table mirdc.pms_attendance_info: ~0 rows (approximately)
/*!40000 ALTER TABLE `pms_attendance_info` DISABLE KEYS */;
/*!40000 ALTER TABLE `pms_attendance_info` ENABLE KEYS */;

-- Dumping structure for table mirdc.pms_bankbranches
DROP TABLE IF EXISTS `pms_bankbranches`;
CREATE TABLE IF NOT EXISTS `pms_bankbranches` (
  `id` int(11) NOT NULL AUTO_INCREMENT,
  `code` varchar(225) DEFAULT NULL,
  `name` varchar(225) DEFAULT NULL,
  `address` varchar(225) DEFAULT NULL,
  `remarks` varchar(225) DEFAULT NULL,
  `created_at` timestamp NULL DEFAULT NULL,
  `updated_at` timestamp NULL DEFAULT NULL,
  `updated_by` int(11) DEFAULT NULL,
  PRIMARY KEY (`id`)
) ENGINE=InnoDB AUTO_INCREMENT=7 DEFAULT CHARSET=latin1;

-- Dumping data for table mirdc.pms_bankbranches: ~6 rows (approximately)
/*!40000 ALTER TABLE `pms_bankbranches` DISABLE KEYS */;
INSERT INTO `pms_bankbranches` (`id`, `code`, `name`, `address`, `remarks`, `created_at`, `updated_at`, `updated_by`) VALUES
	(1, 'MANILA', 'Manila', NULL, NULL, '2018-06-09 04:45:58', '2018-06-09 04:46:24', NULL),
	(2, 'QC', 'Quezon City', NULL, NULL, '2018-06-09 04:46:14', '2018-06-09 04:46:14', NULL),
	(3, 'CALOOCAN', 'Caloocan', NULL, NULL, '2018-06-09 04:46:48', '2018-06-09 04:46:48', NULL),
	(4, 'PASAY', 'Pasay', NULL, NULL, '2018-06-09 04:47:16', '2018-06-09 04:47:16', NULL),
	(5, 'PC', 'PASIG KAPITOLYO', NULL, NULL, '2018-06-21 04:30:31', '2018-06-21 04:30:31', NULL),
	(6, 'MY', 'Mandaluyong', NULL, NULL, '2018-06-21 07:56:18', '2018-06-21 07:56:18', NULL);
/*!40000 ALTER TABLE `pms_bankbranches` ENABLE KEYS */;

-- Dumping structure for table mirdc.pms_banks
DROP TABLE IF EXISTS `pms_banks`;
CREATE TABLE IF NOT EXISTS `pms_banks` (
  `id` int(11) NOT NULL AUTO_INCREMENT,
  `code` varchar(225) DEFAULT NULL,
  `name` varchar(225) DEFAULT NULL,
  `branch_name` varchar(225) DEFAULT NULL,
  `bank_accountno` varchar(225) DEFAULT NULL,
  `remarks` varchar(225) DEFAULT NULL,
  `created_at` timestamp NULL DEFAULT NULL,
  `updated_at` timestamp NULL DEFAULT NULL,
  `updated_by` int(11) DEFAULT NULL,
  PRIMARY KEY (`id`)
) ENGINE=InnoDB AUTO_INCREMENT=6 DEFAULT CHARSET=latin1;

-- Dumping data for table mirdc.pms_banks: ~5 rows (approximately)
/*!40000 ALTER TABLE `pms_banks` DISABLE KEYS */;
INSERT INTO `pms_banks` (`id`, `code`, `name`, `branch_name`, `bank_accountno`, `remarks`, `created_at`, `updated_at`, `updated_by`) VALUES
	(1, 'BDO', 'Banco De Oro', 'Manila', '234567', NULL, '2018-06-09 04:43:22', '2018-06-22 12:14:56', NULL),
	(2, 'BPI', 'Bank of Philippine Islands', 'Manila', '234567', NULL, '2018-06-09 04:44:42', '2018-06-22 12:14:47', NULL),
	(3, 'MB', 'Metro Bank', 'Manila', '345678', NULL, '2018-06-09 04:45:04', '2018-06-22 12:13:58', NULL),
	(4, 'BSP', 'Bangko Sentral ng Pilipinas', 'Manila', '456756789', NULL, '2018-06-09 04:45:43', '2018-06-22 12:14:35', NULL),
	(5, 'LBP', 'Land Bank of the Philippines', 'Manila', '35645678', NULL, '2018-06-21 04:30:06', '2018-06-22 12:14:19', NULL);
/*!40000 ALTER TABLE `pms_banks` ENABLE KEYS */;

-- Dumping structure for table mirdc.pms_beginning_balances
DROP TABLE IF EXISTS `pms_beginning_balances`;
CREATE TABLE IF NOT EXISTS `pms_beginning_balances` (
  `id` int(11) NOT NULL AUTO_INCREMENT,
  `employee_number` varchar(225) DEFAULT NULL,
  `employee_id` int(11) DEFAULT NULL,
  `premium_amount` decimal(9,2) DEFAULT NULL,
  `tax_witheld` decimal(9,2) DEFAULT NULL,
  `basic_pay` decimal(9,2) DEFAULT NULL,
  `overtime_pay` decimal(9,2) DEFAULT NULL,
  `thirteen_month_pay` decimal(9,2) DEFAULT NULL,
  `deminimis` decimal(9,2) DEFAULT NULL,
  `other_salaries` decimal(9,2) DEFAULT NULL,
  `taxable_basic_pay` decimal(9,2) DEFAULT NULL,
  `taxable_overtime_pay` decimal(9,2) DEFAULT NULL,
  `taxable_thirteen_month_pay` decimal(9,2) DEFAULT NULL,
  `taxable_other_salaries` decimal(9,2) DEFAULT NULL,
  `as_of_date` date DEFAULT NULL,
  `created_at` timestamp NULL DEFAULT NULL,
  `updated_at` timestamp NULL DEFAULT NULL,
  `created_by` int(11) DEFAULT NULL,
  PRIMARY KEY (`id`)
) ENGINE=InnoDB AUTO_INCREMENT=2 DEFAULT CHARSET=latin1;

-- Dumping data for table mirdc.pms_beginning_balances: ~1 rows (approximately)
/*!40000 ALTER TABLE `pms_beginning_balances` DISABLE KEYS */;
INSERT INTO `pms_beginning_balances` (`id`, `employee_number`, `employee_id`, `premium_amount`, `tax_witheld`, `basic_pay`, `overtime_pay`, `thirteen_month_pay`, `deminimis`, `other_salaries`, `taxable_basic_pay`, `taxable_overtime_pay`, `taxable_thirteen_month_pay`, `taxable_other_salaries`, `as_of_date`, `created_at`, `updated_at`, `created_by`) VALUES
	(1, NULL, 92, 30000.00, 2131232.00, 321.00, 321.00, 312.00, 312.00, 321.00, 321.00, 321.00, 312.00, 321.00, '2018-07-24', '2018-07-17 13:31:41', '2018-07-17 14:25:25', NULL);
/*!40000 ALTER TABLE `pms_beginning_balances` ENABLE KEYS */;

-- Dumping structure for table mirdc.pms_benefits
DROP TABLE IF EXISTS `pms_benefits`;
CREATE TABLE IF NOT EXISTS `pms_benefits` (
  `id` int(11) NOT NULL AUTO_INCREMENT,
  `code` varchar(225) DEFAULT NULL,
  `name` varchar(225) DEFAULT NULL,
  `amount` decimal(9,2) DEFAULT NULL,
  `de_minimis_type` varchar(225) DEFAULT NULL,
  `computation_type` varchar(225) DEFAULT NULL,
  `payroll_group` varchar(225) DEFAULT NULL,
  `tax_type` varchar(225) DEFAULT NULL,
  `itr_classification` varchar(225) DEFAULT NULL,
  `alphalist_classification` varchar(225) DEFAULT NULL,
  `remarks` varchar(225) DEFAULT NULL,
  `created_at` timestamp NULL DEFAULT NULL,
  `updated_at` timestamp NULL DEFAULT NULL,
  `updated_by` int(11) DEFAULT NULL,
  PRIMARY KEY (`id`)
) ENGINE=InnoDB AUTO_INCREMENT=24 DEFAULT CHARSET=latin1;

-- Dumping data for table mirdc.pms_benefits: ~11 rows (approximately)
/*!40000 ALTER TABLE `pms_benefits` DISABLE KEYS */;
INSERT INTO `pms_benefits` (`id`, `code`, `name`, `amount`, `de_minimis_type`, `computation_type`, `payroll_group`, `tax_type`, `itr_classification`, `alphalist_classification`, `remarks`, `created_at`, `updated_at`, `updated_by`) VALUES
	(4, 'PERA', 'PERA', NULL, NULL, 'Based on Attendance', NULL, 'Taxable in excess of threshold', NULL, NULL, NULL, '2018-06-21 04:00:00', '2018-06-21 04:00:00', NULL),
	(5, 'RATA1', 'RATA 1', 0.00, NULL, 'Based on Attendance', NULL, 'Taxable in excess of threshold', NULL, NULL, NULL, '2018-06-21 04:01:53', '2018-09-06 04:57:11', NULL),
	(6, 'RATA2', 'RATA 2', 0.00, NULL, 'Based on Attendance', NULL, 'Taxable in excess of threshold', NULL, NULL, NULL, '2018-06-21 04:02:43', '2018-09-06 04:57:26', NULL),
	(11, 'EE', 'EXTRAORDINARY EXPENSE', NULL, NULL, 'Fixed Monthly', NULL, 'Non Taxable', NULL, NULL, NULL, '2018-07-13 08:20:04', '2018-07-13 08:20:04', NULL),
	(12, 'ME', 'MISCELLANEOUS EXPENSE', NULL, NULL, 'Fixed Monthly', NULL, 'Non Taxable', NULL, NULL, NULL, '2018-07-13 08:20:29', '2018-07-13 08:20:29', NULL),
	(18, 'PBB', 'Performance Base Bonus', 5000.00, NULL, 'Based on Attendance', NULL, 'Non Taxable', NULL, NULL, NULL, '2018-08-01 15:14:40', '2018-08-01 15:16:42', NULL),
	(19, 'SALA', 'SALA', 0.00, NULL, 'Fixed Monthly', NULL, 'Taxable', NULL, NULL, NULL, '2018-08-24 15:43:09', '2018-08-24 15:43:09', NULL),
	(20, 'HP', 'HAZARD PAY', 0.00, NULL, 'Fixed Monthly', NULL, 'Taxable', NULL, NULL, NULL, '2018-08-25 06:12:36', '2018-08-25 06:12:36', NULL),
	(21, 'RA', 'RICE ALLOWANCE', 1250.00, NULL, 'Fixed Monthly', NULL, 'Taxable', NULL, NULL, NULL, '2018-09-08 14:26:16', '2018-09-08 14:26:16', NULL),
	(22, 'UA', 'UNIFORM ALLOWANCE', 6000.00, NULL, 'Fixed Monthly', NULL, 'Taxable', NULL, NULL, NULL, '2018-09-08 14:26:54', '2018-09-08 14:26:54', NULL),
	(23, 'AB', 'ANNIVERSARY BONUS', 3000.00, NULL, 'Fixed Monthly', NULL, 'Taxable', NULL, NULL, NULL, '2018-09-08 14:27:59', '2018-09-08 14:27:59', NULL);
/*!40000 ALTER TABLE `pms_benefits` ENABLE KEYS */;

-- Dumping structure for table mirdc.pms_benefitsinfo
DROP TABLE IF EXISTS `pms_benefitsinfo`;
CREATE TABLE IF NOT EXISTS `pms_benefitsinfo` (
  `id` int(11) NOT NULL AUTO_INCREMENT,
  `employee_number` varchar(225) DEFAULT NULL,
  `employee_id` int(11) DEFAULT NULL,
  `employeeinfo_id` int(11) DEFAULT NULL,
  `benefit_id` int(11) DEFAULT NULL,
  `benefit_description` varchar(225) DEFAULT NULL,
  `benefit_amount` decimal(9,2) DEFAULT NULL,
  `benefit_pay_period` varchar(225) DEFAULT NULL,
  `benefit_pay_sub` varchar(225) DEFAULT NULL,
  `benefit_effectivity_date` date DEFAULT NULL,
  `days_present` int(11) DEFAULT NULL,
  `hp_rate` decimal(9,2) DEFAULT NULL,
  `date_from` date DEFAULT NULL,
  `date_to` date DEFAULT NULL,
  `created_at` timestamp NULL DEFAULT NULL,
  `updated_at` timestamp NULL DEFAULT NULL,
  `updated_by` int(11) DEFAULT NULL,
  PRIMARY KEY (`id`)
) ENGINE=InnoDB AUTO_INCREMENT=667 DEFAULT CHARSET=latin1;

-- Dumping data for table mirdc.pms_benefitsinfo: ~666 rows (approximately)
/*!40000 ALTER TABLE `pms_benefitsinfo` DISABLE KEYS */;
INSERT INTO `pms_benefitsinfo` (`id`, `employee_number`, `employee_id`, `employeeinfo_id`, `benefit_id`, `benefit_description`, `benefit_amount`, `benefit_pay_period`, `benefit_pay_sub`, `benefit_effectivity_date`, `days_present`, `hp_rate`, `date_from`, `date_to`, `created_at`, `updated_at`, `updated_by`) VALUES
	(1, NULL, 1, NULL, 4, NULL, 2000.00, NULL, NULL, '2018-08-23', NULL, NULL, NULL, NULL, NULL, NULL, NULL),
	(2, NULL, 2, NULL, 4, NULL, 2000.00, NULL, NULL, '2018-08-23', NULL, NULL, NULL, NULL, NULL, NULL, NULL),
	(3, NULL, 3, NULL, 4, NULL, 2000.00, NULL, NULL, '2018-08-23', NULL, NULL, NULL, NULL, NULL, NULL, NULL),
	(4, NULL, 4, NULL, 4, NULL, 2000.00, NULL, NULL, '2018-08-23', NULL, NULL, NULL, NULL, NULL, NULL, NULL),
	(5, NULL, 5, NULL, 4, NULL, 2000.00, NULL, NULL, '2018-08-23', NULL, NULL, NULL, NULL, NULL, NULL, NULL),
	(6, NULL, 6, NULL, 4, NULL, 2000.00, NULL, NULL, '2018-08-23', NULL, NULL, NULL, NULL, NULL, NULL, NULL),
	(7, NULL, 7, NULL, 4, NULL, 2000.00, NULL, NULL, '2018-08-23', NULL, NULL, NULL, NULL, NULL, NULL, NULL),
	(8, NULL, 8, NULL, 4, NULL, 2000.00, NULL, NULL, '2018-08-23', NULL, NULL, NULL, NULL, NULL, NULL, NULL),
	(9, NULL, 9, NULL, 4, NULL, 2000.00, NULL, NULL, '2018-08-23', NULL, NULL, NULL, NULL, NULL, NULL, NULL),
	(10, NULL, 10, NULL, 4, NULL, 2000.00, NULL, NULL, '2018-08-23', NULL, NULL, NULL, NULL, NULL, NULL, NULL),
	(11, NULL, 11, NULL, 4, NULL, 2000.00, NULL, NULL, '2018-08-23', NULL, NULL, NULL, NULL, NULL, NULL, NULL),
	(12, NULL, 12, NULL, 4, NULL, 2000.00, NULL, NULL, '2018-08-23', NULL, NULL, NULL, NULL, NULL, NULL, NULL),
	(13, NULL, 13, NULL, 4, NULL, 2000.00, NULL, NULL, '2018-08-23', NULL, NULL, NULL, NULL, NULL, NULL, NULL),
	(14, NULL, 14, NULL, 4, NULL, 2000.00, NULL, NULL, '2018-08-23', NULL, NULL, NULL, NULL, NULL, NULL, NULL),
	(15, NULL, 15, NULL, 4, NULL, 2000.00, NULL, NULL, '2018-08-23', NULL, NULL, NULL, NULL, NULL, NULL, NULL),
	(16, NULL, 16, NULL, 4, NULL, 2000.00, NULL, NULL, '2018-08-23', NULL, NULL, NULL, NULL, NULL, NULL, NULL),
	(17, NULL, 17, NULL, 4, NULL, 2000.00, NULL, NULL, '2018-08-23', NULL, NULL, NULL, NULL, NULL, NULL, NULL),
	(18, NULL, 18, NULL, 4, NULL, 2000.00, NULL, NULL, '2018-08-23', NULL, NULL, NULL, NULL, NULL, NULL, NULL),
	(19, NULL, 19, NULL, 4, NULL, 2000.00, NULL, NULL, '2018-08-23', NULL, NULL, NULL, NULL, NULL, NULL, NULL),
	(20, NULL, 20, NULL, 4, NULL, 2000.00, NULL, NULL, '2018-08-23', NULL, NULL, NULL, NULL, NULL, NULL, NULL),
	(21, NULL, 21, NULL, 4, NULL, 2000.00, NULL, NULL, '2018-08-23', NULL, NULL, NULL, NULL, NULL, NULL, NULL),
	(22, NULL, 22, NULL, 4, NULL, 2000.00, NULL, NULL, '2018-08-23', NULL, NULL, NULL, NULL, NULL, NULL, NULL),
	(23, NULL, 23, NULL, 4, NULL, 2000.00, NULL, NULL, '2018-08-23', NULL, NULL, NULL, NULL, NULL, NULL, NULL),
	(24, NULL, 24, NULL, 4, NULL, 2000.00, NULL, NULL, '2018-08-23', NULL, NULL, NULL, NULL, NULL, NULL, NULL),
	(25, NULL, 25, NULL, 4, NULL, 2000.00, NULL, NULL, '2018-08-23', NULL, NULL, NULL, NULL, NULL, NULL, NULL),
	(26, NULL, 26, NULL, 4, NULL, 2000.00, NULL, NULL, '2018-08-23', NULL, NULL, NULL, NULL, NULL, NULL, NULL),
	(27, NULL, 27, NULL, 4, NULL, 2000.00, NULL, NULL, '2018-08-23', NULL, NULL, NULL, NULL, NULL, NULL, NULL),
	(28, NULL, 28, NULL, 4, NULL, 2000.00, NULL, NULL, '2018-08-23', NULL, NULL, NULL, NULL, NULL, NULL, NULL),
	(29, NULL, 29, NULL, 4, NULL, 2000.00, NULL, NULL, '2018-08-23', NULL, NULL, NULL, NULL, NULL, NULL, NULL),
	(30, NULL, 30, NULL, 4, NULL, 2000.00, NULL, NULL, '2018-08-23', NULL, NULL, NULL, NULL, NULL, NULL, NULL),
	(31, NULL, 31, NULL, 4, NULL, 2000.00, NULL, NULL, '2018-08-23', NULL, NULL, NULL, NULL, NULL, NULL, NULL),
	(32, NULL, 32, NULL, 4, NULL, 2000.00, NULL, NULL, '2018-08-23', NULL, NULL, NULL, NULL, NULL, NULL, NULL),
	(33, NULL, 33, NULL, 4, NULL, 2000.00, NULL, NULL, '2018-08-23', NULL, NULL, NULL, NULL, NULL, NULL, NULL),
	(34, NULL, 34, NULL, 4, NULL, 2000.00, NULL, NULL, '2018-08-23', NULL, NULL, NULL, NULL, NULL, NULL, NULL),
	(35, NULL, 35, NULL, 4, NULL, 2000.00, NULL, NULL, '2018-08-23', NULL, NULL, NULL, NULL, NULL, NULL, NULL),
	(36, NULL, 36, NULL, 4, NULL, 2000.00, NULL, NULL, '2018-08-23', NULL, NULL, NULL, NULL, NULL, NULL, NULL),
	(37, NULL, 37, NULL, 4, NULL, 2000.00, NULL, NULL, '2018-08-23', NULL, NULL, NULL, NULL, NULL, NULL, NULL),
	(38, NULL, 38, NULL, 4, NULL, 2000.00, NULL, NULL, '2018-08-23', NULL, NULL, NULL, NULL, NULL, NULL, NULL),
	(39, NULL, 39, NULL, 4, NULL, 2000.00, NULL, NULL, '2018-08-23', NULL, NULL, NULL, NULL, NULL, NULL, NULL),
	(40, NULL, 40, NULL, 4, NULL, 2000.00, NULL, NULL, '2018-08-23', NULL, NULL, NULL, NULL, NULL, NULL, NULL),
	(41, NULL, 41, NULL, 4, NULL, 2000.00, NULL, NULL, '2018-08-23', NULL, NULL, NULL, NULL, NULL, NULL, NULL),
	(42, NULL, 42, NULL, 4, NULL, 2000.00, NULL, NULL, '2018-08-23', NULL, NULL, NULL, NULL, NULL, NULL, NULL),
	(43, NULL, 43, NULL, 4, NULL, 2000.00, NULL, NULL, '2018-08-23', NULL, NULL, NULL, NULL, NULL, NULL, NULL),
	(44, NULL, 44, NULL, 4, NULL, 2000.00, NULL, NULL, '2018-08-23', NULL, NULL, NULL, NULL, NULL, NULL, NULL),
	(45, NULL, 45, NULL, 4, NULL, 2000.00, NULL, NULL, '2018-08-23', NULL, NULL, NULL, NULL, NULL, NULL, NULL),
	(46, NULL, 46, NULL, 4, NULL, 2000.00, NULL, NULL, '2018-08-23', NULL, NULL, NULL, NULL, NULL, NULL, NULL),
	(47, NULL, 47, NULL, 4, NULL, 2000.00, NULL, NULL, '2018-08-23', NULL, NULL, NULL, NULL, NULL, NULL, NULL),
	(48, NULL, 48, NULL, 4, NULL, 2000.00, NULL, NULL, '2018-08-23', NULL, NULL, NULL, NULL, NULL, NULL, NULL),
	(49, NULL, 49, NULL, 4, NULL, 2000.00, NULL, NULL, '2018-08-23', NULL, NULL, NULL, NULL, NULL, NULL, NULL),
	(50, NULL, 50, NULL, 4, NULL, 2000.00, NULL, NULL, '2018-08-23', NULL, NULL, NULL, NULL, NULL, NULL, NULL),
	(51, NULL, 51, NULL, 4, NULL, 2000.00, NULL, NULL, '2018-08-23', NULL, NULL, NULL, NULL, NULL, NULL, NULL),
	(52, NULL, 52, NULL, 4, NULL, 2000.00, NULL, NULL, '2018-08-23', NULL, NULL, NULL, NULL, NULL, NULL, NULL),
	(53, NULL, 53, NULL, 4, NULL, 2000.00, NULL, NULL, '2018-08-23', NULL, NULL, NULL, NULL, NULL, NULL, NULL),
	(54, NULL, 54, NULL, 4, NULL, 2000.00, NULL, NULL, '2018-08-23', NULL, NULL, NULL, NULL, NULL, NULL, NULL),
	(55, NULL, 55, NULL, 4, NULL, 2000.00, NULL, NULL, '2018-08-23', NULL, NULL, NULL, NULL, NULL, NULL, NULL),
	(56, NULL, 56, NULL, 4, NULL, 2000.00, NULL, NULL, '2018-08-23', NULL, NULL, NULL, NULL, NULL, NULL, NULL),
	(57, NULL, 57, NULL, 4, NULL, 2000.00, NULL, NULL, '2018-08-23', NULL, NULL, NULL, NULL, NULL, NULL, NULL),
	(58, NULL, 58, NULL, 4, NULL, 2000.00, NULL, NULL, '2018-08-23', NULL, NULL, NULL, NULL, NULL, NULL, NULL),
	(59, NULL, 59, NULL, 4, NULL, 2000.00, NULL, NULL, '2018-08-23', NULL, NULL, NULL, NULL, NULL, NULL, NULL),
	(60, NULL, 60, NULL, 4, NULL, 2000.00, NULL, NULL, '2018-08-23', NULL, NULL, NULL, NULL, NULL, NULL, NULL),
	(61, NULL, 61, NULL, 4, NULL, 2000.00, NULL, NULL, '2018-08-23', NULL, NULL, NULL, NULL, NULL, NULL, NULL),
	(62, NULL, 62, NULL, 4, NULL, 2000.00, NULL, NULL, '2018-08-23', NULL, NULL, NULL, NULL, NULL, NULL, NULL),
	(63, NULL, 63, NULL, 4, NULL, 2000.00, NULL, NULL, '2018-08-23', NULL, NULL, NULL, NULL, NULL, NULL, NULL),
	(64, NULL, 64, NULL, 4, NULL, 2000.00, NULL, NULL, '2018-08-23', NULL, NULL, NULL, NULL, NULL, NULL, NULL),
	(65, NULL, 65, NULL, 4, NULL, 2000.00, NULL, NULL, '2018-08-23', NULL, NULL, NULL, NULL, NULL, NULL, NULL),
	(66, NULL, 66, NULL, 4, NULL, 2000.00, NULL, NULL, '2018-08-23', NULL, NULL, NULL, NULL, NULL, NULL, NULL),
	(67, NULL, 67, NULL, 4, NULL, 2000.00, NULL, NULL, '2018-08-23', NULL, NULL, NULL, NULL, NULL, NULL, NULL),
	(68, NULL, 68, NULL, 4, NULL, 2000.00, NULL, NULL, '2018-08-23', NULL, NULL, NULL, NULL, NULL, NULL, NULL),
	(69, NULL, 69, NULL, 4, NULL, 2000.00, NULL, NULL, '2018-08-23', NULL, NULL, NULL, NULL, NULL, NULL, NULL),
	(70, NULL, 70, NULL, 4, NULL, 2000.00, NULL, NULL, '2018-08-23', NULL, NULL, NULL, NULL, NULL, NULL, NULL),
	(71, NULL, 71, NULL, 4, NULL, 2000.00, NULL, NULL, '2018-08-23', NULL, NULL, NULL, NULL, NULL, NULL, NULL),
	(72, NULL, 72, NULL, 4, NULL, 2000.00, NULL, NULL, '2018-08-23', NULL, NULL, NULL, NULL, NULL, NULL, NULL),
	(73, NULL, 73, NULL, 4, NULL, 2000.00, NULL, NULL, '2018-08-23', NULL, NULL, NULL, NULL, NULL, NULL, NULL),
	(74, NULL, 74, NULL, 4, NULL, 2000.00, NULL, NULL, '2018-08-23', NULL, NULL, NULL, NULL, NULL, NULL, NULL),
	(75, NULL, 75, NULL, 4, NULL, 2000.00, NULL, NULL, '2018-08-23', NULL, NULL, NULL, NULL, NULL, NULL, NULL),
	(76, NULL, 76, NULL, 4, NULL, 2000.00, NULL, NULL, '2018-08-23', NULL, NULL, NULL, NULL, NULL, NULL, NULL),
	(77, NULL, 77, NULL, 4, NULL, 2000.00, NULL, NULL, '2018-08-23', NULL, NULL, NULL, NULL, NULL, NULL, NULL),
	(78, NULL, 78, NULL, 4, NULL, 2000.00, NULL, NULL, '2018-08-23', NULL, NULL, NULL, NULL, NULL, NULL, NULL),
	(79, NULL, 79, NULL, 4, NULL, 2000.00, NULL, NULL, '2018-08-23', NULL, NULL, NULL, NULL, NULL, NULL, NULL),
	(80, NULL, 80, NULL, 4, NULL, 2000.00, NULL, NULL, '2018-08-23', NULL, NULL, NULL, NULL, NULL, NULL, NULL),
	(81, NULL, 81, NULL, 4, NULL, 2000.00, NULL, NULL, '2018-08-23', NULL, NULL, NULL, NULL, NULL, NULL, NULL),
	(82, NULL, 82, NULL, 4, NULL, 2000.00, NULL, NULL, '2018-08-23', NULL, NULL, NULL, NULL, NULL, NULL, NULL),
	(83, NULL, 83, NULL, 4, NULL, 2000.00, NULL, NULL, '2018-08-23', NULL, NULL, NULL, NULL, NULL, NULL, NULL),
	(84, NULL, 84, NULL, 4, NULL, 2000.00, NULL, NULL, '2018-08-23', NULL, NULL, NULL, NULL, NULL, NULL, NULL),
	(85, NULL, 85, NULL, 4, NULL, 2000.00, NULL, NULL, '2018-08-23', NULL, NULL, NULL, NULL, NULL, NULL, NULL),
	(86, NULL, 86, NULL, 4, NULL, 2000.00, NULL, NULL, '2018-08-23', NULL, NULL, NULL, NULL, NULL, NULL, NULL),
	(87, NULL, 87, NULL, 4, NULL, 2000.00, NULL, NULL, '2018-08-23', NULL, NULL, NULL, NULL, NULL, NULL, NULL),
	(88, NULL, 88, NULL, 4, NULL, 2000.00, NULL, NULL, '2018-08-23', NULL, NULL, NULL, NULL, NULL, NULL, NULL),
	(89, NULL, 89, NULL, 4, NULL, 2000.00, NULL, NULL, '2018-08-23', NULL, NULL, NULL, NULL, NULL, NULL, NULL),
	(90, NULL, 90, NULL, 4, NULL, 2000.00, NULL, NULL, '2018-08-23', NULL, NULL, NULL, NULL, NULL, NULL, NULL),
	(91, NULL, 91, NULL, 4, NULL, 2000.00, NULL, NULL, '2018-08-23', NULL, NULL, NULL, NULL, NULL, NULL, NULL),
	(92, NULL, 92, NULL, 4, NULL, 2000.00, NULL, NULL, '2018-08-23', NULL, NULL, NULL, NULL, NULL, NULL, NULL),
	(93, NULL, 93, NULL, 4, NULL, 2000.00, NULL, NULL, '2018-08-23', NULL, NULL, NULL, NULL, NULL, NULL, NULL),
	(94, NULL, 94, NULL, 4, NULL, 2000.00, NULL, NULL, '2018-08-23', NULL, NULL, NULL, NULL, NULL, NULL, NULL),
	(95, NULL, 95, NULL, 4, NULL, 2000.00, NULL, NULL, '2018-08-23', NULL, NULL, NULL, NULL, NULL, NULL, NULL),
	(96, NULL, 96, NULL, 4, NULL, 2000.00, NULL, NULL, '2018-08-23', NULL, NULL, NULL, NULL, NULL, NULL, NULL),
	(97, NULL, 97, NULL, 4, NULL, 2000.00, NULL, NULL, '2018-08-23', NULL, NULL, NULL, NULL, NULL, NULL, NULL),
	(98, NULL, 98, NULL, 4, NULL, 2000.00, NULL, NULL, '2018-08-23', NULL, NULL, NULL, NULL, NULL, NULL, NULL),
	(99, NULL, 99, NULL, 4, NULL, 2000.00, NULL, NULL, '2018-08-23', NULL, NULL, NULL, NULL, NULL, NULL, NULL),
	(100, NULL, 100, NULL, 4, NULL, 2000.00, NULL, NULL, '2018-08-23', NULL, NULL, NULL, NULL, NULL, NULL, NULL),
	(101, NULL, 101, NULL, 4, NULL, 2000.00, NULL, NULL, '2018-08-23', NULL, NULL, NULL, NULL, NULL, NULL, NULL),
	(102, NULL, 102, NULL, 4, NULL, 2000.00, NULL, NULL, '2018-08-23', NULL, NULL, NULL, NULL, NULL, NULL, NULL),
	(103, NULL, 103, NULL, 4, NULL, 2000.00, NULL, NULL, '2018-08-23', NULL, NULL, NULL, NULL, NULL, NULL, NULL),
	(104, NULL, 104, NULL, 4, NULL, 2000.00, NULL, NULL, '2018-08-23', NULL, NULL, NULL, NULL, NULL, NULL, NULL),
	(105, NULL, 105, NULL, 4, NULL, 2000.00, NULL, NULL, '2018-08-23', NULL, NULL, NULL, NULL, NULL, NULL, NULL),
	(106, NULL, 106, NULL, 4, NULL, 2000.00, NULL, NULL, '2018-08-23', NULL, NULL, NULL, NULL, NULL, NULL, NULL),
	(107, NULL, 107, NULL, 4, NULL, 2000.00, NULL, NULL, '2018-08-23', NULL, NULL, NULL, NULL, NULL, NULL, NULL),
	(108, NULL, 108, NULL, 4, NULL, 2000.00, NULL, NULL, '2018-08-23', NULL, NULL, NULL, NULL, NULL, NULL, NULL),
	(109, NULL, 109, NULL, 4, NULL, 2000.00, NULL, NULL, '2018-08-23', NULL, NULL, NULL, NULL, NULL, NULL, NULL),
	(110, NULL, 110, NULL, 4, NULL, 2000.00, NULL, NULL, '2018-08-23', NULL, NULL, NULL, NULL, NULL, NULL, NULL),
	(111, NULL, 111, NULL, 4, NULL, 2000.00, NULL, NULL, '2018-08-23', NULL, NULL, NULL, NULL, NULL, NULL, NULL),
	(112, NULL, 112, NULL, 4, NULL, 2000.00, NULL, NULL, '2018-08-23', NULL, NULL, NULL, NULL, NULL, NULL, NULL),
	(113, NULL, 113, NULL, 4, NULL, 2000.00, NULL, NULL, '2018-08-23', NULL, NULL, NULL, NULL, NULL, NULL, NULL),
	(114, NULL, 114, NULL, 4, NULL, 2000.00, NULL, NULL, '2018-08-23', NULL, NULL, NULL, NULL, NULL, NULL, NULL),
	(115, NULL, 115, NULL, 4, NULL, 2000.00, NULL, NULL, '2018-08-23', NULL, NULL, NULL, NULL, NULL, NULL, NULL),
	(116, NULL, 116, NULL, 4, NULL, 2000.00, NULL, NULL, '2018-08-23', NULL, NULL, NULL, NULL, NULL, NULL, NULL),
	(117, NULL, 117, NULL, 4, NULL, 2000.00, NULL, NULL, '2018-08-23', NULL, NULL, NULL, NULL, NULL, NULL, NULL),
	(118, NULL, 118, NULL, 4, NULL, 2000.00, NULL, NULL, '2018-08-23', NULL, NULL, NULL, NULL, NULL, NULL, NULL),
	(119, NULL, 119, NULL, 4, NULL, 2000.00, NULL, NULL, '2018-08-23', NULL, NULL, NULL, NULL, NULL, NULL, NULL),
	(120, NULL, 120, NULL, 4, NULL, 2000.00, NULL, NULL, '2018-08-23', NULL, NULL, NULL, NULL, NULL, NULL, NULL),
	(121, NULL, 121, NULL, 4, NULL, 2000.00, NULL, NULL, '2018-08-23', NULL, NULL, NULL, NULL, NULL, NULL, NULL),
	(122, NULL, 122, NULL, 4, NULL, 2000.00, NULL, NULL, '2018-08-23', NULL, NULL, NULL, NULL, NULL, NULL, NULL),
	(123, NULL, 123, NULL, 4, NULL, 2000.00, NULL, NULL, '2018-08-23', NULL, NULL, NULL, NULL, NULL, NULL, NULL),
	(124, NULL, 124, NULL, 4, NULL, 2000.00, NULL, NULL, '2018-08-23', NULL, NULL, NULL, NULL, NULL, NULL, NULL),
	(125, NULL, 125, NULL, 4, NULL, 2000.00, NULL, NULL, '2018-08-23', NULL, NULL, NULL, NULL, NULL, NULL, NULL),
	(126, NULL, 126, NULL, 4, NULL, 2000.00, NULL, NULL, '2018-08-23', NULL, NULL, NULL, NULL, NULL, NULL, NULL),
	(127, NULL, 127, NULL, 4, NULL, 2000.00, NULL, NULL, '2018-08-23', NULL, NULL, NULL, NULL, NULL, NULL, NULL),
	(128, NULL, 128, NULL, 4, NULL, 2000.00, NULL, NULL, '2018-08-23', NULL, NULL, NULL, NULL, NULL, NULL, NULL),
	(129, NULL, 129, NULL, 4, NULL, 2000.00, NULL, NULL, '2018-08-23', NULL, NULL, NULL, NULL, NULL, NULL, NULL),
	(130, NULL, 130, NULL, 4, NULL, 2000.00, NULL, NULL, '2018-08-23', NULL, NULL, NULL, NULL, NULL, NULL, NULL),
	(131, NULL, 131, NULL, 4, NULL, 2000.00, NULL, NULL, '2018-08-23', NULL, NULL, NULL, NULL, NULL, NULL, NULL),
	(132, NULL, 132, NULL, 4, NULL, 2000.00, NULL, NULL, '2018-08-23', NULL, NULL, NULL, NULL, NULL, NULL, NULL),
	(133, NULL, 133, NULL, 4, NULL, 2000.00, NULL, NULL, '2018-08-23', NULL, NULL, NULL, NULL, NULL, NULL, NULL),
	(134, NULL, 134, NULL, 4, NULL, 2000.00, NULL, NULL, '2018-08-23', NULL, NULL, NULL, NULL, NULL, NULL, NULL),
	(135, NULL, 135, NULL, 4, NULL, 2000.00, NULL, NULL, '2018-08-23', NULL, NULL, NULL, NULL, NULL, NULL, NULL),
	(136, NULL, 136, NULL, 4, NULL, 2000.00, NULL, NULL, '2018-08-23', NULL, NULL, NULL, NULL, NULL, NULL, NULL),
	(137, NULL, 137, NULL, 4, NULL, 2000.00, NULL, NULL, '2018-08-23', NULL, NULL, NULL, NULL, NULL, NULL, NULL),
	(138, NULL, 138, NULL, 4, NULL, 2000.00, NULL, NULL, '2018-08-23', NULL, NULL, NULL, NULL, NULL, NULL, NULL),
	(139, NULL, 139, NULL, 4, NULL, 2000.00, NULL, NULL, '2018-08-23', NULL, NULL, NULL, NULL, NULL, NULL, NULL),
	(140, NULL, 140, NULL, 4, NULL, 2000.00, NULL, NULL, '2018-08-23', NULL, NULL, NULL, NULL, NULL, NULL, NULL),
	(141, NULL, 141, NULL, 4, NULL, 2000.00, NULL, NULL, '2018-08-23', NULL, NULL, NULL, NULL, NULL, NULL, NULL),
	(142, NULL, 142, NULL, 4, NULL, 2000.00, NULL, NULL, '2018-08-23', NULL, NULL, NULL, NULL, NULL, NULL, NULL),
	(143, NULL, 143, NULL, 4, NULL, 2000.00, NULL, NULL, '2018-08-23', NULL, NULL, NULL, NULL, NULL, NULL, NULL),
	(144, NULL, 144, NULL, 4, NULL, 2000.00, NULL, NULL, '2018-08-23', NULL, NULL, NULL, NULL, NULL, NULL, NULL),
	(145, NULL, 145, NULL, 4, NULL, 2000.00, NULL, NULL, '2018-08-23', NULL, NULL, NULL, NULL, NULL, NULL, NULL),
	(146, NULL, 146, NULL, 4, NULL, 2000.00, NULL, NULL, '2018-08-23', NULL, NULL, NULL, NULL, NULL, NULL, NULL),
	(147, NULL, 147, NULL, 4, NULL, 2000.00, NULL, NULL, '2018-08-23', NULL, NULL, NULL, NULL, NULL, NULL, NULL),
	(148, NULL, 148, NULL, 4, NULL, 2000.00, NULL, NULL, '2018-08-23', NULL, NULL, NULL, NULL, NULL, NULL, NULL),
	(149, NULL, 149, NULL, 4, NULL, 2000.00, NULL, NULL, '2018-08-23', NULL, NULL, NULL, NULL, NULL, NULL, NULL),
	(150, NULL, 150, NULL, 4, NULL, 2000.00, NULL, NULL, '2018-08-23', NULL, NULL, NULL, NULL, NULL, NULL, NULL),
	(151, NULL, 151, NULL, 4, NULL, 2000.00, NULL, NULL, '2018-08-23', NULL, NULL, NULL, NULL, NULL, NULL, NULL),
	(152, NULL, 152, NULL, 4, NULL, 2000.00, NULL, NULL, '2018-08-23', NULL, NULL, NULL, NULL, NULL, NULL, NULL),
	(153, NULL, 153, NULL, 4, NULL, 2000.00, NULL, NULL, '2018-08-23', NULL, NULL, NULL, NULL, NULL, NULL, NULL),
	(154, NULL, 154, NULL, 4, NULL, 2000.00, NULL, NULL, '2018-08-23', NULL, NULL, NULL, NULL, NULL, NULL, NULL),
	(155, NULL, 155, NULL, 4, NULL, 2000.00, NULL, NULL, '2018-08-23', NULL, NULL, NULL, NULL, NULL, NULL, NULL),
	(156, NULL, 156, NULL, 4, NULL, 2000.00, NULL, NULL, '2018-08-23', NULL, NULL, NULL, NULL, NULL, NULL, NULL),
	(157, NULL, 157, NULL, 4, NULL, 2000.00, NULL, NULL, '2018-08-23', NULL, NULL, NULL, NULL, NULL, NULL, NULL),
	(158, NULL, 158, NULL, 4, NULL, 2000.00, NULL, NULL, '2018-08-23', NULL, NULL, NULL, NULL, NULL, NULL, NULL),
	(159, NULL, 159, NULL, 4, NULL, 2000.00, NULL, NULL, '2018-08-23', NULL, NULL, NULL, NULL, NULL, NULL, NULL),
	(160, NULL, 160, NULL, 4, NULL, 2000.00, NULL, NULL, '2018-08-23', NULL, NULL, NULL, NULL, NULL, NULL, NULL),
	(161, NULL, 161, NULL, 4, NULL, 2000.00, NULL, NULL, '2018-08-23', NULL, NULL, NULL, NULL, NULL, NULL, NULL),
	(162, NULL, 162, NULL, 4, NULL, 2000.00, NULL, NULL, '2018-08-23', NULL, NULL, NULL, NULL, NULL, NULL, NULL),
	(163, NULL, 163, NULL, 4, NULL, 2000.00, NULL, NULL, '2018-08-23', NULL, NULL, NULL, NULL, NULL, NULL, NULL),
	(164, NULL, 164, NULL, 4, NULL, 2000.00, NULL, NULL, '2018-08-23', NULL, NULL, NULL, NULL, NULL, NULL, NULL),
	(165, NULL, 165, NULL, 4, NULL, 2000.00, NULL, NULL, '2018-08-23', NULL, NULL, NULL, NULL, NULL, NULL, NULL),
	(166, NULL, 166, NULL, 4, NULL, 2000.00, NULL, NULL, '2018-08-23', NULL, NULL, NULL, NULL, NULL, NULL, NULL),
	(167, NULL, 167, NULL, 4, NULL, 2000.00, NULL, NULL, '2018-08-23', NULL, NULL, NULL, NULL, NULL, NULL, NULL),
	(168, NULL, 168, NULL, 4, NULL, 2000.00, NULL, NULL, '2018-08-23', NULL, NULL, NULL, NULL, NULL, NULL, NULL),
	(169, NULL, 169, NULL, 4, NULL, 2000.00, NULL, NULL, '2018-08-23', NULL, NULL, NULL, NULL, NULL, NULL, NULL),
	(170, NULL, 170, NULL, 4, NULL, 2000.00, NULL, NULL, '2018-08-23', NULL, NULL, NULL, NULL, NULL, NULL, NULL),
	(171, NULL, 171, NULL, 4, NULL, 2000.00, NULL, NULL, '2018-08-23', NULL, NULL, NULL, NULL, NULL, NULL, NULL),
	(172, NULL, 172, NULL, 4, NULL, 2000.00, NULL, NULL, '2018-08-23', NULL, NULL, NULL, NULL, NULL, NULL, NULL),
	(173, NULL, 173, NULL, 4, NULL, 2000.00, NULL, NULL, '2018-08-23', NULL, NULL, NULL, NULL, NULL, NULL, NULL),
	(174, NULL, 174, NULL, 4, NULL, 2000.00, NULL, NULL, '2018-08-23', NULL, NULL, NULL, NULL, NULL, NULL, NULL),
	(175, NULL, 175, NULL, 4, NULL, 2000.00, NULL, NULL, '2018-08-23', NULL, NULL, NULL, NULL, NULL, NULL, NULL),
	(176, NULL, 176, NULL, 4, NULL, 2000.00, NULL, NULL, '2018-08-23', NULL, NULL, NULL, NULL, NULL, NULL, NULL),
	(177, NULL, 177, NULL, 4, NULL, 2000.00, NULL, NULL, '2018-08-23', NULL, NULL, NULL, NULL, NULL, NULL, NULL),
	(178, NULL, 178, NULL, 4, NULL, 2000.00, NULL, NULL, '2018-08-23', NULL, NULL, NULL, NULL, NULL, NULL, NULL),
	(179, NULL, 179, NULL, 4, NULL, 2000.00, NULL, NULL, '2018-08-23', NULL, NULL, NULL, NULL, NULL, NULL, NULL),
	(180, NULL, 180, NULL, 4, NULL, 2000.00, NULL, NULL, '2018-08-23', NULL, NULL, NULL, NULL, NULL, NULL, NULL),
	(181, NULL, 181, NULL, 4, NULL, 2000.00, NULL, NULL, '2018-08-23', NULL, NULL, NULL, NULL, NULL, NULL, NULL),
	(182, NULL, 182, NULL, 4, NULL, 2000.00, NULL, NULL, '2018-08-23', NULL, NULL, NULL, NULL, NULL, NULL, NULL),
	(183, NULL, 183, NULL, 4, NULL, 2000.00, NULL, NULL, '2018-08-23', NULL, NULL, NULL, NULL, NULL, NULL, NULL),
	(184, NULL, 184, NULL, 4, NULL, 2000.00, NULL, NULL, '2018-08-23', NULL, NULL, NULL, NULL, NULL, NULL, NULL),
	(185, NULL, 185, NULL, 4, NULL, 2000.00, NULL, NULL, '2018-08-23', NULL, NULL, NULL, NULL, NULL, NULL, NULL),
	(186, NULL, 186, NULL, 4, NULL, 2000.00, NULL, NULL, '2018-08-23', NULL, NULL, NULL, NULL, NULL, NULL, NULL),
	(187, NULL, 187, NULL, 4, NULL, 2000.00, NULL, NULL, '2018-08-23', NULL, NULL, NULL, NULL, NULL, NULL, NULL),
	(188, NULL, 188, NULL, 4, NULL, 2000.00, NULL, NULL, '2018-08-23', NULL, NULL, NULL, NULL, NULL, NULL, NULL),
	(189, NULL, 189, NULL, 4, NULL, 2000.00, NULL, NULL, '2018-08-23', NULL, NULL, NULL, NULL, NULL, NULL, NULL),
	(190, NULL, 190, NULL, 4, NULL, 2000.00, NULL, NULL, '2018-08-23', NULL, NULL, NULL, NULL, NULL, NULL, NULL),
	(191, NULL, 191, NULL, 4, NULL, 2000.00, NULL, NULL, '2018-08-23', NULL, NULL, NULL, NULL, NULL, NULL, NULL),
	(192, NULL, 192, NULL, 4, NULL, 2000.00, NULL, NULL, '2018-08-23', NULL, NULL, NULL, NULL, NULL, NULL, NULL),
	(193, NULL, 193, NULL, 4, NULL, 2000.00, NULL, NULL, '2018-08-23', NULL, NULL, NULL, NULL, NULL, NULL, NULL),
	(194, NULL, 194, NULL, 4, NULL, 2000.00, NULL, NULL, '2018-08-23', NULL, NULL, NULL, NULL, NULL, NULL, NULL),
	(195, NULL, 195, NULL, 4, NULL, 2000.00, NULL, NULL, '2018-08-23', NULL, NULL, NULL, NULL, NULL, NULL, NULL),
	(196, NULL, 196, NULL, 4, NULL, 2000.00, NULL, NULL, '2018-08-23', NULL, NULL, NULL, NULL, NULL, NULL, NULL),
	(197, NULL, 197, NULL, 4, NULL, 2000.00, NULL, NULL, '2018-08-23', NULL, NULL, NULL, NULL, NULL, NULL, NULL),
	(198, NULL, 198, NULL, 4, NULL, 2000.00, NULL, NULL, '2018-08-23', NULL, NULL, NULL, NULL, NULL, NULL, NULL),
	(199, NULL, 199, NULL, 4, NULL, 2000.00, NULL, NULL, '2018-08-23', NULL, NULL, NULL, NULL, NULL, NULL, NULL),
	(200, NULL, 200, NULL, 4, NULL, 2000.00, NULL, NULL, '2018-08-23', NULL, NULL, NULL, NULL, NULL, NULL, NULL),
	(201, NULL, 201, NULL, 4, NULL, 2000.00, NULL, NULL, '2018-08-23', NULL, NULL, NULL, NULL, NULL, NULL, NULL),
	(202, NULL, 202, NULL, 4, NULL, 2000.00, NULL, NULL, '2018-08-23', NULL, NULL, NULL, NULL, NULL, NULL, NULL),
	(203, NULL, 203, NULL, 4, NULL, 2000.00, NULL, NULL, '2018-08-23', NULL, NULL, NULL, NULL, NULL, NULL, NULL),
	(204, NULL, 204, NULL, 4, NULL, 2000.00, NULL, NULL, '2018-08-23', NULL, NULL, NULL, NULL, NULL, NULL, NULL),
	(205, NULL, 205, NULL, 4, NULL, 2000.00, NULL, NULL, '2018-08-23', NULL, NULL, NULL, NULL, NULL, NULL, NULL),
	(206, NULL, 206, NULL, 4, NULL, 2000.00, NULL, NULL, '2018-08-23', NULL, NULL, NULL, NULL, NULL, NULL, NULL),
	(207, NULL, 207, NULL, 4, NULL, 2000.00, NULL, NULL, '2018-08-23', NULL, NULL, NULL, NULL, NULL, NULL, NULL),
	(208, NULL, 208, NULL, 4, NULL, 2000.00, NULL, NULL, '2018-08-23', NULL, NULL, NULL, NULL, NULL, NULL, NULL),
	(209, NULL, 209, NULL, 4, NULL, 2000.00, NULL, NULL, '2018-08-23', NULL, NULL, NULL, NULL, NULL, NULL, NULL),
	(210, NULL, 210, NULL, 4, NULL, 2000.00, NULL, NULL, '2018-08-23', NULL, NULL, NULL, NULL, NULL, NULL, NULL),
	(211, NULL, 211, NULL, 4, NULL, 2000.00, NULL, NULL, '2018-08-23', NULL, NULL, NULL, NULL, NULL, NULL, NULL),
	(212, NULL, 212, NULL, 4, NULL, 2000.00, NULL, NULL, '2018-08-23', NULL, NULL, NULL, NULL, NULL, NULL, NULL),
	(213, NULL, 213, NULL, 4, NULL, 2000.00, NULL, NULL, '2018-08-23', NULL, NULL, NULL, NULL, NULL, NULL, NULL),
	(214, NULL, 214, NULL, 4, NULL, 2000.00, NULL, NULL, '2018-08-23', NULL, NULL, NULL, NULL, NULL, NULL, NULL),
	(215, NULL, 215, NULL, 4, NULL, 2000.00, NULL, NULL, '2018-08-23', NULL, NULL, NULL, NULL, NULL, NULL, NULL),
	(216, NULL, 1, NULL, 5, NULL, 5000.00, NULL, NULL, '2018-08-23', NULL, NULL, NULL, NULL, NULL, NULL, NULL),
	(217, NULL, 75, NULL, 5, NULL, 9000.00, NULL, NULL, '2018-08-23', NULL, NULL, NULL, NULL, NULL, NULL, NULL),
	(218, NULL, 93, NULL, 5, NULL, 8500.00, NULL, NULL, '2018-08-23', NULL, NULL, NULL, NULL, NULL, NULL, NULL),
	(219, NULL, 125, NULL, 5, NULL, 5000.00, NULL, NULL, '2018-08-23', NULL, NULL, NULL, NULL, NULL, NULL, NULL),
	(220, NULL, 149, NULL, 5, NULL, 5000.00, NULL, NULL, '2018-08-23', NULL, NULL, NULL, NULL, NULL, NULL, NULL),
	(221, NULL, 162, NULL, 5, NULL, 5000.00, NULL, NULL, '2018-08-23', NULL, NULL, NULL, NULL, NULL, NULL, NULL),
	(222, NULL, 170, NULL, 5, NULL, 5000.00, NULL, NULL, '2018-08-23', NULL, NULL, NULL, NULL, NULL, NULL, NULL),
	(223, NULL, 174, NULL, 5, NULL, 8500.00, NULL, NULL, '2018-08-23', NULL, NULL, NULL, NULL, NULL, NULL, NULL),
	(224, NULL, 203, NULL, 5, NULL, 5000.00, NULL, NULL, '2018-08-23', NULL, NULL, NULL, NULL, NULL, NULL, NULL),
	(225, NULL, 1, 1, 6, NULL, 5000.00, NULL, NULL, '2018-08-23', NULL, NULL, NULL, NULL, NULL, '2018-08-24 11:00:47', NULL),
	(226, NULL, 75, NULL, 6, NULL, 9000.00, NULL, NULL, '2018-08-23', NULL, NULL, NULL, NULL, NULL, NULL, NULL),
	(227, NULL, 93, NULL, 6, NULL, 7340.91, NULL, NULL, '2018-08-23', NULL, NULL, NULL, NULL, NULL, NULL, NULL),
	(228, NULL, 125, NULL, 6, NULL, 4318.19, NULL, NULL, '2018-08-23', NULL, NULL, NULL, NULL, NULL, NULL, NULL),
	(229, NULL, 149, NULL, 6, NULL, 4772.73, NULL, NULL, '2018-08-23', NULL, NULL, NULL, NULL, NULL, NULL, NULL),
	(230, NULL, 162, NULL, 6, NULL, 5000.00, NULL, NULL, '2018-08-23', NULL, NULL, NULL, NULL, NULL, NULL, NULL),
	(231, NULL, 170, NULL, 6, NULL, 5000.00, NULL, NULL, '2018-08-23', NULL, NULL, NULL, NULL, NULL, NULL, NULL),
	(232, NULL, 174, NULL, 6, NULL, 8500.00, NULL, NULL, '2018-08-23', NULL, NULL, NULL, NULL, NULL, NULL, NULL),
	(233, NULL, 203, NULL, 6, NULL, 5000.00, NULL, NULL, '2018-08-23', NULL, NULL, NULL, NULL, NULL, NULL, NULL),
	(234, NULL, 1, 1, 19, NULL, 3650.00, NULL, NULL, '2018-09-05', 21, NULL, NULL, NULL, NULL, '2018-09-06 15:56:50', NULL),
	(235, NULL, 2, NULL, 19, NULL, 3650.00, NULL, NULL, NULL, NULL, NULL, NULL, NULL, NULL, NULL, NULL),
	(236, NULL, 3, NULL, 19, NULL, 3650.00, NULL, NULL, NULL, NULL, NULL, NULL, NULL, NULL, NULL, NULL),
	(237, NULL, 4, NULL, 19, NULL, 3650.00, NULL, NULL, NULL, NULL, NULL, NULL, NULL, NULL, NULL, NULL),
	(238, NULL, 5, NULL, 19, NULL, 3650.00, NULL, NULL, NULL, NULL, NULL, NULL, NULL, NULL, NULL, NULL),
	(239, NULL, 6, NULL, 19, NULL, 3650.00, NULL, NULL, NULL, NULL, NULL, NULL, NULL, NULL, NULL, NULL),
	(240, NULL, 7, NULL, 19, NULL, 3650.00, NULL, NULL, NULL, NULL, NULL, NULL, NULL, NULL, NULL, NULL),
	(241, NULL, 8, NULL, 19, NULL, 3650.00, NULL, NULL, NULL, NULL, NULL, NULL, NULL, NULL, NULL, NULL),
	(242, NULL, 9, NULL, 19, NULL, 3650.00, NULL, NULL, NULL, NULL, NULL, NULL, NULL, NULL, NULL, NULL),
	(243, NULL, 10, NULL, 19, NULL, 3650.00, NULL, NULL, NULL, NULL, NULL, NULL, NULL, NULL, NULL, NULL),
	(244, NULL, 11, NULL, 19, NULL, 3650.00, NULL, NULL, NULL, NULL, NULL, NULL, NULL, NULL, NULL, NULL),
	(245, NULL, 12, NULL, 19, NULL, 3650.00, NULL, NULL, NULL, NULL, NULL, NULL, NULL, NULL, NULL, NULL),
	(246, NULL, 13, NULL, 19, NULL, 3650.00, NULL, NULL, NULL, NULL, NULL, NULL, NULL, NULL, NULL, NULL),
	(247, NULL, 14, NULL, 19, NULL, 3650.00, NULL, NULL, NULL, NULL, NULL, NULL, NULL, NULL, NULL, NULL),
	(248, NULL, 15, NULL, 19, NULL, 3650.00, NULL, NULL, NULL, NULL, NULL, NULL, NULL, NULL, NULL, NULL),
	(249, NULL, 16, NULL, 19, NULL, 3650.00, NULL, NULL, NULL, NULL, NULL, NULL, NULL, NULL, NULL, NULL),
	(250, NULL, 17, NULL, 19, NULL, 3650.00, NULL, NULL, NULL, NULL, NULL, NULL, NULL, NULL, NULL, NULL),
	(251, NULL, 18, NULL, 19, NULL, 3650.00, NULL, NULL, NULL, NULL, NULL, NULL, NULL, NULL, NULL, NULL),
	(252, NULL, 19, NULL, 19, NULL, 3650.00, NULL, NULL, NULL, NULL, NULL, NULL, NULL, NULL, NULL, NULL),
	(253, NULL, 20, NULL, 19, NULL, 3650.00, NULL, NULL, NULL, NULL, NULL, NULL, NULL, NULL, NULL, NULL),
	(254, NULL, 21, NULL, 19, NULL, 3650.00, NULL, NULL, NULL, NULL, NULL, NULL, NULL, NULL, NULL, NULL),
	(255, NULL, 22, NULL, 19, NULL, 3650.00, NULL, NULL, NULL, NULL, NULL, NULL, NULL, NULL, NULL, NULL),
	(256, NULL, 23, NULL, 19, NULL, 3650.00, NULL, NULL, NULL, NULL, NULL, NULL, NULL, NULL, NULL, NULL),
	(257, NULL, 24, NULL, 19, NULL, 3650.00, NULL, NULL, NULL, NULL, NULL, NULL, NULL, NULL, NULL, NULL),
	(258, NULL, 25, NULL, 19, NULL, 3650.00, NULL, NULL, NULL, NULL, NULL, NULL, NULL, NULL, NULL, NULL),
	(259, NULL, 26, NULL, 19, NULL, 3650.00, NULL, NULL, NULL, NULL, NULL, NULL, NULL, NULL, NULL, NULL),
	(260, NULL, 27, NULL, 19, NULL, 3650.00, NULL, NULL, NULL, NULL, NULL, NULL, NULL, NULL, NULL, NULL),
	(261, NULL, 28, NULL, 19, NULL, 3650.00, NULL, NULL, NULL, NULL, NULL, NULL, NULL, NULL, NULL, NULL),
	(262, NULL, 29, NULL, 19, NULL, 3650.00, NULL, NULL, NULL, NULL, NULL, NULL, NULL, NULL, NULL, NULL),
	(263, NULL, 30, NULL, 19, NULL, 3650.00, NULL, NULL, NULL, NULL, NULL, NULL, NULL, NULL, NULL, NULL),
	(264, NULL, 31, NULL, 19, NULL, 3650.00, NULL, NULL, NULL, NULL, NULL, NULL, NULL, NULL, NULL, NULL),
	(265, NULL, 32, NULL, 19, NULL, 3650.00, NULL, NULL, NULL, NULL, NULL, NULL, NULL, NULL, NULL, NULL),
	(266, NULL, 33, NULL, 19, NULL, 3650.00, NULL, NULL, NULL, NULL, NULL, NULL, NULL, NULL, NULL, NULL),
	(267, NULL, 34, NULL, 19, NULL, 3650.00, NULL, NULL, NULL, NULL, NULL, NULL, NULL, NULL, NULL, NULL),
	(268, NULL, 35, NULL, 19, NULL, 3650.00, NULL, NULL, NULL, NULL, NULL, NULL, NULL, NULL, NULL, NULL),
	(269, NULL, 36, NULL, 19, NULL, 3650.00, NULL, NULL, NULL, NULL, NULL, NULL, NULL, NULL, NULL, NULL),
	(270, NULL, 37, NULL, 19, NULL, 3650.00, NULL, NULL, NULL, NULL, NULL, NULL, NULL, NULL, NULL, NULL),
	(271, NULL, 38, NULL, 19, NULL, 3650.00, NULL, NULL, NULL, NULL, NULL, NULL, NULL, NULL, NULL, NULL),
	(272, NULL, 39, NULL, 19, NULL, 3650.00, NULL, NULL, NULL, NULL, NULL, NULL, NULL, NULL, NULL, NULL),
	(273, NULL, 40, NULL, 19, NULL, 3650.00, NULL, NULL, NULL, NULL, NULL, NULL, NULL, NULL, NULL, NULL),
	(274, NULL, 41, NULL, 19, NULL, 3650.00, NULL, NULL, NULL, NULL, NULL, NULL, NULL, NULL, NULL, NULL),
	(275, NULL, 42, NULL, 19, NULL, 3650.00, NULL, NULL, NULL, NULL, NULL, NULL, NULL, NULL, NULL, NULL),
	(276, NULL, 43, NULL, 19, NULL, 3650.00, NULL, NULL, NULL, NULL, NULL, NULL, NULL, NULL, NULL, NULL),
	(277, NULL, 44, NULL, 19, NULL, 3650.00, NULL, NULL, NULL, NULL, NULL, NULL, NULL, NULL, NULL, NULL),
	(278, NULL, 45, NULL, 19, NULL, 3650.00, NULL, NULL, NULL, NULL, NULL, NULL, NULL, NULL, NULL, NULL),
	(279, NULL, 46, NULL, 19, NULL, 3650.00, NULL, NULL, NULL, NULL, NULL, NULL, NULL, NULL, NULL, NULL),
	(280, NULL, 47, NULL, 19, NULL, 3650.00, NULL, NULL, NULL, NULL, NULL, NULL, NULL, NULL, NULL, NULL),
	(281, NULL, 48, NULL, 19, NULL, 3650.00, NULL, NULL, NULL, NULL, NULL, NULL, NULL, NULL, NULL, NULL),
	(282, NULL, 49, NULL, 19, NULL, 3650.00, NULL, NULL, NULL, NULL, NULL, NULL, NULL, NULL, NULL, NULL),
	(283, NULL, 50, NULL, 19, NULL, 3650.00, NULL, NULL, NULL, NULL, NULL, NULL, NULL, NULL, NULL, NULL),
	(284, NULL, 51, NULL, 19, NULL, 3650.00, NULL, NULL, NULL, NULL, NULL, NULL, NULL, NULL, NULL, NULL),
	(285, NULL, 52, NULL, 19, NULL, 3650.00, NULL, NULL, NULL, NULL, NULL, NULL, NULL, NULL, NULL, NULL),
	(286, NULL, 53, NULL, 19, NULL, 3650.00, NULL, NULL, NULL, NULL, NULL, NULL, NULL, NULL, NULL, NULL),
	(287, NULL, 54, NULL, 19, NULL, 3650.00, NULL, NULL, NULL, NULL, NULL, NULL, NULL, NULL, NULL, NULL),
	(288, NULL, 55, NULL, 19, NULL, 3650.00, NULL, NULL, NULL, NULL, NULL, NULL, NULL, NULL, NULL, NULL),
	(289, NULL, 56, NULL, 19, NULL, 3650.00, NULL, NULL, NULL, NULL, NULL, NULL, NULL, NULL, NULL, NULL),
	(290, NULL, 57, NULL, 19, NULL, 3650.00, NULL, NULL, NULL, NULL, NULL, NULL, NULL, NULL, NULL, NULL),
	(291, NULL, 58, NULL, 19, NULL, 3650.00, NULL, NULL, NULL, NULL, NULL, NULL, NULL, NULL, NULL, NULL),
	(292, NULL, 59, NULL, 19, NULL, 3650.00, NULL, NULL, NULL, NULL, NULL, NULL, NULL, NULL, NULL, NULL),
	(293, NULL, 60, NULL, 19, NULL, 3650.00, NULL, NULL, NULL, NULL, NULL, NULL, NULL, NULL, NULL, NULL),
	(294, NULL, 61, NULL, 19, NULL, 3650.00, NULL, NULL, NULL, NULL, NULL, NULL, NULL, NULL, NULL, NULL),
	(295, NULL, 62, NULL, 19, NULL, 3650.00, NULL, NULL, NULL, NULL, NULL, NULL, NULL, NULL, NULL, NULL),
	(296, NULL, 63, NULL, 19, NULL, 3650.00, NULL, NULL, NULL, NULL, NULL, NULL, NULL, NULL, NULL, NULL),
	(297, NULL, 64, NULL, 19, NULL, 3650.00, NULL, NULL, NULL, NULL, NULL, NULL, NULL, NULL, NULL, NULL),
	(298, NULL, 65, NULL, 19, NULL, 3650.00, NULL, NULL, NULL, NULL, NULL, NULL, NULL, NULL, NULL, NULL),
	(299, NULL, 66, NULL, 19, NULL, 3650.00, NULL, NULL, NULL, NULL, NULL, NULL, NULL, NULL, NULL, NULL),
	(300, NULL, 67, NULL, 19, NULL, 3650.00, NULL, NULL, NULL, NULL, NULL, NULL, NULL, NULL, NULL, NULL),
	(301, NULL, 68, NULL, 19, NULL, 3650.00, NULL, NULL, NULL, NULL, NULL, NULL, NULL, NULL, NULL, NULL),
	(302, NULL, 69, NULL, 19, NULL, 3650.00, NULL, NULL, NULL, NULL, NULL, NULL, NULL, NULL, NULL, NULL),
	(303, NULL, 70, NULL, 19, NULL, 3650.00, NULL, NULL, NULL, NULL, NULL, NULL, NULL, NULL, NULL, NULL),
	(304, NULL, 71, NULL, 19, NULL, 3650.00, NULL, NULL, NULL, NULL, NULL, NULL, NULL, NULL, NULL, NULL),
	(305, NULL, 72, NULL, 19, NULL, 3650.00, NULL, NULL, NULL, NULL, NULL, NULL, NULL, NULL, NULL, NULL),
	(306, NULL, 73, NULL, 19, NULL, 3650.00, NULL, NULL, NULL, NULL, NULL, NULL, NULL, NULL, NULL, NULL),
	(307, NULL, 74, NULL, 19, NULL, 3650.00, NULL, NULL, NULL, NULL, NULL, NULL, NULL, NULL, NULL, NULL),
	(308, NULL, 75, NULL, 19, NULL, 3650.00, NULL, NULL, NULL, NULL, NULL, NULL, NULL, NULL, NULL, NULL),
	(309, NULL, 76, NULL, 19, NULL, 3650.00, NULL, NULL, NULL, NULL, NULL, NULL, NULL, NULL, NULL, NULL),
	(310, NULL, 77, NULL, 19, NULL, 3650.00, NULL, NULL, NULL, NULL, NULL, NULL, NULL, NULL, NULL, NULL),
	(311, NULL, 78, NULL, 19, NULL, 3650.00, NULL, NULL, NULL, NULL, NULL, NULL, NULL, NULL, NULL, NULL),
	(312, NULL, 79, NULL, 19, NULL, 3650.00, NULL, NULL, NULL, NULL, NULL, NULL, NULL, NULL, NULL, NULL),
	(313, NULL, 80, NULL, 19, NULL, 3650.00, NULL, NULL, NULL, NULL, NULL, NULL, NULL, NULL, NULL, NULL),
	(314, NULL, 81, NULL, 19, NULL, 3650.00, NULL, NULL, NULL, NULL, NULL, NULL, NULL, NULL, NULL, NULL),
	(315, NULL, 82, NULL, 19, NULL, 3650.00, NULL, NULL, NULL, NULL, NULL, NULL, NULL, NULL, NULL, NULL),
	(316, NULL, 83, NULL, 19, NULL, 3650.00, NULL, NULL, NULL, NULL, NULL, NULL, NULL, NULL, NULL, NULL),
	(317, NULL, 84, NULL, 19, NULL, 3650.00, NULL, NULL, NULL, NULL, NULL, NULL, NULL, NULL, NULL, NULL),
	(318, NULL, 85, NULL, 19, NULL, 3650.00, NULL, NULL, NULL, NULL, NULL, NULL, NULL, NULL, NULL, NULL),
	(319, NULL, 86, NULL, 19, NULL, 3650.00, NULL, NULL, NULL, NULL, NULL, NULL, NULL, NULL, NULL, NULL),
	(320, NULL, 87, NULL, 19, NULL, 3650.00, NULL, NULL, NULL, NULL, NULL, NULL, NULL, NULL, NULL, NULL),
	(321, NULL, 88, NULL, 19, NULL, 3650.00, NULL, NULL, NULL, NULL, NULL, NULL, NULL, NULL, NULL, NULL),
	(322, NULL, 89, NULL, 19, NULL, 3650.00, NULL, NULL, NULL, NULL, NULL, NULL, NULL, NULL, NULL, NULL),
	(323, NULL, 90, NULL, 19, NULL, 3650.00, NULL, NULL, NULL, NULL, NULL, NULL, NULL, NULL, NULL, NULL),
	(324, NULL, 91, NULL, 19, NULL, 3650.00, NULL, NULL, NULL, NULL, NULL, NULL, NULL, NULL, NULL, NULL),
	(325, NULL, 92, NULL, 19, NULL, 3650.00, NULL, NULL, NULL, NULL, NULL, NULL, NULL, NULL, NULL, NULL),
	(326, NULL, 93, NULL, 19, NULL, 3650.00, NULL, NULL, NULL, NULL, NULL, NULL, NULL, NULL, NULL, NULL),
	(327, NULL, 94, NULL, 19, NULL, 3650.00, NULL, NULL, NULL, NULL, NULL, NULL, NULL, NULL, NULL, NULL),
	(328, NULL, 95, NULL, 19, NULL, 3650.00, NULL, NULL, NULL, NULL, NULL, NULL, NULL, NULL, NULL, NULL),
	(329, NULL, 96, NULL, 19, NULL, 3650.00, NULL, NULL, NULL, NULL, NULL, NULL, NULL, NULL, NULL, NULL),
	(330, NULL, 97, NULL, 19, NULL, 3650.00, NULL, NULL, NULL, NULL, NULL, NULL, NULL, NULL, NULL, NULL),
	(331, NULL, 98, NULL, 19, NULL, 3650.00, NULL, NULL, NULL, NULL, NULL, NULL, NULL, NULL, NULL, NULL),
	(332, NULL, 99, NULL, 19, NULL, 3650.00, NULL, NULL, NULL, NULL, NULL, NULL, NULL, NULL, NULL, NULL),
	(333, NULL, 100, NULL, 19, NULL, 3650.00, NULL, NULL, NULL, NULL, NULL, NULL, NULL, NULL, NULL, NULL),
	(334, NULL, 101, NULL, 19, NULL, 3650.00, NULL, NULL, NULL, NULL, NULL, NULL, NULL, NULL, NULL, NULL),
	(335, NULL, 102, NULL, 19, NULL, 3650.00, NULL, NULL, NULL, NULL, NULL, NULL, NULL, NULL, NULL, NULL),
	(336, NULL, 103, NULL, 19, NULL, 3650.00, NULL, NULL, NULL, NULL, NULL, NULL, NULL, NULL, NULL, NULL),
	(337, NULL, 104, NULL, 19, NULL, 3650.00, NULL, NULL, NULL, NULL, NULL, NULL, NULL, NULL, NULL, NULL),
	(338, NULL, 105, NULL, 19, NULL, 3650.00, NULL, NULL, NULL, NULL, NULL, NULL, NULL, NULL, NULL, NULL),
	(339, NULL, 106, NULL, 19, NULL, 3650.00, NULL, NULL, NULL, NULL, NULL, NULL, NULL, NULL, NULL, NULL),
	(340, NULL, 107, NULL, 19, NULL, 3650.00, NULL, NULL, NULL, NULL, NULL, NULL, NULL, NULL, NULL, NULL),
	(341, NULL, 108, NULL, 19, NULL, 3650.00, NULL, NULL, NULL, NULL, NULL, NULL, NULL, NULL, NULL, NULL),
	(342, NULL, 109, NULL, 19, NULL, 3650.00, NULL, NULL, NULL, NULL, NULL, NULL, NULL, NULL, NULL, NULL),
	(343, NULL, 110, NULL, 19, NULL, 3650.00, NULL, NULL, NULL, NULL, NULL, NULL, NULL, NULL, NULL, NULL),
	(344, NULL, 111, NULL, 19, NULL, 3650.00, NULL, NULL, NULL, NULL, NULL, NULL, NULL, NULL, NULL, NULL),
	(345, NULL, 112, NULL, 19, NULL, 3650.00, NULL, NULL, NULL, NULL, NULL, NULL, NULL, NULL, NULL, NULL),
	(346, NULL, 113, NULL, 19, NULL, 3650.00, NULL, NULL, NULL, NULL, NULL, NULL, NULL, NULL, NULL, NULL),
	(347, NULL, 114, NULL, 19, NULL, 3650.00, NULL, NULL, NULL, NULL, NULL, NULL, NULL, NULL, NULL, NULL),
	(348, NULL, 115, NULL, 19, NULL, 3650.00, NULL, NULL, NULL, NULL, NULL, NULL, NULL, NULL, NULL, NULL),
	(349, NULL, 116, NULL, 19, NULL, 3650.00, NULL, NULL, NULL, NULL, NULL, NULL, NULL, NULL, NULL, NULL),
	(350, NULL, 117, NULL, 19, NULL, 3650.00, NULL, NULL, NULL, NULL, NULL, NULL, NULL, NULL, NULL, NULL),
	(351, NULL, 118, NULL, 19, NULL, 3650.00, NULL, NULL, NULL, NULL, NULL, NULL, NULL, NULL, NULL, NULL),
	(352, NULL, 119, NULL, 19, NULL, 3650.00, NULL, NULL, NULL, NULL, NULL, NULL, NULL, NULL, NULL, NULL),
	(353, NULL, 120, NULL, 19, NULL, 3650.00, NULL, NULL, NULL, NULL, NULL, NULL, NULL, NULL, NULL, NULL),
	(354, NULL, 121, NULL, 19, NULL, 3650.00, NULL, NULL, NULL, NULL, NULL, NULL, NULL, NULL, NULL, NULL),
	(355, NULL, 122, NULL, 19, NULL, 3650.00, NULL, NULL, NULL, NULL, NULL, NULL, NULL, NULL, NULL, NULL),
	(356, NULL, 123, NULL, 19, NULL, 3650.00, NULL, NULL, NULL, NULL, NULL, NULL, NULL, NULL, NULL, NULL),
	(357, NULL, 124, NULL, 19, NULL, 3650.00, NULL, NULL, NULL, NULL, NULL, NULL, NULL, NULL, NULL, NULL),
	(358, NULL, 125, NULL, 19, NULL, 3650.00, NULL, NULL, NULL, NULL, NULL, NULL, NULL, NULL, NULL, NULL),
	(359, NULL, 126, NULL, 19, NULL, 3650.00, NULL, NULL, NULL, NULL, NULL, NULL, NULL, NULL, NULL, NULL),
	(360, NULL, 127, NULL, 19, NULL, 3650.00, NULL, NULL, NULL, NULL, NULL, NULL, NULL, NULL, NULL, NULL),
	(361, NULL, 128, NULL, 19, NULL, 3650.00, NULL, NULL, NULL, NULL, NULL, NULL, NULL, NULL, NULL, NULL),
	(362, NULL, 129, NULL, 19, NULL, 3650.00, NULL, NULL, NULL, NULL, NULL, NULL, NULL, NULL, NULL, NULL),
	(363, NULL, 130, NULL, 19, NULL, 3650.00, NULL, NULL, NULL, NULL, NULL, NULL, NULL, NULL, NULL, NULL),
	(364, NULL, 131, NULL, 19, NULL, 3650.00, NULL, NULL, NULL, NULL, NULL, NULL, NULL, NULL, NULL, NULL),
	(365, NULL, 132, NULL, 19, NULL, 3650.00, NULL, NULL, NULL, NULL, NULL, NULL, NULL, NULL, NULL, NULL),
	(366, NULL, 133, NULL, 19, NULL, 3650.00, NULL, NULL, NULL, NULL, NULL, NULL, NULL, NULL, NULL, NULL),
	(367, NULL, 134, NULL, 19, NULL, 3650.00, NULL, NULL, NULL, NULL, NULL, NULL, NULL, NULL, NULL, NULL),
	(368, NULL, 135, NULL, 19, NULL, 3650.00, NULL, NULL, NULL, NULL, NULL, NULL, NULL, NULL, NULL, NULL),
	(369, NULL, 136, NULL, 19, NULL, 3650.00, NULL, NULL, NULL, NULL, NULL, NULL, NULL, NULL, NULL, NULL),
	(370, NULL, 137, NULL, 19, NULL, 3650.00, NULL, NULL, NULL, NULL, NULL, NULL, NULL, NULL, NULL, NULL),
	(371, NULL, 138, NULL, 19, NULL, 3650.00, NULL, NULL, NULL, NULL, NULL, NULL, NULL, NULL, NULL, NULL),
	(372, NULL, 139, NULL, 19, NULL, 3650.00, NULL, NULL, NULL, NULL, NULL, NULL, NULL, NULL, NULL, NULL),
	(373, NULL, 140, NULL, 19, NULL, 3650.00, NULL, NULL, NULL, NULL, NULL, NULL, NULL, NULL, NULL, NULL),
	(374, NULL, 141, NULL, 19, NULL, 3650.00, NULL, NULL, NULL, NULL, NULL, NULL, NULL, NULL, NULL, NULL),
	(375, NULL, 142, NULL, 19, NULL, 3650.00, NULL, NULL, NULL, NULL, NULL, NULL, NULL, NULL, NULL, NULL),
	(376, NULL, 143, NULL, 19, NULL, 3650.00, NULL, NULL, NULL, NULL, NULL, NULL, NULL, NULL, NULL, NULL),
	(377, NULL, 144, NULL, 19, NULL, 3650.00, NULL, NULL, NULL, NULL, NULL, NULL, NULL, NULL, NULL, NULL),
	(378, NULL, 145, NULL, 19, NULL, 3650.00, NULL, NULL, NULL, NULL, NULL, NULL, NULL, NULL, NULL, NULL),
	(379, NULL, 146, NULL, 19, NULL, 3650.00, NULL, NULL, NULL, NULL, NULL, NULL, NULL, NULL, NULL, NULL),
	(380, NULL, 147, NULL, 19, NULL, 3650.00, NULL, NULL, NULL, NULL, NULL, NULL, NULL, NULL, NULL, NULL),
	(381, NULL, 148, NULL, 19, NULL, 3650.00, NULL, NULL, NULL, NULL, NULL, NULL, NULL, NULL, NULL, NULL),
	(382, NULL, 149, NULL, 19, NULL, 3650.00, NULL, NULL, NULL, NULL, NULL, NULL, NULL, NULL, NULL, NULL),
	(383, NULL, 150, NULL, 19, NULL, 3650.00, NULL, NULL, NULL, NULL, NULL, NULL, NULL, NULL, NULL, NULL),
	(384, NULL, 151, NULL, 19, NULL, 3650.00, NULL, NULL, NULL, NULL, NULL, NULL, NULL, NULL, NULL, NULL),
	(385, NULL, 152, NULL, 19, NULL, 3650.00, NULL, NULL, NULL, NULL, NULL, NULL, NULL, NULL, NULL, NULL),
	(386, NULL, 153, NULL, 19, NULL, 3650.00, NULL, NULL, NULL, NULL, NULL, NULL, NULL, NULL, NULL, NULL),
	(387, NULL, 154, NULL, 19, NULL, 3650.00, NULL, NULL, NULL, NULL, NULL, NULL, NULL, NULL, NULL, NULL),
	(388, NULL, 155, NULL, 19, NULL, 3650.00, NULL, NULL, NULL, NULL, NULL, NULL, NULL, NULL, NULL, NULL),
	(389, NULL, 156, NULL, 19, NULL, 3650.00, NULL, NULL, NULL, NULL, NULL, NULL, NULL, NULL, NULL, NULL),
	(390, NULL, 157, NULL, 19, NULL, 3650.00, NULL, NULL, NULL, NULL, NULL, NULL, NULL, NULL, NULL, NULL),
	(391, NULL, 158, NULL, 19, NULL, 3650.00, NULL, NULL, NULL, NULL, NULL, NULL, NULL, NULL, NULL, NULL),
	(392, NULL, 159, NULL, 19, NULL, 3650.00, NULL, NULL, NULL, NULL, NULL, NULL, NULL, NULL, NULL, NULL),
	(393, NULL, 160, NULL, 19, NULL, 3650.00, NULL, NULL, NULL, NULL, NULL, NULL, NULL, NULL, NULL, NULL),
	(394, NULL, 161, NULL, 19, NULL, 3650.00, NULL, NULL, NULL, NULL, NULL, NULL, NULL, NULL, NULL, NULL),
	(395, NULL, 162, NULL, 19, NULL, 3650.00, NULL, NULL, NULL, NULL, NULL, NULL, NULL, NULL, NULL, NULL),
	(396, NULL, 163, NULL, 19, NULL, 3650.00, NULL, NULL, NULL, NULL, NULL, NULL, NULL, NULL, NULL, NULL),
	(397, NULL, 164, NULL, 19, NULL, 3650.00, NULL, NULL, NULL, NULL, NULL, NULL, NULL, NULL, NULL, NULL),
	(398, NULL, 165, NULL, 19, NULL, 3650.00, NULL, NULL, NULL, NULL, NULL, NULL, NULL, NULL, NULL, NULL),
	(399, NULL, 166, NULL, 19, NULL, 3650.00, NULL, NULL, NULL, NULL, NULL, NULL, NULL, NULL, NULL, NULL),
	(400, NULL, 167, NULL, 19, NULL, 3650.00, NULL, NULL, NULL, NULL, NULL, NULL, NULL, NULL, NULL, NULL),
	(401, NULL, 168, NULL, 19, NULL, 3650.00, NULL, NULL, NULL, NULL, NULL, NULL, NULL, NULL, NULL, NULL),
	(402, NULL, 169, NULL, 19, NULL, 3650.00, NULL, NULL, NULL, NULL, NULL, NULL, NULL, NULL, NULL, NULL),
	(403, NULL, 170, NULL, 19, NULL, 3650.00, NULL, NULL, NULL, NULL, NULL, NULL, NULL, NULL, NULL, NULL),
	(404, NULL, 171, NULL, 19, NULL, 3650.00, NULL, NULL, NULL, NULL, NULL, NULL, NULL, NULL, NULL, NULL),
	(405, NULL, 172, NULL, 19, NULL, 3650.00, NULL, NULL, NULL, NULL, NULL, NULL, NULL, NULL, NULL, NULL),
	(406, NULL, 173, NULL, 19, NULL, 3650.00, NULL, NULL, NULL, NULL, NULL, NULL, NULL, NULL, NULL, NULL),
	(407, NULL, 174, NULL, 19, NULL, 3650.00, NULL, NULL, NULL, NULL, NULL, NULL, NULL, NULL, NULL, NULL),
	(408, NULL, 175, NULL, 19, NULL, 3650.00, NULL, NULL, NULL, NULL, NULL, NULL, NULL, NULL, NULL, NULL),
	(409, NULL, 176, NULL, 19, NULL, 3650.00, NULL, NULL, NULL, NULL, NULL, NULL, NULL, NULL, NULL, NULL),
	(410, NULL, 177, NULL, 19, NULL, 3650.00, NULL, NULL, NULL, NULL, NULL, NULL, NULL, NULL, NULL, NULL),
	(411, NULL, 178, NULL, 19, NULL, 3650.00, NULL, NULL, NULL, NULL, NULL, NULL, NULL, NULL, NULL, NULL),
	(412, NULL, 179, NULL, 19, NULL, 3650.00, NULL, NULL, NULL, NULL, NULL, NULL, NULL, NULL, NULL, NULL),
	(413, NULL, 180, NULL, 19, NULL, 3650.00, NULL, NULL, NULL, NULL, NULL, NULL, NULL, NULL, NULL, NULL),
	(414, NULL, 181, NULL, 19, NULL, 3650.00, NULL, NULL, NULL, NULL, NULL, NULL, NULL, NULL, NULL, NULL),
	(415, NULL, 182, NULL, 19, NULL, 3650.00, NULL, NULL, NULL, NULL, NULL, NULL, NULL, NULL, NULL, NULL),
	(416, NULL, 183, NULL, 19, NULL, 3650.00, NULL, NULL, NULL, NULL, NULL, NULL, NULL, NULL, NULL, NULL),
	(417, NULL, 184, NULL, 19, NULL, 3650.00, NULL, NULL, NULL, NULL, NULL, NULL, NULL, NULL, NULL, NULL),
	(418, NULL, 185, NULL, 19, NULL, 3650.00, NULL, NULL, NULL, NULL, NULL, NULL, NULL, NULL, NULL, NULL),
	(419, NULL, 186, NULL, 19, NULL, 3650.00, NULL, NULL, NULL, NULL, NULL, NULL, NULL, NULL, NULL, NULL),
	(420, NULL, 187, NULL, 19, NULL, 3650.00, NULL, NULL, NULL, NULL, NULL, NULL, NULL, NULL, NULL, NULL),
	(421, NULL, 188, NULL, 19, NULL, 3650.00, NULL, NULL, NULL, NULL, NULL, NULL, NULL, NULL, NULL, NULL),
	(422, NULL, 189, NULL, 19, NULL, 3650.00, NULL, NULL, NULL, NULL, NULL, NULL, NULL, NULL, NULL, NULL),
	(423, NULL, 190, NULL, 19, NULL, 3650.00, NULL, NULL, NULL, NULL, NULL, NULL, NULL, NULL, NULL, NULL),
	(424, NULL, 191, NULL, 19, NULL, 3650.00, NULL, NULL, NULL, NULL, NULL, NULL, NULL, NULL, NULL, NULL),
	(425, NULL, 192, NULL, 19, NULL, 3650.00, NULL, NULL, NULL, NULL, NULL, NULL, NULL, NULL, NULL, NULL),
	(426, NULL, 193, NULL, 19, NULL, 3650.00, NULL, NULL, NULL, NULL, NULL, NULL, NULL, NULL, NULL, NULL),
	(427, NULL, 194, NULL, 19, NULL, 3650.00, NULL, NULL, NULL, NULL, NULL, NULL, NULL, NULL, NULL, NULL),
	(428, NULL, 195, NULL, 19, NULL, 3650.00, NULL, NULL, NULL, NULL, NULL, NULL, NULL, NULL, NULL, NULL),
	(429, NULL, 196, NULL, 19, NULL, 3650.00, NULL, NULL, NULL, NULL, NULL, NULL, NULL, NULL, NULL, NULL),
	(430, NULL, 197, NULL, 19, NULL, 3650.00, NULL, NULL, NULL, NULL, NULL, NULL, NULL, NULL, NULL, NULL),
	(431, NULL, 198, NULL, 19, NULL, 3650.00, NULL, NULL, NULL, NULL, NULL, NULL, NULL, NULL, NULL, NULL),
	(432, NULL, 199, NULL, 19, NULL, 3650.00, NULL, NULL, NULL, NULL, NULL, NULL, NULL, NULL, NULL, NULL),
	(433, NULL, 200, NULL, 19, NULL, 3650.00, NULL, NULL, NULL, NULL, NULL, NULL, NULL, NULL, NULL, NULL),
	(434, NULL, 201, NULL, 19, NULL, 3650.00, NULL, NULL, NULL, NULL, NULL, NULL, NULL, NULL, NULL, NULL),
	(435, NULL, 202, NULL, 19, NULL, 3650.00, NULL, NULL, NULL, NULL, NULL, NULL, NULL, NULL, NULL, NULL),
	(436, NULL, 203, NULL, 19, NULL, 3650.00, NULL, NULL, NULL, NULL, NULL, NULL, NULL, NULL, NULL, NULL),
	(437, NULL, 204, NULL, 19, NULL, 3650.00, NULL, NULL, NULL, NULL, NULL, NULL, NULL, NULL, NULL, NULL),
	(438, NULL, 205, NULL, 19, NULL, 3650.00, NULL, NULL, NULL, NULL, NULL, NULL, NULL, NULL, NULL, NULL),
	(439, NULL, 206, NULL, 19, NULL, 3650.00, NULL, NULL, NULL, NULL, NULL, NULL, NULL, NULL, NULL, NULL),
	(440, NULL, 207, NULL, 19, NULL, 3650.00, NULL, NULL, NULL, NULL, NULL, NULL, NULL, NULL, NULL, NULL),
	(441, NULL, 208, NULL, 19, NULL, 3650.00, NULL, NULL, NULL, NULL, NULL, NULL, NULL, NULL, NULL, NULL),
	(442, NULL, 209, NULL, 19, NULL, 3650.00, NULL, NULL, NULL, NULL, NULL, NULL, NULL, NULL, NULL, NULL),
	(443, NULL, 210, NULL, 19, NULL, 3650.00, NULL, NULL, NULL, NULL, NULL, NULL, NULL, NULL, NULL, NULL),
	(444, NULL, 211, NULL, 19, NULL, 3650.00, NULL, NULL, NULL, NULL, NULL, NULL, NULL, NULL, NULL, NULL),
	(445, NULL, 212, NULL, 19, NULL, 3650.00, NULL, NULL, NULL, NULL, NULL, NULL, NULL, NULL, NULL, NULL),
	(446, NULL, 213, NULL, 19, NULL, 3650.00, NULL, NULL, NULL, NULL, NULL, NULL, NULL, NULL, NULL, NULL),
	(447, NULL, 214, NULL, 19, NULL, 3650.00, NULL, NULL, NULL, NULL, NULL, NULL, NULL, NULL, NULL, NULL),
	(448, NULL, 215, NULL, 19, NULL, 3650.00, NULL, NULL, NULL, NULL, NULL, NULL, NULL, NULL, NULL, NULL),
	(449, NULL, 1, 1, 20, NULL, 12201.60, NULL, NULL, '2018-09-05', 22, 0.15, NULL, NULL, NULL, '2018-09-07 03:46:58', NULL),
	(450, NULL, 2, 2, 20, NULL, 12629.70, NULL, NULL, '2018-09-06', 22, 0.30, NULL, NULL, NULL, '2018-09-06 16:41:52', NULL),
	(451, NULL, 3, 3, 20, NULL, 8527.20, NULL, NULL, '2018-09-06', 22, 0.30, NULL, NULL, NULL, '2018-09-06 16:43:07', NULL),
	(452, NULL, 4, NULL, 20, NULL, 13504.91, NULL, NULL, NULL, NULL, 0.23, NULL, NULL, NULL, NULL, NULL),
	(453, NULL, 5, NULL, 20, NULL, 12629.70, NULL, NULL, NULL, NULL, 0.30, NULL, NULL, NULL, NULL, NULL),
	(454, NULL, 6, NULL, 20, NULL, 3026.85, NULL, NULL, NULL, NULL, 0.15, NULL, NULL, NULL, NULL, NULL),
	(455, NULL, 7, NULL, 20, NULL, 7045.80, NULL, NULL, NULL, NULL, 0.30, NULL, NULL, NULL, NULL, NULL),
	(456, NULL, 8, NULL, 20, NULL, 7948.20, NULL, NULL, NULL, NULL, 0.30, NULL, NULL, NULL, NULL, NULL),
	(457, NULL, 9, NULL, 20, NULL, 4821.49, NULL, NULL, NULL, NULL, 0.23, NULL, NULL, NULL, NULL, NULL),
	(458, NULL, 10, NULL, 20, NULL, 9529.50, NULL, NULL, NULL, NULL, 0.30, NULL, NULL, NULL, NULL, NULL),
	(459, NULL, 11, NULL, 20, NULL, 5615.40, NULL, NULL, NULL, NULL, 0.30, NULL, NULL, NULL, NULL, NULL),
	(460, NULL, 12, NULL, 20, NULL, 8807.70, NULL, NULL, NULL, NULL, 0.30, NULL, NULL, NULL, NULL, NULL),
	(461, NULL, 13, NULL, 20, NULL, 5712.75, NULL, NULL, NULL, NULL, 0.15, NULL, NULL, NULL, NULL, NULL),
	(462, NULL, 14, NULL, 20, NULL, 4884.60, NULL, NULL, NULL, NULL, 0.30, NULL, NULL, NULL, NULL, NULL),
	(463, NULL, 15, NULL, 20, NULL, 3786.00, NULL, NULL, NULL, NULL, 0.30, NULL, NULL, NULL, NULL, NULL),
	(464, NULL, 16, NULL, 20, NULL, 5615.40, NULL, NULL, NULL, NULL, 0.30, NULL, NULL, NULL, NULL, NULL),
	(465, NULL, 17, NULL, 20, NULL, 12629.70, NULL, NULL, NULL, NULL, 0.30, NULL, NULL, NULL, NULL, NULL),
	(466, NULL, 18, NULL, 20, NULL, 7128.90, NULL, NULL, NULL, NULL, 0.30, NULL, NULL, NULL, NULL, NULL),
	(467, NULL, 19, NULL, 20, NULL, 4305.14, NULL, NULL, NULL, NULL, 0.23, NULL, NULL, NULL, NULL, NULL),
	(468, NULL, 20, NULL, 20, NULL, 8527.20, NULL, NULL, NULL, NULL, 0.30, NULL, NULL, NULL, NULL, NULL),
	(469, NULL, 21, NULL, 20, NULL, 9529.50, NULL, NULL, NULL, NULL, 0.30, NULL, NULL, NULL, NULL, NULL),
	(470, NULL, 22, NULL, 20, NULL, 5615.40, NULL, NULL, NULL, NULL, 0.30, NULL, NULL, NULL, NULL, NULL),
	(471, NULL, 23, NULL, 20, NULL, 4302.00, NULL, NULL, NULL, NULL, 0.30, NULL, NULL, NULL, NULL, NULL),
	(472, NULL, 24, NULL, 20, NULL, 10239.00, NULL, NULL, NULL, NULL, 0.30, NULL, NULL, NULL, NULL, NULL),
	(473, NULL, 25, NULL, 20, NULL, 3802.20, NULL, NULL, NULL, NULL, 0.30, NULL, NULL, NULL, NULL, NULL),
	(474, NULL, 26, NULL, 20, NULL, 6672.30, NULL, NULL, NULL, NULL, 0.23, NULL, NULL, NULL, NULL, NULL),
	(475, NULL, 27, NULL, 20, NULL, 12629.70, NULL, NULL, NULL, NULL, 0.30, NULL, NULL, NULL, NULL, NULL),
	(476, NULL, 28, NULL, 20, NULL, 6644.70, NULL, NULL, NULL, NULL, 0.30, NULL, NULL, NULL, NULL, NULL),
	(477, NULL, 29, NULL, 20, NULL, 4263.60, NULL, NULL, NULL, NULL, 0.15, NULL, NULL, NULL, NULL, NULL),
	(478, NULL, 30, NULL, 20, NULL, 4884.60, NULL, NULL, NULL, NULL, 0.30, NULL, NULL, NULL, NULL, NULL),
	(479, NULL, 31, NULL, 20, NULL, 12629.70, NULL, NULL, NULL, NULL, 0.30, NULL, NULL, NULL, NULL, NULL),
	(480, NULL, 32, NULL, 20, NULL, 3026.85, NULL, NULL, NULL, NULL, 0.15, NULL, NULL, NULL, NULL, NULL),
	(481, NULL, 33, NULL, 20, NULL, 5615.40, NULL, NULL, NULL, NULL, 0.30, NULL, NULL, NULL, NULL, NULL),
	(482, NULL, 34, NULL, 20, NULL, 9529.50, NULL, NULL, NULL, NULL, 0.30, NULL, NULL, NULL, NULL, NULL),
	(483, NULL, 35, NULL, 20, NULL, 4351.50, NULL, NULL, NULL, NULL, 0.15, NULL, NULL, NULL, NULL, NULL),
	(484, NULL, 36, NULL, 20, NULL, 4884.60, NULL, NULL, NULL, NULL, 0.30, NULL, NULL, NULL, NULL, NULL),
	(485, NULL, 37, NULL, 20, NULL, 7128.90, NULL, NULL, NULL, NULL, 0.30, NULL, NULL, NULL, NULL, NULL),
	(486, NULL, 38, NULL, 20, NULL, 6138.00, NULL, NULL, NULL, NULL, 0.15, NULL, NULL, NULL, NULL, NULL),
	(487, NULL, 39, NULL, 20, NULL, 8759.55, NULL, NULL, NULL, NULL, 0.23, NULL, NULL, NULL, NULL, NULL),
	(488, NULL, 40, NULL, 20, NULL, 5615.40, NULL, NULL, NULL, NULL, 0.30, NULL, NULL, NULL, NULL, NULL),
	(489, NULL, 41, NULL, 20, NULL, 3026.85, NULL, NULL, NULL, NULL, 0.15, NULL, NULL, NULL, NULL, NULL),
	(490, NULL, 42, NULL, 20, NULL, 5615.40, NULL, NULL, NULL, NULL, 0.30, NULL, NULL, NULL, NULL, NULL),
	(491, NULL, 43, NULL, 20, NULL, 9529.50, NULL, NULL, NULL, NULL, 0.30, NULL, NULL, NULL, NULL, NULL),
	(492, NULL, 44, NULL, 20, NULL, 4351.50, NULL, NULL, NULL, NULL, 0.15, NULL, NULL, NULL, NULL, NULL),
	(493, NULL, 45, NULL, 20, NULL, 9529.50, NULL, NULL, NULL, NULL, 0.30, NULL, NULL, NULL, NULL, NULL),
	(494, NULL, 46, NULL, 20, NULL, 6211.95, NULL, NULL, NULL, NULL, 0.15, NULL, NULL, NULL, NULL, NULL),
	(495, NULL, 47, NULL, 20, NULL, 12629.70, NULL, NULL, NULL, NULL, 0.30, NULL, NULL, NULL, NULL, NULL),
	(496, NULL, 48, NULL, 20, NULL, 4884.60, NULL, NULL, NULL, NULL, 0.30, NULL, NULL, NULL, NULL, NULL),
	(497, NULL, 49, NULL, 20, NULL, 6138.00, NULL, NULL, NULL, NULL, 0.15, NULL, NULL, NULL, NULL, NULL),
	(498, NULL, 50, NULL, 20, NULL, 5870.10, NULL, NULL, NULL, NULL, 0.30, NULL, NULL, NULL, NULL, NULL),
	(499, NULL, 51, NULL, 20, NULL, 2620.95, NULL, NULL, NULL, NULL, 0.15, NULL, NULL, NULL, NULL, NULL),
	(500, NULL, 52, NULL, 20, NULL, 9682.77, NULL, NULL, NULL, NULL, 0.23, NULL, NULL, NULL, NULL, NULL),
	(501, NULL, 53, NULL, 20, NULL, 5712.75, NULL, NULL, NULL, NULL, 0.15, NULL, NULL, NULL, NULL, NULL),
	(502, NULL, 54, NULL, 20, NULL, 17615.10, NULL, NULL, NULL, NULL, 0.30, NULL, NULL, NULL, NULL, NULL),
	(503, NULL, 55, NULL, 20, NULL, 17615.10, NULL, NULL, NULL, NULL, 0.30, NULL, NULL, NULL, NULL, NULL),
	(504, NULL, 56, NULL, 20, NULL, 9529.50, NULL, NULL, NULL, NULL, 0.30, NULL, NULL, NULL, NULL, NULL),
	(505, NULL, 57, NULL, 20, NULL, 3763.65, NULL, NULL, NULL, NULL, 0.15, NULL, NULL, NULL, NULL, NULL),
	(506, NULL, 58, NULL, 20, NULL, 6644.70, NULL, NULL, NULL, NULL, 0.30, NULL, NULL, NULL, NULL, NULL),
	(507, NULL, 59, NULL, 20, NULL, 9529.50, NULL, NULL, NULL, NULL, 0.30, NULL, NULL, NULL, NULL, NULL),
	(508, NULL, 60, NULL, 20, NULL, 17615.10, NULL, NULL, NULL, NULL, 0.30, NULL, NULL, NULL, NULL, NULL),
	(509, NULL, 61, NULL, 20, NULL, 4351.50, NULL, NULL, NULL, NULL, 0.15, NULL, NULL, NULL, NULL, NULL),
	(510, NULL, 62, NULL, 20, NULL, 4313.85, NULL, NULL, NULL, NULL, 0.15, NULL, NULL, NULL, NULL, NULL),
	(511, NULL, 63, NULL, 20, NULL, 7948.20, NULL, NULL, NULL, NULL, 0.30, NULL, NULL, NULL, NULL, NULL),
	(512, NULL, 64, NULL, 20, NULL, 5162.70, NULL, NULL, NULL, NULL, 0.30, NULL, NULL, NULL, NULL, NULL),
	(513, NULL, 65, NULL, 20, NULL, 9529.50, NULL, NULL, NULL, NULL, 0.30, NULL, NULL, NULL, NULL, NULL),
	(514, NULL, 66, NULL, 20, NULL, 9529.50, NULL, NULL, NULL, NULL, 0.30, NULL, NULL, NULL, NULL, NULL),
	(515, NULL, 67, NULL, 20, NULL, 13504.91, NULL, NULL, NULL, NULL, 0.23, NULL, NULL, NULL, NULL, NULL),
	(516, NULL, 68, NULL, 20, NULL, 13809.00, NULL, NULL, NULL, NULL, 0.30, NULL, NULL, NULL, NULL, NULL),
	(517, NULL, 69, NULL, 20, NULL, 8527.20, NULL, NULL, NULL, NULL, 0.30, NULL, NULL, NULL, NULL, NULL),
	(518, NULL, 70, NULL, 20, NULL, 7948.20, NULL, NULL, NULL, NULL, 0.30, NULL, NULL, NULL, NULL, NULL),
	(519, NULL, 71, NULL, 20, NULL, 5917.50, NULL, NULL, NULL, NULL, 0.30, NULL, NULL, NULL, NULL, NULL),
	(520, NULL, 72, NULL, 20, NULL, 19260.00, NULL, NULL, NULL, NULL, 0.30, NULL, NULL, NULL, NULL, NULL),
	(521, NULL, 73, NULL, 20, NULL, 5712.75, NULL, NULL, NULL, NULL, 0.15, NULL, NULL, NULL, NULL, NULL),
	(522, NULL, 74, NULL, 20, NULL, 4884.60, NULL, NULL, NULL, NULL, 0.30, NULL, NULL, NULL, NULL, NULL),
	(523, NULL, 75, NULL, 20, NULL, 26445.63, NULL, NULL, NULL, NULL, 0.23, NULL, NULL, NULL, NULL, NULL),
	(524, NULL, 76, NULL, 20, NULL, 4884.60, NULL, NULL, NULL, NULL, 0.30, NULL, NULL, NULL, NULL, NULL),
	(525, NULL, 77, NULL, 20, NULL, 4351.50, NULL, NULL, NULL, NULL, 0.15, NULL, NULL, NULL, NULL, NULL),
	(526, NULL, 78, NULL, 20, NULL, 4884.60, NULL, NULL, NULL, NULL, 0.30, NULL, NULL, NULL, NULL, NULL),
	(527, NULL, 79, NULL, 20, NULL, 4519.80, NULL, NULL, NULL, NULL, 0.30, NULL, NULL, NULL, NULL, NULL),
	(528, NULL, 80, NULL, 20, NULL, 7128.90, NULL, NULL, NULL, NULL, 0.30, NULL, NULL, NULL, NULL, NULL),
	(529, NULL, 81, NULL, 20, NULL, 5712.75, NULL, NULL, NULL, NULL, 0.15, NULL, NULL, NULL, NULL, NULL),
	(530, NULL, 82, NULL, 20, NULL, 3026.85, NULL, NULL, NULL, NULL, 0.15, NULL, NULL, NULL, NULL, NULL),
	(531, NULL, 83, NULL, 20, NULL, 2958.75, NULL, NULL, NULL, NULL, 0.15, NULL, NULL, NULL, NULL, NULL),
	(532, NULL, 85, NULL, 20, NULL, 8527.20, NULL, NULL, NULL, NULL, 0.30, NULL, NULL, NULL, NULL, NULL),
	(533, NULL, 86, NULL, 20, NULL, 3508.42, NULL, NULL, NULL, NULL, 0.23, NULL, NULL, NULL, NULL, NULL),
	(534, NULL, 87, NULL, 20, NULL, 5094.27, NULL, NULL, NULL, NULL, 0.23, NULL, NULL, NULL, NULL, NULL),
	(535, NULL, 88, NULL, 20, NULL, 19260.00, NULL, NULL, NULL, NULL, 0.30, NULL, NULL, NULL, NULL, NULL),
	(536, NULL, 89, NULL, 20, NULL, 4576.20, NULL, NULL, NULL, NULL, 0.30, NULL, NULL, NULL, NULL, NULL),
	(537, NULL, 90, NULL, 20, NULL, 5764.50, NULL, NULL, NULL, NULL, 0.30, NULL, NULL, NULL, NULL, NULL),
	(538, NULL, 91, NULL, 20, NULL, 5241.90, NULL, NULL, NULL, NULL, 0.30, NULL, NULL, NULL, NULL, NULL),
	(539, NULL, 92, NULL, 20, NULL, 7128.90, NULL, NULL, NULL, NULL, 0.30, NULL, NULL, NULL, NULL, NULL),
	(540, NULL, 93, 14, 20, NULL, 23669.30, NULL, NULL, '2018-09-06', 22, 0.23, NULL, NULL, NULL, '2018-09-07 06:53:20', NULL),
	(541, NULL, 94, NULL, 20, NULL, 8807.55, NULL, NULL, NULL, NULL, 0.15, NULL, NULL, NULL, NULL, NULL),
	(542, NULL, 95, NULL, 20, NULL, 5969.40, NULL, NULL, NULL, NULL, 0.30, NULL, NULL, NULL, NULL, NULL),
	(543, NULL, 96, NULL, 20, NULL, 9529.50, NULL, NULL, NULL, NULL, 0.30, NULL, NULL, NULL, NULL, NULL),
	(544, NULL, 97, NULL, 20, NULL, 2620.95, NULL, NULL, NULL, NULL, 0.15, NULL, NULL, NULL, NULL, NULL),
	(545, NULL, 98, NULL, 20, NULL, 12629.70, NULL, NULL, NULL, NULL, 0.30, NULL, NULL, NULL, NULL, NULL),
	(546, NULL, 99, NULL, 20, NULL, 5712.75, NULL, NULL, NULL, NULL, 0.15, NULL, NULL, NULL, NULL, NULL),
	(547, NULL, 100, NULL, 20, NULL, 5523.90, NULL, NULL, NULL, NULL, 0.30, NULL, NULL, NULL, NULL, NULL),
	(548, NULL, 101, NULL, 20, NULL, 4675.50, NULL, NULL, NULL, NULL, 0.15, NULL, NULL, NULL, NULL, NULL),
	(549, NULL, 102, NULL, 20, NULL, 4764.75, NULL, NULL, NULL, NULL, 0.15, NULL, NULL, NULL, NULL, NULL),
	(550, NULL, 103, NULL, 20, NULL, 2620.95, NULL, NULL, NULL, NULL, 0.15, NULL, NULL, NULL, NULL, NULL),
	(551, NULL, 104, NULL, 20, NULL, 5712.75, NULL, NULL, NULL, NULL, 0.15, NULL, NULL, NULL, NULL, NULL),
	(552, NULL, 105, NULL, 20, NULL, 4234.99, NULL, NULL, NULL, NULL, 0.23, NULL, NULL, NULL, NULL, NULL),
	(553, NULL, 106, NULL, 20, NULL, 9682.77, NULL, NULL, NULL, NULL, 0.23, NULL, NULL, NULL, NULL, NULL),
	(554, NULL, 107, NULL, 20, NULL, 4884.60, NULL, NULL, NULL, NULL, 0.30, NULL, NULL, NULL, NULL, NULL),
	(555, NULL, 108, NULL, 20, NULL, 4884.60, NULL, NULL, NULL, NULL, 0.30, NULL, NULL, NULL, NULL, NULL),
	(556, NULL, 109, NULL, 20, NULL, 13809.00, NULL, NULL, NULL, NULL, 0.30, NULL, NULL, NULL, NULL, NULL),
	(557, NULL, 110, NULL, 20, NULL, 5712.75, NULL, NULL, NULL, NULL, 0.15, NULL, NULL, NULL, NULL, NULL),
	(558, NULL, 111, NULL, 20, NULL, 2151.00, NULL, NULL, NULL, NULL, 0.15, NULL, NULL, NULL, NULL, NULL),
	(559, NULL, 112, NULL, 20, NULL, 4018.79, NULL, NULL, NULL, NULL, 0.23, NULL, NULL, NULL, NULL, NULL),
	(560, NULL, 113, NULL, 20, NULL, 9529.50, NULL, NULL, NULL, NULL, 0.30, NULL, NULL, NULL, NULL, NULL),
	(561, NULL, 114, NULL, 20, NULL, 2761.95, NULL, NULL, NULL, NULL, 0.15, NULL, NULL, NULL, NULL, NULL),
	(562, NULL, 115, NULL, 20, NULL, 2761.95, NULL, NULL, NULL, NULL, 0.15, NULL, NULL, NULL, NULL, NULL),
	(563, NULL, 116, NULL, 20, NULL, 5764.50, NULL, NULL, NULL, NULL, 0.30, NULL, NULL, NULL, NULL, NULL),
	(564, NULL, 117, NULL, 20, NULL, 5917.50, NULL, NULL, NULL, NULL, 0.30, NULL, NULL, NULL, NULL, NULL),
	(565, NULL, 118, NULL, 20, NULL, 5712.75, NULL, NULL, NULL, NULL, 0.15, NULL, NULL, NULL, NULL, NULL),
	(566, NULL, 119, NULL, 20, NULL, 19260.00, NULL, NULL, NULL, NULL, 0.30, NULL, NULL, NULL, NULL, NULL),
	(567, NULL, 120, NULL, 20, NULL, 12629.70, NULL, NULL, NULL, NULL, 0.30, NULL, NULL, NULL, NULL, NULL),
	(568, NULL, 121, NULL, 20, NULL, 12629.70, NULL, NULL, NULL, NULL, 0.30, NULL, NULL, NULL, NULL, NULL),
	(569, NULL, 122, NULL, 20, NULL, 5572.50, NULL, NULL, NULL, NULL, 0.30, NULL, NULL, NULL, NULL, NULL),
	(570, NULL, 123, NULL, 20, NULL, 13605.00, NULL, NULL, NULL, NULL, 0.30, NULL, NULL, NULL, NULL, NULL),
	(571, NULL, 124, NULL, 20, NULL, 9529.50, NULL, NULL, NULL, NULL, 0.30, NULL, NULL, NULL, NULL, NULL),
	(572, NULL, 125, NULL, 20, NULL, 16858.77, NULL, NULL, NULL, NULL, 0.23, NULL, NULL, NULL, NULL, NULL),
	(573, NULL, 126, NULL, 20, NULL, 3974.10, NULL, NULL, NULL, NULL, 0.15, NULL, NULL, NULL, NULL, NULL),
	(574, NULL, 127, NULL, 20, NULL, 4234.99, NULL, NULL, NULL, NULL, 0.23, NULL, NULL, NULL, NULL, NULL),
	(575, NULL, 128, NULL, 20, NULL, 9529.50, NULL, NULL, NULL, NULL, 0.30, NULL, NULL, NULL, NULL, NULL),
	(576, NULL, 129, NULL, 20, NULL, 5615.40, NULL, NULL, NULL, NULL, 0.30, NULL, NULL, NULL, NULL, NULL),
	(577, NULL, 130, NULL, 20, NULL, 2288.10, NULL, NULL, NULL, NULL, 0.15, NULL, NULL, NULL, NULL, NULL),
	(578, NULL, 131, NULL, 20, NULL, 4884.60, NULL, NULL, NULL, NULL, 0.30, NULL, NULL, NULL, NULL, NULL),
	(579, NULL, 132, NULL, 20, NULL, 6053.70, NULL, NULL, NULL, NULL, 0.30, NULL, NULL, NULL, NULL, NULL),
	(580, NULL, 133, NULL, 20, NULL, 3026.85, NULL, NULL, NULL, NULL, 0.15, NULL, NULL, NULL, NULL, NULL),
	(581, NULL, 134, NULL, 20, NULL, 2807.70, NULL, NULL, NULL, NULL, 0.15, NULL, NULL, NULL, NULL, NULL),
	(582, NULL, 135, NULL, 20, NULL, 4302.00, NULL, NULL, NULL, NULL, 0.30, NULL, NULL, NULL, NULL, NULL),
	(583, NULL, 136, NULL, 20, NULL, 12629.70, NULL, NULL, NULL, NULL, 0.30, NULL, NULL, NULL, NULL, NULL),
	(584, NULL, 137, NULL, 20, NULL, 12629.70, NULL, NULL, NULL, NULL, 0.30, NULL, NULL, NULL, NULL, NULL),
	(585, NULL, 138, NULL, 20, NULL, 5917.50, NULL, NULL, NULL, NULL, 0.30, NULL, NULL, NULL, NULL, NULL),
	(586, NULL, 139, NULL, 20, NULL, 9529.50, NULL, NULL, NULL, NULL, 0.30, NULL, NULL, NULL, NULL, NULL),
	(587, NULL, 140, NULL, 20, NULL, 5615.40, NULL, NULL, NULL, NULL, 0.30, NULL, NULL, NULL, NULL, NULL),
	(588, NULL, 141, NULL, 20, NULL, 7305.95, NULL, NULL, NULL, NULL, 0.23, NULL, NULL, NULL, NULL, NULL),
	(589, NULL, 142, NULL, 20, NULL, 7305.95, NULL, NULL, NULL, NULL, 0.23, NULL, NULL, NULL, NULL, NULL),
	(590, NULL, 143, NULL, 20, NULL, 7948.20, NULL, NULL, NULL, NULL, 0.30, NULL, NULL, NULL, NULL, NULL),
	(591, NULL, 144, NULL, 20, NULL, 4351.50, NULL, NULL, NULL, NULL, 0.15, NULL, NULL, NULL, NULL, NULL),
	(592, NULL, 145, NULL, 20, NULL, 17615.10, NULL, NULL, NULL, NULL, 0.30, NULL, NULL, NULL, NULL, NULL),
	(593, NULL, 146, NULL, 20, NULL, 13504.91, NULL, NULL, NULL, NULL, 0.23, NULL, NULL, NULL, NULL, NULL),
	(594, NULL, 147, NULL, 20, NULL, 3298.20, NULL, NULL, NULL, NULL, 0.23, NULL, NULL, NULL, NULL, NULL),
	(595, NULL, 148, NULL, 20, NULL, 6644.70, NULL, NULL, NULL, NULL, 0.30, NULL, NULL, NULL, NULL, NULL),
	(596, NULL, 149, NULL, 20, NULL, 10994.85, NULL, NULL, NULL, NULL, 0.15, NULL, NULL, NULL, NULL, NULL),
	(597, NULL, 150, NULL, 20, NULL, 4351.50, NULL, NULL, NULL, NULL, 0.15, NULL, NULL, NULL, NULL, NULL),
	(598, NULL, 151, NULL, 20, NULL, 2740.22, NULL, NULL, NULL, NULL, 0.23, NULL, NULL, NULL, NULL, NULL),
	(599, NULL, 152, NULL, 20, NULL, 4018.79, NULL, NULL, NULL, NULL, 0.23, NULL, NULL, NULL, NULL, NULL),
	(600, NULL, 154, NULL, 20, NULL, 3802.20, NULL, NULL, NULL, NULL, 0.30, NULL, NULL, NULL, NULL, NULL),
	(601, NULL, 155, NULL, 20, NULL, 9529.50, NULL, NULL, NULL, NULL, 0.30, NULL, NULL, NULL, NULL, NULL),
	(602, NULL, 156, NULL, 20, NULL, 8703.00, NULL, NULL, NULL, NULL, 0.30, NULL, NULL, NULL, NULL, NULL),
	(603, NULL, 157, NULL, 20, NULL, 4305.14, NULL, NULL, NULL, NULL, 0.23, NULL, NULL, NULL, NULL, NULL),
	(604, NULL, 158, NULL, 20, NULL, 2807.70, NULL, NULL, NULL, NULL, 0.15, NULL, NULL, NULL, NULL, NULL),
	(605, NULL, 159, NULL, 20, NULL, 9209.55, NULL, NULL, NULL, NULL, 0.15, NULL, NULL, NULL, NULL, NULL),
	(606, NULL, 160, NULL, 20, NULL, 10586.90, NULL, NULL, NULL, NULL, 0.23, NULL, NULL, NULL, NULL, NULL),
	(607, NULL, 161, NULL, 20, NULL, 12629.70, NULL, NULL, NULL, NULL, 0.30, NULL, NULL, NULL, NULL, NULL),
	(608, NULL, 162, NULL, 20, NULL, 16858.77, NULL, NULL, NULL, NULL, 0.23, NULL, NULL, NULL, NULL, NULL),
	(609, NULL, 163, NULL, 20, NULL, 4351.50, NULL, NULL, NULL, NULL, 0.15, NULL, NULL, NULL, NULL, NULL),
	(610, NULL, 164, NULL, 20, NULL, 3958.07, NULL, NULL, NULL, NULL, 0.23, NULL, NULL, NULL, NULL, NULL),
	(611, NULL, 165, NULL, 20, NULL, 12629.70, NULL, NULL, NULL, NULL, 0.30, NULL, NULL, NULL, NULL, NULL),
	(612, NULL, 166, NULL, 20, NULL, 5870.10, NULL, NULL, NULL, NULL, 0.30, NULL, NULL, NULL, NULL, NULL),
	(613, NULL, 167, NULL, 20, NULL, 2740.22, NULL, NULL, NULL, NULL, 0.23, NULL, NULL, NULL, NULL, NULL),
	(614, NULL, 168, NULL, 20, NULL, 5712.75, NULL, NULL, NULL, NULL, 0.15, NULL, NULL, NULL, NULL, NULL),
	(615, NULL, 169, NULL, 20, NULL, 4884.60, NULL, NULL, NULL, NULL, 0.30, NULL, NULL, NULL, NULL, NULL),
	(616, NULL, 170, NULL, 20, NULL, 18160.57, NULL, NULL, NULL, NULL, 0.23, NULL, NULL, NULL, NULL, NULL),
	(617, NULL, 171, NULL, 20, NULL, 6314.85, NULL, NULL, NULL, NULL, 0.15, NULL, NULL, NULL, NULL, NULL),
	(618, NULL, 172, NULL, 20, NULL, 9529.50, NULL, NULL, NULL, NULL, 0.30, NULL, NULL, NULL, NULL, NULL),
	(619, NULL, 173, NULL, 20, NULL, 4351.50, NULL, NULL, NULL, NULL, 0.15, NULL, NULL, NULL, NULL, NULL),
	(620, NULL, 174, NULL, 20, NULL, 23669.30, NULL, NULL, NULL, NULL, 0.23, NULL, NULL, NULL, NULL, NULL),
	(621, NULL, 175, NULL, 20, NULL, 9682.77, NULL, NULL, NULL, NULL, 0.23, NULL, NULL, NULL, NULL, NULL),
	(622, NULL, 176, NULL, 20, NULL, 8807.55, NULL, NULL, NULL, NULL, 0.15, NULL, NULL, NULL, NULL, NULL),
	(623, NULL, 177, NULL, 20, NULL, 4351.50, NULL, NULL, NULL, NULL, 0.15, NULL, NULL, NULL, NULL, NULL),
	(624, NULL, 178, NULL, 20, NULL, 5572.50, NULL, NULL, NULL, NULL, 0.30, NULL, NULL, NULL, NULL, NULL),
	(625, NULL, 179, NULL, 20, NULL, 3266.55, NULL, NULL, NULL, NULL, 0.15, NULL, NULL, NULL, NULL, NULL),
	(626, NULL, 180, NULL, 20, NULL, 4884.60, NULL, NULL, NULL, NULL, 0.30, NULL, NULL, NULL, NULL, NULL),
	(627, NULL, 181, NULL, 20, NULL, 4302.00, NULL, NULL, NULL, NULL, 0.30, NULL, NULL, NULL, NULL, NULL),
	(628, NULL, 182, NULL, 20, NULL, 5072.65, NULL, NULL, NULL, NULL, 0.23, NULL, NULL, NULL, NULL, NULL),
	(629, NULL, 183, NULL, 20, NULL, 9827.90, NULL, NULL, NULL, NULL, 0.23, NULL, NULL, NULL, NULL, NULL),
	(630, NULL, 184, NULL, 20, NULL, 4018.79, NULL, NULL, NULL, NULL, 0.23, NULL, NULL, NULL, NULL, NULL),
	(631, NULL, 185, NULL, 20, NULL, 6211.95, NULL, NULL, NULL, NULL, 0.15, NULL, NULL, NULL, NULL, NULL),
	(632, NULL, 186, NULL, 20, NULL, 12629.70, NULL, NULL, NULL, NULL, 0.30, NULL, NULL, NULL, NULL, NULL),
	(633, NULL, 187, NULL, 20, NULL, 5021.70, NULL, NULL, NULL, NULL, 0.30, NULL, NULL, NULL, NULL, NULL),
	(634, NULL, 188, NULL, 20, NULL, 4351.50, NULL, NULL, NULL, NULL, 0.15, NULL, NULL, NULL, NULL, NULL),
	(635, NULL, 189, NULL, 20, NULL, 4234.99, NULL, NULL, NULL, NULL, 0.23, NULL, NULL, NULL, NULL, NULL),
	(636, NULL, 190, NULL, 20, NULL, 10745.60, NULL, NULL, NULL, NULL, 0.23, NULL, NULL, NULL, NULL, NULL),
	(637, NULL, 191, NULL, 20, NULL, 4884.60, NULL, NULL, NULL, NULL, 0.30, NULL, NULL, NULL, NULL, NULL),
	(638, NULL, 192, NULL, 20, NULL, 7128.90, NULL, NULL, NULL, NULL, 0.30, NULL, NULL, NULL, NULL, NULL),
	(639, NULL, 193, NULL, 20, NULL, 5712.75, NULL, NULL, NULL, NULL, 0.15, NULL, NULL, NULL, NULL, NULL),
	(640, NULL, 194, NULL, 20, NULL, 6533.10, NULL, NULL, NULL, NULL, 0.30, NULL, NULL, NULL, NULL, NULL),
	(641, NULL, 195, NULL, 20, NULL, 6644.70, NULL, NULL, NULL, NULL, 0.30, NULL, NULL, NULL, NULL, NULL),
	(642, NULL, 196, NULL, 20, NULL, 5523.90, NULL, NULL, NULL, NULL, 0.30, NULL, NULL, NULL, NULL, NULL),
	(643, NULL, 197, NULL, 20, NULL, 3802.20, NULL, NULL, NULL, NULL, 0.30, NULL, NULL, NULL, NULL, NULL),
	(644, NULL, 198, NULL, 20, NULL, 3574.20, NULL, NULL, NULL, NULL, 0.30, NULL, NULL, NULL, NULL, NULL),
	(645, NULL, 199, NULL, 20, NULL, 4675.50, NULL, NULL, NULL, NULL, 0.15, NULL, NULL, NULL, NULL, NULL),
	(646, NULL, 200, NULL, 20, NULL, 3026.85, NULL, NULL, NULL, NULL, 0.15, NULL, NULL, NULL, NULL, NULL),
	(647, NULL, 201, NULL, 20, NULL, 4302.00, NULL, NULL, NULL, NULL, 0.30, NULL, NULL, NULL, NULL, NULL),
	(648, NULL, 202, NULL, 20, NULL, 6644.70, NULL, NULL, NULL, NULL, 0.30, NULL, NULL, NULL, NULL, NULL),
	(649, NULL, 203, NULL, 20, NULL, 16858.77, NULL, NULL, NULL, NULL, 0.23, NULL, NULL, NULL, NULL, NULL),
	(650, NULL, 204, NULL, 20, NULL, 4302.00, NULL, NULL, NULL, NULL, 0.30, NULL, NULL, NULL, NULL, NULL),
	(651, NULL, 205, NULL, 20, NULL, 2288.10, NULL, NULL, NULL, NULL, 0.15, NULL, NULL, NULL, NULL, NULL),
	(652, NULL, 206, NULL, 20, NULL, 5917.50, NULL, NULL, NULL, NULL, 0.30, NULL, NULL, NULL, NULL, NULL),
	(653, NULL, 207, NULL, 20, NULL, 5615.40, NULL, NULL, NULL, NULL, 0.30, NULL, NULL, NULL, NULL, NULL),
	(654, NULL, 208, NULL, 20, NULL, 4302.00, NULL, NULL, NULL, NULL, 0.30, NULL, NULL, NULL, NULL, NULL),
	(655, NULL, 209, NULL, 20, NULL, 9529.50, NULL, NULL, NULL, NULL, 0.30, NULL, NULL, NULL, NULL, NULL),
	(656, NULL, 210, NULL, 20, NULL, 9529.50, NULL, NULL, NULL, NULL, 0.30, NULL, NULL, NULL, NULL, NULL),
	(657, NULL, 211, NULL, 20, NULL, 9840.60, NULL, NULL, NULL, NULL, 0.15, NULL, NULL, NULL, NULL, NULL),
	(658, NULL, 212, NULL, 20, NULL, 6093.62, NULL, NULL, NULL, NULL, 0.23, NULL, NULL, NULL, NULL, NULL),
	(659, NULL, 213, NULL, 20, NULL, 3026.85, NULL, NULL, NULL, NULL, 0.15, NULL, NULL, NULL, NULL, NULL),
	(660, NULL, 214, NULL, 20, NULL, 3266.55, NULL, NULL, NULL, NULL, 0.15, NULL, NULL, NULL, NULL, NULL),
	(661, NULL, 215, NULL, 20, NULL, 6053.70, NULL, NULL, NULL, NULL, 0.30, NULL, NULL, NULL, NULL, NULL),
	(662, NULL, 1, 1, 21, NULL, 1250.00, NULL, NULL, '2018-09-02', NULL, NULL, NULL, NULL, '2018-09-10 03:51:07', '2018-09-10 03:51:07', NULL),
	(663, NULL, 1, 1, 22, NULL, 6000.00, NULL, NULL, '2018-09-09', NULL, NULL, NULL, NULL, '2018-09-10 07:20:57', '2018-09-10 07:20:57', NULL),
	(664, NULL, 1, 1, 23, NULL, 3000.00, NULL, NULL, '2018-09-09', NULL, NULL, NULL, NULL, '2018-09-10 10:29:04', '2018-09-10 10:29:04', NULL),
	(665, NULL, 3, 3, 21, NULL, 1250.00, NULL, NULL, '2018-09-17', NULL, NULL, NULL, NULL, '2018-09-18 04:32:50', '2018-09-18 04:32:50', NULL),
	(666, NULL, 2, 2, 23, NULL, 3000.00, NULL, NULL, '2018-09-17', NULL, NULL, NULL, NULL, '2018-09-18 06:16:35', '2018-09-18 06:16:35', NULL);
/*!40000 ALTER TABLE `pms_benefitsinfo` ENABLE KEYS */;

-- Dumping structure for table mirdc.pms_benefitsinfo_transactions
DROP TABLE IF EXISTS `pms_benefitsinfo_transactions`;
CREATE TABLE IF NOT EXISTS `pms_benefitsinfo_transactions` (
  `id` int(11) NOT NULL AUTO_INCREMENT,
  `employee_number` varchar(225) DEFAULT NULL,
  `employee_id` int(11) DEFAULT NULL,
  `benefit_id` int(11) DEFAULT NULL,
  `benefitinfo_id` int(11) DEFAULT NULL,
  `sala_absent` int(11) DEFAULT NULL,
  `sala_undertime` int(11) DEFAULT NULL,
  `sala_absent_amount` decimal(9,2) DEFAULT NULL,
  `sala_undertime_amount` decimal(9,2) DEFAULT NULL,
  `days_present` int(11) DEFAULT NULL,
  `hp_rate` decimal(9,2) DEFAULT NULL,
  `no_of_months_entitled` int(11) DEFAULT NULL,
  `amount` decimal(9,2) DEFAULT NULL,
  `year` varchar(50) DEFAULT NULL,
  `month` varchar(50) DEFAULT NULL,
  `status` varchar(50) DEFAULT NULL,
  `created_by` int(11) DEFAULT NULL,
  `updated_by` int(11) DEFAULT NULL,
  `created_at` timestamp NULL DEFAULT NULL,
  `updated_at` timestamp NULL DEFAULT NULL,
  PRIMARY KEY (`id`)
) ENGINE=InnoDB AUTO_INCREMENT=229 DEFAULT CHARSET=latin1;

-- Dumping data for table mirdc.pms_benefitsinfo_transactions: ~220 rows (approximately)
/*!40000 ALTER TABLE `pms_benefitsinfo_transactions` DISABLE KEYS */;
INSERT INTO `pms_benefitsinfo_transactions` (`id`, `employee_number`, `employee_id`, `benefit_id`, `benefitinfo_id`, `sala_absent`, `sala_undertime`, `sala_absent_amount`, `sala_undertime_amount`, `days_present`, `hp_rate`, `no_of_months_entitled`, `amount`, `year`, `month`, `status`, `created_by`, `updated_by`, `created_at`, `updated_at`) VALUES
	(1, '1985005', 1, 5, 216, NULL, NULL, NULL, NULL, NULL, NULL, NULL, 5000.00, '2018', 'November', 'rata', 2, NULL, '2018-11-06 02:28:43', '2018-11-06 02:28:43'),
	(2, '1985005', 1, 6, 225, NULL, NULL, NULL, NULL, NULL, NULL, NULL, 5000.00, '2018', 'November', 'rata', 2, NULL, '2018-11-06 02:28:43', '2018-11-06 02:28:43'),
	(3, '1985005', 1, 4, 1, NULL, NULL, NULL, NULL, NULL, NULL, NULL, 2000.00, '2018', 'November', 'pera', 2, NULL, '2018-11-06 02:28:43', '2018-11-06 02:28:43'),
	(4, '2005001', 2, 4, 2, NULL, NULL, NULL, NULL, NULL, NULL, NULL, 2000.00, '2018', 'November', 'pera', 2, NULL, '2018-11-06 02:28:43', '2018-11-06 02:28:43'),
	(5, '1990008', 3, 4, 3, NULL, NULL, NULL, NULL, NULL, NULL, NULL, 2000.00, '2018', 'November', 'pera', 2, NULL, '2018-11-06 02:28:43', '2018-11-06 02:28:43'),
	(6, '1996003', 4, 4, 4, NULL, NULL, NULL, NULL, NULL, NULL, NULL, 2000.00, '2018', 'November', 'pera', 2, NULL, '2018-11-06 02:28:43', '2018-11-06 02:28:43'),
	(7, '2015001', 5, 4, 5, NULL, NULL, NULL, NULL, NULL, NULL, NULL, 2000.00, '2018', 'November', 'pera', 2, NULL, '2018-11-06 02:28:44', '2018-11-06 02:28:44'),
	(8, '2011008', 6, 4, 6, NULL, NULL, NULL, NULL, NULL, NULL, NULL, 2000.00, '2018', 'November', 'pera', 2, NULL, '2018-11-06 02:28:44', '2018-11-06 02:28:44'),
	(9, '1984001', 7, 4, 7, NULL, NULL, NULL, NULL, NULL, NULL, NULL, 2000.00, '2018', 'November', 'pera', 2, NULL, '2018-11-06 02:28:44', '2018-11-06 02:28:44'),
	(10, '1983003', 8, 4, 8, NULL, NULL, NULL, NULL, NULL, NULL, NULL, 2000.00, '2018', 'November', 'pera', 2, NULL, '2018-11-06 02:28:45', '2018-11-06 02:28:45'),
	(11, '2003001', 9, 4, 9, NULL, NULL, NULL, NULL, NULL, NULL, NULL, 2000.00, '2018', 'November', 'pera', 2, NULL, '2018-11-06 02:28:45', '2018-11-06 02:28:45'),
	(12, '2010016', 10, 4, 10, NULL, NULL, NULL, NULL, NULL, NULL, NULL, 2000.00, '2018', 'November', 'pera', 2, NULL, '2018-11-06 02:28:45', '2018-11-06 02:28:45'),
	(13, '2012005', 11, 4, 11, NULL, NULL, NULL, NULL, NULL, NULL, NULL, 2000.00, '2018', 'November', 'pera', 2, NULL, '2018-11-06 02:28:46', '2018-11-06 02:28:46'),
	(14, '1981002', 12, 4, 12, NULL, NULL, NULL, NULL, NULL, NULL, NULL, 2000.00, '2018', 'November', 'pera', 2, NULL, '2018-11-06 02:28:46', '2018-11-06 02:28:46'),
	(15, '2013006', 13, 4, 13, NULL, NULL, NULL, NULL, NULL, NULL, NULL, 2000.00, '2018', 'November', 'pera', 2, NULL, '2018-11-06 02:28:46', '2018-11-06 02:28:46'),
	(16, '2011019', 14, 4, 14, NULL, NULL, NULL, NULL, NULL, NULL, NULL, 2000.00, '2018', 'November', 'pera', 2, NULL, '2018-11-06 02:28:46', '2018-11-06 02:28:46'),
	(17, '1985004', 15, 4, 15, NULL, NULL, NULL, NULL, NULL, NULL, NULL, 2000.00, '2018', 'November', 'pera', 2, NULL, '2018-11-06 02:28:46', '2018-11-06 02:28:46'),
	(18, '1992007', 16, 4, 16, NULL, NULL, NULL, NULL, NULL, NULL, NULL, 2000.00, '2018', 'November', 'pera', 2, NULL, '2018-11-06 02:28:47', '2018-11-06 02:28:47'),
	(19, '2011018', 17, 4, 17, NULL, NULL, NULL, NULL, NULL, NULL, NULL, 2000.00, '2018', 'November', 'pera', 2, NULL, '2018-11-06 02:28:47', '2018-11-06 02:28:47'),
	(20, '1987004', 18, 4, 18, NULL, NULL, NULL, NULL, NULL, NULL, NULL, 2000.00, '2018', 'November', 'pera', 2, NULL, '2018-11-06 02:28:47', '2018-11-06 02:28:47'),
	(21, '2010005', 19, 4, 19, NULL, NULL, NULL, NULL, NULL, NULL, NULL, 2000.00, '2018', 'November', 'pera', 2, NULL, '2018-11-06 02:28:47', '2018-11-06 02:28:47'),
	(22, '1977001', 20, 4, 20, NULL, NULL, NULL, NULL, NULL, NULL, NULL, 2000.00, '2018', 'November', 'pera', 2, NULL, '2018-11-06 02:28:48', '2018-11-06 02:28:48'),
	(23, '2010002', 21, 4, 21, NULL, NULL, NULL, NULL, NULL, NULL, NULL, 2000.00, '2018', 'November', 'pera', 2, NULL, '2018-11-06 02:28:48', '2018-11-06 02:28:48'),
	(24, '1993004', 22, 4, 22, NULL, NULL, NULL, NULL, NULL, NULL, NULL, 2000.00, '2018', 'November', 'pera', 2, NULL, '2018-11-06 02:28:48', '2018-11-06 02:28:48'),
	(25, '2011020', 23, 4, 23, NULL, NULL, NULL, NULL, NULL, NULL, NULL, 2000.00, '2018', 'November', 'pera', 2, NULL, '2018-11-06 02:28:48', '2018-11-06 02:28:48'),
	(26, '1993002', 24, 4, 24, NULL, NULL, NULL, NULL, NULL, NULL, NULL, 2000.00, '2018', 'November', 'pera', 2, NULL, '2018-11-06 02:28:49', '2018-11-06 02:28:49'),
	(27, '2016009', 25, 4, 25, NULL, NULL, NULL, NULL, NULL, NULL, NULL, 2000.00, '2018', 'November', 'pera', 2, NULL, '2018-11-06 02:28:49', '2018-11-06 02:28:49'),
	(28, '2018005', 26, 4, 26, NULL, NULL, NULL, NULL, NULL, NULL, NULL, 2000.00, '2018', 'November', 'pera', 2, NULL, '2018-11-06 02:28:49', '2018-11-06 02:28:49'),
	(29, '1995005', 27, 4, 27, NULL, NULL, NULL, NULL, NULL, NULL, NULL, 2000.00, '2018', 'November', 'pera', 2, NULL, '2018-11-06 02:28:49', '2018-11-06 02:28:49'),
	(30, '1992003', 28, 4, 28, NULL, NULL, NULL, NULL, NULL, NULL, NULL, 2000.00, '2018', 'November', 'pera', 2, NULL, '2018-11-06 02:28:50', '2018-11-06 02:28:50'),
	(31, '1987013', 29, 4, 29, NULL, NULL, NULL, NULL, NULL, NULL, NULL, 2000.00, '2018', 'November', 'pera', 2, NULL, '2018-11-06 02:28:50', '2018-11-06 02:28:50'),
	(32, '2011023', 30, 4, 30, NULL, NULL, NULL, NULL, NULL, NULL, NULL, 2000.00, '2018', 'November', 'pera', 2, NULL, '2018-11-06 02:28:50', '2018-11-06 02:28:50'),
	(33, '2011017', 31, 4, 31, NULL, NULL, NULL, NULL, NULL, NULL, NULL, 2000.00, '2018', 'November', 'pera', 2, NULL, '2018-11-06 02:28:50', '2018-11-06 02:28:50'),
	(34, '2015003', 32, 4, 32, NULL, NULL, NULL, NULL, NULL, NULL, NULL, 2000.00, '2018', 'November', 'pera', 2, NULL, '2018-11-06 02:28:51', '2018-11-06 02:28:51'),
	(35, '2011033', 33, 4, 33, NULL, NULL, NULL, NULL, NULL, NULL, NULL, 2000.00, '2018', 'November', 'pera', 2, NULL, '2018-11-06 02:28:51', '2018-11-06 02:28:51'),
	(36, '2015005', 34, 4, 34, NULL, NULL, NULL, NULL, NULL, NULL, NULL, 2000.00, '2018', 'November', 'pera', 2, NULL, '2018-11-06 02:28:52', '2018-11-06 02:28:52'),
	(37, '2010011', 35, 4, 35, NULL, NULL, NULL, NULL, NULL, NULL, NULL, 2000.00, '2018', 'November', 'pera', 2, NULL, '2018-11-06 02:28:52', '2018-11-06 02:28:52'),
	(38, '1985001', 37, 4, 37, NULL, NULL, NULL, NULL, NULL, NULL, NULL, 2000.00, '2018', 'November', 'pera', 2, NULL, '2018-11-06 02:28:52', '2018-11-06 02:28:52'),
	(39, '1989005', 38, 4, 38, NULL, NULL, NULL, NULL, NULL, NULL, NULL, 2000.00, '2018', 'November', 'pera', 2, NULL, '2018-11-06 02:28:53', '2018-11-06 02:28:53'),
	(40, '2016010', 39, 4, 39, NULL, NULL, NULL, NULL, NULL, NULL, NULL, 2000.00, '2018', 'November', 'pera', 2, NULL, '2018-11-06 02:28:53', '2018-11-06 02:28:53'),
	(41, '2010014', 40, 4, 40, NULL, NULL, NULL, NULL, NULL, NULL, NULL, 2000.00, '2018', 'November', 'pera', 2, NULL, '2018-11-06 02:28:53', '2018-11-06 02:28:53'),
	(42, '2011002', 41, 4, 41, NULL, NULL, NULL, NULL, NULL, NULL, NULL, 2000.00, '2018', 'November', 'pera', 2, NULL, '2018-11-06 02:28:54', '2018-11-06 02:28:54'),
	(43, '2011037', 42, 4, 42, NULL, NULL, NULL, NULL, NULL, NULL, NULL, 2000.00, '2018', 'November', 'pera', 2, NULL, '2018-11-06 02:28:54', '2018-11-06 02:28:54'),
	(44, '2013002', 43, 4, 43, NULL, NULL, NULL, NULL, NULL, NULL, NULL, 2000.00, '2018', 'November', 'pera', 2, NULL, '2018-11-06 02:28:54', '2018-11-06 02:28:54'),
	(45, '2014009', 44, 4, 44, NULL, NULL, NULL, NULL, NULL, NULL, NULL, 2000.00, '2018', 'November', 'pera', 2, NULL, '2018-11-06 02:28:54', '2018-11-06 02:28:54'),
	(46, '1979003', 46, 4, 46, NULL, NULL, NULL, NULL, NULL, NULL, NULL, 2000.00, '2018', 'November', 'pera', 2, NULL, '2018-11-06 02:28:54', '2018-11-06 02:28:54'),
	(47, '2012012', 47, 4, 47, NULL, NULL, NULL, NULL, NULL, NULL, NULL, 2000.00, '2018', 'November', 'pera', 2, NULL, '2018-11-06 02:28:55', '2018-11-06 02:28:55'),
	(48, '1989006', 49, 4, 49, NULL, NULL, NULL, NULL, NULL, NULL, NULL, 2000.00, '2018', 'November', 'pera', 2, NULL, '2018-11-06 02:28:55', '2018-11-06 02:28:55'),
	(49, '1987009', 50, 4, 50, NULL, NULL, NULL, NULL, NULL, NULL, NULL, 2000.00, '2018', 'November', 'pera', 2, NULL, '2018-11-06 02:28:55', '2018-11-06 02:28:55'),
	(50, '2015008', 51, 4, 51, NULL, NULL, NULL, NULL, NULL, NULL, NULL, 2000.00, '2018', 'November', 'pera', 2, NULL, '2018-11-06 02:28:56', '2018-11-06 02:28:56'),
	(51, '2011032', 52, 4, 52, NULL, NULL, NULL, NULL, NULL, NULL, NULL, 2000.00, '2018', 'November', 'pera', 2, NULL, '2018-11-06 02:28:56', '2018-11-06 02:28:56'),
	(52, '2012011', 53, 4, 53, NULL, NULL, NULL, NULL, NULL, NULL, NULL, 2000.00, '2018', 'November', 'pera', 2, NULL, '2018-11-06 02:28:58', '2018-11-06 02:28:58'),
	(53, '1993001', 54, 4, 54, NULL, NULL, NULL, NULL, NULL, NULL, NULL, 2000.00, '2018', 'November', 'pera', 2, NULL, '2018-11-06 02:28:58', '2018-11-06 02:28:58'),
	(54, '1993006', 55, 4, 55, NULL, NULL, NULL, NULL, NULL, NULL, NULL, 2000.00, '2018', 'November', 'pera', 2, NULL, '2018-11-06 02:28:59', '2018-11-06 02:28:59'),
	(55, '2013003', 56, 4, 56, NULL, NULL, NULL, NULL, NULL, NULL, NULL, 2000.00, '2018', 'November', 'pera', 2, NULL, '2018-11-06 02:29:00', '2018-11-06 02:29:00'),
	(56, '1978007', 57, 4, 57, NULL, NULL, NULL, NULL, NULL, NULL, NULL, 2000.00, '2018', 'November', 'pera', 2, NULL, '2018-11-06 02:29:00', '2018-11-06 02:29:00'),
	(57, '2017006', 58, 4, 58, NULL, NULL, NULL, NULL, NULL, NULL, NULL, 2000.00, '2018', 'November', 'pera', 2, NULL, '2018-11-06 02:29:01', '2018-11-06 02:29:01'),
	(58, '2016005', 59, 4, 59, NULL, NULL, NULL, NULL, NULL, NULL, NULL, 2000.00, '2018', 'November', 'pera', 2, NULL, '2018-11-06 02:29:01', '2018-11-06 02:29:01'),
	(59, '1995007', 60, 4, 60, NULL, NULL, NULL, NULL, NULL, NULL, NULL, 2000.00, '2018', 'November', 'pera', 2, NULL, '2018-11-06 02:29:01', '2018-11-06 02:29:01'),
	(60, '1990013', 61, 4, 61, NULL, NULL, NULL, NULL, NULL, NULL, NULL, 2000.00, '2018', 'November', 'pera', 2, NULL, '2018-11-06 02:29:02', '2018-11-06 02:29:02'),
	(61, '1976004', 62, 4, 62, NULL, NULL, NULL, NULL, NULL, NULL, NULL, 2000.00, '2018', 'November', 'pera', 2, NULL, '2018-11-06 02:29:02', '2018-11-06 02:29:02'),
	(62, '1985007', 63, 4, 63, NULL, NULL, NULL, NULL, NULL, NULL, NULL, 2000.00, '2018', 'November', 'pera', 2, NULL, '2018-11-06 02:29:02', '2018-11-06 02:29:02'),
	(63, '1987010', 64, 4, 64, NULL, NULL, NULL, NULL, NULL, NULL, NULL, 2000.00, '2018', 'November', 'pera', 2, NULL, '2018-11-06 02:29:02', '2018-11-06 02:29:02'),
	(64, '2011011', 65, 4, 65, NULL, NULL, NULL, NULL, NULL, NULL, NULL, 2000.00, '2018', 'November', 'pera', 2, NULL, '2018-11-06 02:29:02', '2018-11-06 02:29:02'),
	(65, '1993008', 66, 4, 66, NULL, NULL, NULL, NULL, NULL, NULL, NULL, 2000.00, '2018', 'November', 'pera', 2, NULL, '2018-11-06 02:29:02', '2018-11-06 02:29:02'),
	(66, '1990001', 67, 4, 67, NULL, NULL, NULL, NULL, NULL, NULL, NULL, 2000.00, '2018', 'November', 'pera', 2, NULL, '2018-11-06 02:29:03', '2018-11-06 02:29:03'),
	(67, '1990007', 68, 4, 68, NULL, NULL, NULL, NULL, NULL, NULL, NULL, 2000.00, '2018', 'November', 'pera', 2, NULL, '2018-11-06 02:29:03', '2018-11-06 02:29:03'),
	(68, '1981003', 69, 4, 69, NULL, NULL, NULL, NULL, NULL, NULL, NULL, 2000.00, '2018', 'November', 'pera', 2, NULL, '2018-11-06 02:29:03', '2018-11-06 02:29:03'),
	(69, '1995001', 70, 4, 70, NULL, NULL, NULL, NULL, NULL, NULL, NULL, 2000.00, '2018', 'November', 'pera', 2, NULL, '2018-11-06 02:29:03', '2018-11-06 02:29:03'),
	(70, '1987001', 71, 4, 71, NULL, NULL, NULL, NULL, NULL, NULL, NULL, 2000.00, '2018', 'November', 'pera', 2, NULL, '2018-11-06 02:29:03', '2018-11-06 02:29:03'),
	(71, '1990011', 72, 4, 72, NULL, NULL, NULL, NULL, NULL, NULL, NULL, 2000.00, '2018', 'November', 'pera', 2, NULL, '2018-11-06 02:29:04', '2018-11-06 02:29:04'),
	(72, '1988001', 73, 4, 73, NULL, NULL, NULL, NULL, NULL, NULL, NULL, 2000.00, '2018', 'November', 'pera', 2, NULL, '2018-11-06 02:29:04', '2018-11-06 02:29:04'),
	(73, '2012001', 74, 4, 74, NULL, NULL, NULL, NULL, NULL, NULL, NULL, 2000.00, '2018', 'November', 'pera', 2, NULL, '2018-11-06 02:29:04', '2018-11-06 02:29:04'),
	(74, '2016002', 75, 5, 217, NULL, NULL, NULL, NULL, NULL, NULL, NULL, 9000.00, '2018', 'November', 'rata', 2, NULL, '2018-11-06 02:29:05', '2018-11-06 02:29:05'),
	(75, '2016002', 75, 6, 226, NULL, NULL, NULL, NULL, NULL, NULL, NULL, 9000.00, '2018', 'November', 'rata', 2, NULL, '2018-11-06 02:29:05', '2018-11-06 02:29:05'),
	(76, '2016002', 75, 4, 75, NULL, NULL, NULL, NULL, NULL, NULL, NULL, 2000.00, '2018', 'November', 'pera', 2, NULL, '2018-11-06 02:29:05', '2018-11-06 02:29:05'),
	(77, '2016003', 76, 4, 76, NULL, NULL, NULL, NULL, NULL, NULL, NULL, 2000.00, '2018', 'November', 'pera', 2, NULL, '2018-11-06 02:29:05', '2018-11-06 02:29:05'),
	(78, '2015006', 77, 4, 77, NULL, NULL, NULL, NULL, NULL, NULL, NULL, 2000.00, '2018', 'November', 'pera', 2, NULL, '2018-11-06 02:29:05', '2018-11-06 02:29:05'),
	(79, '2011021', 78, 4, 78, NULL, NULL, NULL, NULL, NULL, NULL, NULL, 2000.00, '2018', 'November', 'pera', 2, NULL, '2018-11-06 02:29:05', '2018-11-06 02:29:05'),
	(80, '1983001', 79, 4, 79, NULL, NULL, NULL, NULL, NULL, NULL, NULL, 2000.00, '2018', 'November', 'pera', 2, NULL, '2018-11-06 02:29:05', '2018-11-06 02:29:05'),
	(81, '1983002', 80, 4, 80, NULL, NULL, NULL, NULL, NULL, NULL, NULL, 2000.00, '2018', 'November', 'pera', 2, NULL, '2018-11-06 02:29:06', '2018-11-06 02:29:06'),
	(82, '2010019', 81, 4, 81, NULL, NULL, NULL, NULL, NULL, NULL, NULL, 2000.00, '2018', 'November', 'pera', 2, NULL, '2018-11-06 02:29:06', '2018-11-06 02:29:06'),
	(83, '2010010', 82, 4, 82, NULL, NULL, NULL, NULL, NULL, NULL, NULL, 2000.00, '2018', 'November', 'pera', 2, NULL, '2018-11-06 02:29:07', '2018-11-06 02:29:07'),
	(84, '1977004', 83, 4, 83, NULL, NULL, NULL, NULL, NULL, NULL, NULL, 2000.00, '2018', 'November', 'pera', 2, NULL, '2018-11-06 02:29:07', '2018-11-06 02:29:07'),
	(85, '1997001', 84, 4, 84, NULL, NULL, NULL, NULL, NULL, NULL, NULL, 2000.00, '2018', 'November', 'pera', 2, NULL, '2018-11-06 02:29:07', '2018-11-06 02:29:07'),
	(86, '1987002', 85, 4, 85, NULL, NULL, NULL, NULL, NULL, NULL, NULL, 2000.00, '2018', 'November', 'pera', 2, NULL, '2018-11-06 02:29:07', '2018-11-06 02:29:07'),
	(87, '2015011', 86, 4, 86, NULL, NULL, NULL, NULL, NULL, NULL, NULL, 2000.00, '2018', 'November', 'pera', 2, NULL, '2018-11-06 02:29:08', '2018-11-06 02:29:08'),
	(88, '2015010', 87, 4, 87, NULL, NULL, NULL, NULL, NULL, NULL, NULL, 2000.00, '2018', 'November', 'pera', 2, NULL, '2018-11-06 02:29:08', '2018-11-06 02:29:08'),
	(89, '1980001', 88, 4, 88, NULL, NULL, NULL, NULL, NULL, NULL, NULL, 2000.00, '2018', 'November', 'pera', 2, NULL, '2018-11-06 02:29:09', '2018-11-06 02:29:09'),
	(90, '2012006', 89, 4, 89, NULL, NULL, NULL, NULL, NULL, NULL, NULL, 2000.00, '2018', 'November', 'pera', 2, NULL, '2018-11-06 02:29:09', '2018-11-06 02:29:09'),
	(91, '1992006', 90, 4, 90, NULL, NULL, NULL, NULL, NULL, NULL, NULL, 2000.00, '2018', 'November', 'pera', 2, NULL, '2018-11-06 02:29:09', '2018-11-06 02:29:09'),
	(92, '2011024', 91, 4, 91, NULL, NULL, NULL, NULL, NULL, NULL, NULL, 2000.00, '2018', 'November', 'pera', 2, NULL, '2018-11-06 02:29:09', '2018-11-06 02:29:09'),
	(93, '1987003', 92, 4, 92, NULL, NULL, NULL, NULL, NULL, NULL, NULL, 2000.00, '2018', 'November', 'pera', 2, NULL, '2018-11-06 02:29:10', '2018-11-06 02:29:10'),
	(94, '1989003', 93, 5, 218, NULL, NULL, NULL, NULL, NULL, NULL, NULL, 8500.00, '2018', 'November', 'rata', 2, NULL, '2018-11-06 02:29:11', '2018-11-06 02:29:11'),
	(95, '1989003', 93, 6, 227, NULL, NULL, NULL, NULL, NULL, NULL, NULL, 7340.91, '2018', 'November', 'rata', 2, NULL, '2018-11-06 02:29:11', '2018-11-06 02:29:11'),
	(96, '1989003', 93, 4, 93, NULL, NULL, NULL, NULL, NULL, NULL, NULL, 2000.00, '2018', 'November', 'pera', 2, NULL, '2018-11-06 02:29:11', '2018-11-06 02:29:11'),
	(97, '2011013', 94, 4, 94, NULL, NULL, NULL, NULL, NULL, NULL, NULL, 2000.00, '2018', 'November', 'pera', 2, NULL, '2018-11-06 02:29:11', '2018-11-06 02:29:11'),
	(98, '1985002', 95, 4, 95, NULL, NULL, NULL, NULL, NULL, NULL, NULL, 2000.00, '2018', 'November', 'pera', 2, NULL, '2018-11-06 02:29:11', '2018-11-06 02:29:11'),
	(99, '2011034', 96, 4, 96, NULL, NULL, NULL, NULL, NULL, NULL, NULL, 2000.00, '2018', 'November', 'pera', 2, NULL, '2018-11-06 02:29:12', '2018-11-06 02:29:12'),
	(100, '2011015', 97, 4, 97, NULL, NULL, NULL, NULL, NULL, NULL, NULL, 2000.00, '2018', 'November', 'pera', 2, NULL, '2018-11-06 02:29:12', '2018-11-06 02:29:12'),
	(101, '2010004', 98, 4, 98, NULL, NULL, NULL, NULL, NULL, NULL, NULL, 2000.00, '2018', 'November', 'pera', 2, NULL, '2018-11-06 02:29:12', '2018-11-06 02:29:12'),
	(102, '1988002', 99, 4, 99, NULL, NULL, NULL, NULL, NULL, NULL, NULL, 2000.00, '2018', 'November', 'pera', 2, NULL, '2018-11-06 02:29:13', '2018-11-06 02:29:13'),
	(103, '1976002', 100, 4, 100, NULL, NULL, NULL, NULL, NULL, NULL, NULL, 2000.00, '2018', 'November', 'pera', 2, NULL, '2018-11-06 02:29:13', '2018-11-06 02:29:13'),
	(104, '1987006', 101, 4, 101, NULL, NULL, NULL, NULL, NULL, NULL, NULL, 2000.00, '2018', 'November', 'pera', 2, NULL, '2018-11-06 02:29:14', '2018-11-06 02:29:14'),
	(105, '2011027', 102, 4, 102, NULL, NULL, NULL, NULL, NULL, NULL, NULL, 2000.00, '2018', 'November', 'pera', 2, NULL, '2018-11-06 02:29:14', '2018-11-06 02:29:14'),
	(106, '2013004', 103, 4, 103, NULL, NULL, NULL, NULL, NULL, NULL, NULL, 2000.00, '2018', 'November', 'pera', 2, NULL, '2018-11-06 02:29:14', '2018-11-06 02:29:14'),
	(107, '2016006', 104, 4, 104, NULL, NULL, NULL, NULL, NULL, NULL, NULL, 2000.00, '2018', 'November', 'pera', 2, NULL, '2018-11-06 02:29:14', '2018-11-06 02:29:14'),
	(108, '1977002', 105, 4, 105, NULL, NULL, NULL, NULL, NULL, NULL, NULL, 2000.00, '2018', 'November', 'pera', 2, NULL, '2018-11-06 02:29:15', '2018-11-06 02:29:15'),
	(109, '2010017', 106, 4, 106, NULL, NULL, NULL, NULL, NULL, NULL, NULL, 2000.00, '2018', 'November', 'pera', 2, NULL, '2018-11-06 02:29:15', '2018-11-06 02:29:15'),
	(110, '2017001', 107, 4, 107, NULL, NULL, NULL, NULL, NULL, NULL, NULL, 2000.00, '2018', 'November', 'pera', 2, NULL, '2018-11-06 02:29:16', '2018-11-06 02:29:16'),
	(111, '1990012', 109, 4, 109, NULL, NULL, NULL, NULL, NULL, NULL, NULL, 2000.00, '2018', 'November', 'pera', 2, NULL, '2018-11-06 02:29:16', '2018-11-06 02:29:16'),
	(112, '1989004', 110, 4, 110, NULL, NULL, NULL, NULL, NULL, NULL, NULL, 2000.00, '2018', 'November', 'pera', 2, NULL, '2018-11-06 02:29:16', '2018-11-06 02:29:16'),
	(113, '1994003', 111, 4, 111, NULL, NULL, NULL, NULL, NULL, NULL, NULL, 2000.00, '2018', 'November', 'pera', 2, NULL, '2018-11-06 02:29:16', '2018-11-06 02:29:16'),
	(114, '2011009', 112, 4, 112, NULL, NULL, NULL, NULL, NULL, NULL, NULL, 2000.00, '2018', 'November', 'pera', 2, NULL, '2018-11-06 02:29:16', '2018-11-06 02:29:16'),
	(115, '2012013', 113, 4, 113, NULL, NULL, NULL, NULL, NULL, NULL, NULL, 2000.00, '2018', 'November', 'pera', 2, NULL, '2018-11-06 02:29:16', '2018-11-06 02:29:16'),
	(116, '1978002', 114, 4, 114, NULL, NULL, NULL, NULL, NULL, NULL, NULL, 2000.00, '2018', 'November', 'pera', 2, NULL, '2018-11-06 02:29:17', '2018-11-06 02:29:17'),
	(117, '1981001', 115, 4, 115, NULL, NULL, NULL, NULL, NULL, NULL, NULL, 2000.00, '2018', 'November', 'pera', 2, NULL, '2018-11-06 02:29:18', '2018-11-06 02:29:18'),
	(118, '1992009', 116, 4, 116, NULL, NULL, NULL, NULL, NULL, NULL, NULL, 2000.00, '2018', 'November', 'pera', 2, NULL, '2018-11-06 02:29:18', '2018-11-06 02:29:18'),
	(119, '1989002', 117, 4, 117, NULL, NULL, NULL, NULL, NULL, NULL, NULL, 2000.00, '2018', 'November', 'pera', 2, NULL, '2018-11-06 02:29:18', '2018-11-06 02:29:18'),
	(120, '1990006', 118, 4, 118, NULL, NULL, NULL, NULL, NULL, NULL, NULL, 2000.00, '2018', 'November', 'pera', 2, NULL, '2018-11-06 02:29:19', '2018-11-06 02:29:19'),
	(121, '1992001', 119, 4, 119, NULL, NULL, NULL, NULL, NULL, NULL, NULL, 2000.00, '2018', 'November', 'pera', 2, NULL, '2018-11-06 02:29:19', '2018-11-06 02:29:19'),
	(122, '2016007', 120, 4, 120, NULL, NULL, NULL, NULL, NULL, NULL, NULL, 2000.00, '2018', 'November', 'pera', 2, NULL, '2018-11-06 02:29:19', '2018-11-06 02:29:19'),
	(123, '2014008', 121, 4, 121, NULL, NULL, NULL, NULL, NULL, NULL, NULL, 2000.00, '2018', 'November', 'pera', 2, NULL, '2018-11-06 02:29:19', '2018-11-06 02:29:19'),
	(124, '1980002', 122, 4, 122, NULL, NULL, NULL, NULL, NULL, NULL, NULL, 2000.00, '2018', 'November', 'pera', 2, NULL, '2018-11-06 02:29:19', '2018-11-06 02:29:19'),
	(125, '1988003', 123, 4, 123, NULL, NULL, NULL, NULL, NULL, NULL, NULL, 2000.00, '2018', 'November', 'pera', 2, NULL, '2018-11-06 02:29:20', '2018-11-06 02:29:20'),
	(126, '2011025', 124, 4, 124, NULL, NULL, NULL, NULL, NULL, NULL, NULL, 2000.00, '2018', 'November', 'pera', 2, NULL, '2018-11-06 02:29:20', '2018-11-06 02:29:20'),
	(127, '1992004', 125, 5, 219, NULL, NULL, NULL, NULL, NULL, NULL, NULL, 5000.00, '2018', 'November', 'rata', 2, NULL, '2018-11-06 02:29:20', '2018-11-06 02:29:20'),
	(128, '1992004', 125, 6, 228, NULL, NULL, NULL, NULL, NULL, NULL, NULL, 4318.19, '2018', 'November', 'rata', 2, NULL, '2018-11-06 02:29:20', '2018-11-06 02:29:20'),
	(129, '1992004', 125, 4, 125, NULL, NULL, NULL, NULL, NULL, NULL, NULL, 2000.00, '2018', 'November', 'pera', 2, NULL, '2018-11-06 02:29:20', '2018-11-06 02:29:20'),
	(130, '2010021', 126, 4, 126, NULL, NULL, NULL, NULL, NULL, NULL, NULL, 2000.00, '2018', 'November', 'pera', 2, NULL, '2018-11-06 02:29:21', '2018-11-06 02:29:21'),
	(131, '1984003', 127, 4, 127, NULL, NULL, NULL, NULL, NULL, NULL, NULL, 2000.00, '2018', 'November', 'pera', 2, NULL, '2018-11-06 02:29:22', '2018-11-06 02:29:22'),
	(132, '2011010', 128, 4, 128, NULL, NULL, NULL, NULL, NULL, NULL, NULL, 2000.00, '2018', 'November', 'pera', 2, NULL, '2018-11-06 02:29:22', '2018-11-06 02:29:22'),
	(133, '2015012', 129, 4, 129, NULL, NULL, NULL, NULL, NULL, NULL, NULL, 2000.00, '2018', 'November', 'pera', 2, NULL, '2018-11-06 02:29:22', '2018-11-06 02:29:22'),
	(134, '2017004', 130, 4, 130, NULL, NULL, NULL, NULL, NULL, NULL, NULL, 2000.00, '2018', 'November', 'pera', 2, NULL, '2018-11-06 02:29:22', '2018-11-06 02:29:22'),
	(135, '1990002', 132, 4, 132, NULL, NULL, NULL, NULL, NULL, NULL, NULL, 2000.00, '2018', 'November', 'pera', 2, NULL, '2018-11-06 02:29:23', '2018-11-06 02:29:23'),
	(136, '2017003', 133, 4, 133, NULL, NULL, NULL, NULL, NULL, NULL, NULL, 2000.00, '2018', 'November', 'pera', 2, NULL, '2018-11-06 02:29:24', '2018-11-06 02:29:24'),
	(137, '2018002', 134, 4, 134, NULL, NULL, NULL, NULL, NULL, NULL, NULL, 2000.00, '2018', 'November', 'pera', 2, NULL, '2018-11-06 02:29:24', '2018-11-06 02:29:24'),
	(138, '2017007', 135, 4, 135, NULL, NULL, NULL, NULL, NULL, NULL, NULL, 2000.00, '2018', 'November', 'pera', 2, NULL, '2018-11-06 02:29:25', '2018-11-06 02:29:25'),
	(139, '2011036', 136, 4, 136, NULL, NULL, NULL, NULL, NULL, NULL, NULL, 2000.00, '2018', 'November', 'pera', 2, NULL, '2018-11-06 02:29:25', '2018-11-06 02:29:25'),
	(140, '2011014', 137, 4, 137, NULL, NULL, NULL, NULL, NULL, NULL, NULL, 2000.00, '2018', 'November', 'pera', 2, NULL, '2018-11-06 02:29:25', '2018-11-06 02:29:25'),
	(141, '1985008', 138, 4, 138, NULL, NULL, NULL, NULL, NULL, NULL, NULL, 2000.00, '2018', 'November', 'pera', 2, NULL, '2018-11-06 02:29:25', '2018-11-06 02:29:25'),
	(142, '2012007', 139, 4, 139, NULL, NULL, NULL, NULL, NULL, NULL, NULL, 2000.00, '2018', 'November', 'pera', 2, NULL, '2018-11-06 02:29:26', '2018-11-06 02:29:26'),
	(143, '1990005', 140, 4, 140, NULL, NULL, NULL, NULL, NULL, NULL, NULL, 2000.00, '2018', 'November', 'pera', 2, NULL, '2018-11-06 02:29:26', '2018-11-06 02:29:26'),
	(144, '2015002', 141, 4, 141, NULL, NULL, NULL, NULL, NULL, NULL, NULL, 2000.00, '2018', 'November', 'pera', 2, NULL, '2018-11-06 02:29:27', '2018-11-06 02:29:27'),
	(145, '2011001', 142, 4, 142, NULL, NULL, NULL, NULL, NULL, NULL, NULL, 2000.00, '2018', 'November', 'pera', 2, NULL, '2018-11-06 02:29:27', '2018-11-06 02:29:27'),
	(146, '1978005', 143, 4, 143, NULL, NULL, NULL, NULL, NULL, NULL, NULL, 2000.00, '2018', 'November', 'pera', 2, NULL, '2018-11-06 02:29:27', '2018-11-06 02:29:27'),
	(147, '2014010', 144, 4, 144, NULL, NULL, NULL, NULL, NULL, NULL, NULL, 2000.00, '2018', 'November', 'pera', 2, NULL, '2018-11-06 02:29:27', '2018-11-06 02:29:27'),
	(148, '1994001', 145, 4, 145, NULL, NULL, NULL, NULL, NULL, NULL, NULL, 2000.00, '2018', 'November', 'pera', 2, NULL, '2018-11-06 02:29:27', '2018-11-06 02:29:27'),
	(149, '1994002', 146, 4, 146, NULL, NULL, NULL, NULL, NULL, NULL, NULL, 2000.00, '2018', 'November', 'pera', 2, NULL, '2018-11-06 02:29:28', '2018-11-06 02:29:28'),
	(150, '2012009', 147, 4, 147, NULL, NULL, NULL, NULL, NULL, NULL, NULL, 2000.00, '2018', 'November', 'pera', 2, NULL, '2018-11-06 02:29:28', '2018-11-06 02:29:28'),
	(151, '1992002', 148, 4, 148, NULL, NULL, NULL, NULL, NULL, NULL, NULL, 2000.00, '2018', 'November', 'pera', 2, NULL, '2018-11-06 02:29:29', '2018-11-06 02:29:29'),
	(152, '2014006', 149, 5, 220, NULL, NULL, NULL, NULL, NULL, NULL, NULL, 5000.00, '2018', 'November', 'rata', 2, NULL, '2018-11-06 02:29:29', '2018-11-06 02:29:29'),
	(153, '2014006', 149, 6, 229, NULL, NULL, NULL, NULL, NULL, NULL, NULL, 4772.73, '2018', 'November', 'rata', 2, NULL, '2018-11-06 02:29:29', '2018-11-06 02:29:29'),
	(154, '2014006', 149, 4, 149, NULL, NULL, NULL, NULL, NULL, NULL, NULL, 2000.00, '2018', 'November', 'pera', 2, NULL, '2018-11-06 02:29:29', '2018-11-06 02:29:29'),
	(155, '2014002', 150, 4, 150, NULL, NULL, NULL, NULL, NULL, NULL, NULL, 2000.00, '2018', 'November', 'pera', 2, NULL, '2018-11-06 02:29:30', '2018-11-06 02:29:30'),
	(156, '2017002', 151, 4, 151, NULL, NULL, NULL, NULL, NULL, NULL, NULL, 2000.00, '2018', 'November', 'pera', 2, NULL, '2018-11-06 02:29:31', '2018-11-06 02:29:31'),
	(157, '2011030', 152, 4, 152, NULL, NULL, NULL, NULL, NULL, NULL, NULL, 2000.00, '2018', 'November', 'pera', 2, NULL, '2018-11-06 02:29:31', '2018-11-06 02:29:31'),
	(158, '2011026', 153, 4, 153, NULL, NULL, NULL, NULL, NULL, NULL, NULL, 2000.00, '2018', 'November', 'pera', 2, NULL, '2018-11-06 02:29:31', '2018-11-06 02:29:31'),
	(159, '2016011', 154, 4, 154, NULL, NULL, NULL, NULL, NULL, NULL, NULL, 2000.00, '2018', 'November', 'pera', 2, NULL, '2018-11-06 02:29:31', '2018-11-06 02:29:31'),
	(160, '2010003', 155, 4, 155, NULL, NULL, NULL, NULL, NULL, NULL, NULL, 2000.00, '2018', 'November', 'pera', 2, NULL, '2018-11-06 02:29:32', '2018-11-06 02:29:32'),
	(161, '2015014', 156, 4, 156, NULL, NULL, NULL, NULL, NULL, NULL, NULL, 2000.00, '2018', 'November', 'pera', 2, NULL, '2018-11-06 02:29:32', '2018-11-06 02:29:32'),
	(162, '2013007', 157, 4, 157, NULL, NULL, NULL, NULL, NULL, NULL, NULL, 2000.00, '2018', 'November', 'pera', 2, NULL, '2018-11-06 02:29:33', '2018-11-06 02:29:33'),
	(163, '2017005', 158, 4, 158, NULL, NULL, NULL, NULL, NULL, NULL, NULL, 2000.00, '2018', 'November', 'pera', 2, NULL, '2018-11-06 02:29:33', '2018-11-06 02:29:33'),
	(164, '2003002', 159, 4, 159, NULL, NULL, NULL, NULL, NULL, NULL, NULL, 2000.00, '2018', 'November', 'pera', 2, NULL, '2018-11-06 02:29:33', '2018-11-06 02:29:33'),
	(165, '1992005', 160, 4, 160, NULL, NULL, NULL, NULL, NULL, NULL, NULL, 2000.00, '2018', 'November', 'pera', 2, NULL, '2018-11-06 02:29:33', '2018-11-06 02:29:33'),
	(166, '2013001', 161, 4, 161, NULL, NULL, NULL, NULL, NULL, NULL, NULL, 2000.00, '2018', 'November', 'pera', 2, NULL, '2018-11-06 02:29:34', '2018-11-06 02:29:34'),
	(167, '1990014', 162, 5, 221, NULL, NULL, NULL, NULL, NULL, NULL, NULL, 5000.00, '2018', 'November', 'rata', 2, NULL, '2018-11-06 02:29:34', '2018-11-06 02:29:34'),
	(168, '1990014', 162, 6, 230, NULL, NULL, NULL, NULL, NULL, NULL, NULL, 5000.00, '2018', 'November', 'rata', 2, NULL, '2018-11-06 02:29:34', '2018-11-06 02:29:34'),
	(169, '1990014', 162, 4, 162, NULL, NULL, NULL, NULL, NULL, NULL, NULL, 2000.00, '2018', 'November', 'pera', 2, NULL, '2018-11-06 02:29:34', '2018-11-06 02:29:34'),
	(170, '2016008', 163, 4, 163, NULL, NULL, NULL, NULL, NULL, NULL, NULL, 2000.00, '2018', 'November', 'pera', 2, NULL, '2018-11-06 02:29:34', '2018-11-06 02:29:34'),
	(171, '1989001', 164, 4, 164, NULL, NULL, NULL, NULL, NULL, NULL, NULL, 2000.00, '2018', 'November', 'pera', 2, NULL, '2018-11-06 02:29:34', '2018-11-06 02:29:34'),
	(172, '2008003', 165, 4, 165, NULL, NULL, NULL, NULL, NULL, NULL, NULL, 2000.00, '2018', 'November', 'pera', 2, NULL, '2018-11-06 02:29:35', '2018-11-06 02:29:35'),
	(173, '1995004', 166, 4, 166, NULL, NULL, NULL, NULL, NULL, NULL, NULL, 2000.00, '2018', 'November', 'pera', 2, NULL, '2018-11-06 02:29:35', '2018-11-06 02:29:35'),
	(174, '2010012', 167, 4, 167, NULL, NULL, NULL, NULL, NULL, NULL, NULL, 2000.00, '2018', 'November', 'pera', 2, NULL, '2018-11-06 02:29:36', '2018-11-06 02:29:36'),
	(175, '1995006', 168, 4, 168, NULL, NULL, NULL, NULL, NULL, NULL, NULL, 2000.00, '2018', 'November', 'pera', 2, NULL, '2018-11-06 02:29:37', '2018-11-06 02:29:37'),
	(176, '1996001', 169, 4, 169, NULL, NULL, NULL, NULL, NULL, NULL, NULL, 2000.00, '2018', 'November', 'pera', 2, NULL, '2018-11-06 02:29:37', '2018-11-06 02:29:37'),
	(177, '1990004', 170, 5, 222, NULL, NULL, NULL, NULL, NULL, NULL, NULL, 5000.00, '2018', 'November', 'rata', 2, NULL, '2018-11-06 02:29:37', '2018-11-06 02:29:37'),
	(178, '1990004', 170, 6, 231, NULL, NULL, NULL, NULL, NULL, NULL, NULL, 5000.00, '2018', 'November', 'rata', 2, NULL, '2018-11-06 02:29:37', '2018-11-06 02:29:37'),
	(179, '1990004', 170, 4, 170, NULL, NULL, NULL, NULL, NULL, NULL, NULL, 2000.00, '2018', 'November', 'pera', 2, NULL, '2018-11-06 02:29:37', '2018-11-06 02:29:37'),
	(180, '1994004', 171, 4, 171, NULL, NULL, NULL, NULL, NULL, NULL, NULL, 2000.00, '2018', 'November', 'pera', 2, NULL, '2018-11-06 02:29:38', '2018-11-06 02:29:38'),
	(181, '2014007', 172, 4, 172, NULL, NULL, NULL, NULL, NULL, NULL, NULL, 2000.00, '2018', 'November', 'pera', 2, NULL, '2018-11-06 02:29:39', '2018-11-06 02:29:39'),
	(182, '2015004', 173, 4, 173, NULL, NULL, NULL, NULL, NULL, NULL, NULL, 2000.00, '2018', 'November', 'pera', 2, NULL, '2018-11-06 02:29:39', '2018-11-06 02:29:39'),
	(183, '1990003', 174, 5, 223, NULL, NULL, NULL, NULL, NULL, NULL, NULL, 8500.00, '2018', 'November', 'rata', 2, NULL, '2018-11-06 02:29:40', '2018-11-06 02:29:40'),
	(184, '1990003', 174, 6, 232, NULL, NULL, NULL, NULL, NULL, NULL, NULL, 8500.00, '2018', 'November', 'rata', 2, NULL, '2018-11-06 02:29:40', '2018-11-06 02:29:40'),
	(185, '1990003', 174, 4, 174, NULL, NULL, NULL, NULL, NULL, NULL, NULL, 2000.00, '2018', 'November', 'pera', 2, NULL, '2018-11-06 02:29:40', '2018-11-06 02:29:40'),
	(186, '2011035', 175, 4, 175, NULL, NULL, NULL, NULL, NULL, NULL, NULL, 2000.00, '2018', 'November', 'pera', 2, NULL, '2018-11-06 02:29:41', '2018-11-06 02:29:41'),
	(187, '2015007', 176, 4, 176, NULL, NULL, NULL, NULL, NULL, NULL, NULL, 2000.00, '2018', 'November', 'pera', 2, NULL, '2018-11-06 02:29:41', '2018-11-06 02:29:41'),
	(188, '1993007', 177, 4, 177, NULL, NULL, NULL, NULL, NULL, NULL, NULL, 2000.00, '2018', 'November', 'pera', 2, NULL, '2018-11-06 02:29:42', '2018-11-06 02:29:42'),
	(189, '1976001', 178, 4, 178, NULL, NULL, NULL, NULL, NULL, NULL, NULL, 2000.00, '2018', 'November', 'pera', 2, NULL, '2018-11-06 02:29:42', '2018-11-06 02:29:42'),
	(190, '1987007', 179, 4, 179, NULL, NULL, NULL, NULL, NULL, NULL, NULL, 2000.00, '2018', 'November', 'pera', 2, NULL, '2018-11-06 02:29:43', '2018-11-06 02:29:43'),
	(191, '2016004', 180, 4, 180, NULL, NULL, NULL, NULL, NULL, NULL, NULL, 2000.00, '2018', 'November', 'pera', 2, NULL, '2018-11-06 02:29:43', '2018-11-06 02:29:43'),
	(192, '2012002', 181, 4, 181, NULL, NULL, NULL, NULL, NULL, NULL, NULL, 2000.00, '2018', 'November', 'pera', 2, NULL, '2018-11-06 02:29:43', '2018-11-06 02:29:43'),
	(193, '1978003', 182, 4, 182, NULL, NULL, NULL, NULL, NULL, NULL, NULL, 2000.00, '2018', 'November', 'pera', 2, NULL, '2018-11-06 02:29:44', '2018-11-06 02:29:44'),
	(194, '1991001', 183, 4, 183, NULL, NULL, NULL, NULL, NULL, NULL, NULL, 2000.00, '2018', 'November', 'pera', 2, NULL, '2018-11-06 02:29:44', '2018-11-06 02:29:44'),
	(195, '2012003', 184, 4, 184, NULL, NULL, NULL, NULL, NULL, NULL, NULL, 2000.00, '2018', 'November', 'pera', 2, NULL, '2018-11-06 02:29:45', '2018-11-06 02:29:45'),
	(196, '1979002', 185, 4, 185, NULL, NULL, NULL, NULL, NULL, NULL, NULL, 2000.00, '2018', 'November', 'pera', 2, NULL, '2018-11-06 02:29:45', '2018-11-06 02:29:45'),
	(197, '2012004', 186, 4, 186, NULL, NULL, NULL, NULL, NULL, NULL, NULL, 2000.00, '2018', 'November', 'pera', 2, NULL, '2018-11-06 02:29:46', '2018-11-06 02:29:46'),
	(198, '1992008', 187, 4, 187, NULL, NULL, NULL, NULL, NULL, NULL, NULL, 2000.00, '2018', 'November', 'pera', 2, NULL, '2018-11-06 02:29:46', '2018-11-06 02:29:46'),
	(199, '1994005', 188, 4, 188, NULL, NULL, NULL, NULL, NULL, NULL, NULL, 2000.00, '2018', 'November', 'pera', 2, NULL, '2018-11-06 02:29:46', '2018-11-06 02:29:46'),
	(200, '1993003', 189, 4, 189, NULL, NULL, NULL, NULL, NULL, NULL, NULL, 2000.00, '2018', 'November', 'pera', 2, NULL, '2018-11-06 02:29:46', '2018-11-06 02:29:46'),
	(201, '1987011', 190, 4, 190, NULL, NULL, NULL, NULL, NULL, NULL, NULL, 2000.00, '2018', 'November', 'pera', 2, NULL, '2018-11-06 02:29:46', '2018-11-06 02:29:46'),
	(202, '2016001', 191, 4, 191, NULL, NULL, NULL, NULL, NULL, NULL, NULL, 2000.00, '2018', 'November', 'pera', 2, NULL, '2018-11-06 02:29:47', '2018-11-06 02:29:47'),
	(203, '1985003', 192, 4, 192, NULL, NULL, NULL, NULL, NULL, NULL, NULL, 2000.00, '2018', 'November', 'pera', 2, NULL, '2018-11-06 02:29:47', '2018-11-06 02:29:47'),
	(204, '1990009', 193, 4, 193, NULL, NULL, NULL, NULL, NULL, NULL, NULL, 2000.00, '2018', 'November', 'pera', 2, NULL, '2018-11-06 02:29:47', '2018-11-06 02:29:47'),
	(205, '1978001', 194, 4, 194, NULL, NULL, NULL, NULL, NULL, NULL, NULL, 2000.00, '2018', 'November', 'pera', 2, NULL, '2018-11-06 02:29:47', '2018-11-06 02:29:47'),
	(206, '1993005', 195, 4, 195, NULL, NULL, NULL, NULL, NULL, NULL, NULL, 2000.00, '2018', 'November', 'pera', 2, NULL, '2018-11-06 02:29:48', '2018-11-06 02:29:48'),
	(207, '1979001', 196, 4, 196, NULL, NULL, NULL, NULL, NULL, NULL, NULL, 2000.00, '2018', 'November', 'pera', 2, NULL, '2018-11-06 02:29:48', '2018-11-06 02:29:48'),
	(208, '2010013', 197, 4, 197, NULL, NULL, NULL, NULL, NULL, NULL, NULL, 2000.00, '2018', 'November', 'pera', 2, NULL, '2018-11-06 02:29:50', '2018-11-06 02:29:50'),
	(209, '2016012', 198, 4, 198, NULL, NULL, NULL, NULL, NULL, NULL, NULL, 2000.00, '2018', 'November', 'pera', 2, NULL, '2018-11-06 02:29:51', '2018-11-06 02:29:51'),
	(210, '1978009', 199, 4, 199, NULL, NULL, NULL, NULL, NULL, NULL, NULL, 2000.00, '2018', 'November', 'pera', 2, NULL, '2018-11-06 02:29:51', '2018-11-06 02:29:51'),
	(211, '2014004', 200, 4, 200, NULL, NULL, NULL, NULL, NULL, NULL, NULL, 2000.00, '2018', 'November', 'pera', 2, NULL, '2018-11-06 02:29:51', '2018-11-06 02:29:51'),
	(212, '2018001', 201, 4, 201, NULL, NULL, NULL, NULL, NULL, NULL, NULL, 2000.00, '2018', 'November', 'pera', 2, NULL, '2018-11-06 02:29:52', '2018-11-06 02:29:52'),
	(213, '1987005', 202, 4, 202, NULL, NULL, NULL, NULL, NULL, NULL, NULL, 2000.00, '2018', 'November', 'pera', 2, NULL, '2018-11-06 02:29:52', '2018-11-06 02:29:52'),
	(214, '1987014', 203, 5, 224, NULL, NULL, NULL, NULL, NULL, NULL, NULL, 5000.00, '2018', 'November', 'rata', 2, NULL, '2018-11-06 02:29:52', '2018-11-06 02:29:52'),
	(215, '1987014', 203, 6, 233, NULL, NULL, NULL, NULL, NULL, NULL, NULL, 5000.00, '2018', 'November', 'rata', 2, NULL, '2018-11-06 02:29:52', '2018-11-06 02:29:52'),
	(216, '1987014', 203, 4, 203, NULL, NULL, NULL, NULL, NULL, NULL, NULL, 2000.00, '2018', 'November', 'pera', 2, NULL, '2018-11-06 02:29:52', '2018-11-06 02:29:52'),
	(217, '2011006', 204, 4, 204, NULL, NULL, NULL, NULL, NULL, NULL, NULL, 2000.00, '2018', 'November', 'pera', 2, NULL, '2018-11-06 02:29:53', '2018-11-06 02:29:53'),
	(218, '2015013', 205, 4, 205, NULL, NULL, NULL, NULL, NULL, NULL, NULL, 2000.00, '2018', 'November', 'pera', 2, NULL, '2018-11-06 02:29:53', '2018-11-06 02:29:53'),
	(219, '1984002', 206, 4, 206, NULL, NULL, NULL, NULL, NULL, NULL, NULL, 2000.00, '2018', 'November', 'pera', 2, NULL, '2018-11-06 02:29:53', '2018-11-06 02:29:53'),
	(220, '1995003', 207, 4, 207, NULL, NULL, NULL, NULL, NULL, NULL, NULL, 2000.00, '2018', 'November', 'pera', 2, NULL, '2018-11-06 02:29:53', '2018-11-06 02:29:53'),
	(221, '2018004', 208, 4, 208, NULL, NULL, NULL, NULL, NULL, NULL, NULL, 2000.00, '2018', 'November', 'pera', 2, NULL, '2018-11-06 02:29:53', '2018-11-06 02:29:53'),
	(222, '2011016', 209, 4, 209, NULL, NULL, NULL, NULL, NULL, NULL, NULL, 2000.00, '2018', 'November', 'pera', 2, NULL, '2018-11-06 02:29:53', '2018-11-06 02:29:53'),
	(223, '2011022', 210, 4, 210, NULL, NULL, NULL, NULL, NULL, NULL, NULL, 2000.00, '2018', 'November', 'pera', 2, NULL, '2018-11-06 02:29:54', '2018-11-06 02:29:54'),
	(224, '2011007', 211, 4, 211, NULL, NULL, NULL, NULL, NULL, NULL, NULL, 2000.00, '2018', 'November', 'pera', 2, NULL, '2018-11-06 02:29:54', '2018-11-06 02:29:54'),
	(225, '1989007', 212, 4, 212, NULL, NULL, NULL, NULL, NULL, NULL, NULL, 2000.00, '2018', 'November', 'pera', 2, NULL, '2018-11-06 02:29:54', '2018-11-06 02:29:54'),
	(226, '2011004', 213, 4, 213, NULL, NULL, NULL, NULL, NULL, NULL, NULL, 2000.00, '2018', 'November', 'pera', 2, NULL, '2018-11-06 02:29:54', '2018-11-06 02:29:54'),
	(227, '1987008', 214, 4, 214, NULL, NULL, NULL, NULL, NULL, NULL, NULL, 2000.00, '2018', 'November', 'pera', 2, NULL, '2018-11-06 02:29:55', '2018-11-06 02:29:55'),
	(228, '2011005', 215, 4, 215, NULL, NULL, NULL, NULL, NULL, NULL, NULL, 2000.00, '2018', 'November', 'pera', 2, NULL, '2018-11-06 02:29:55', '2018-11-06 02:29:55');
/*!40000 ALTER TABLE `pms_benefitsinfo_transactions` ENABLE KEYS */;

-- Dumping structure for table mirdc.pms_deductioninfo
DROP TABLE IF EXISTS `pms_deductioninfo`;
CREATE TABLE IF NOT EXISTS `pms_deductioninfo` (
  `id` int(11) NOT NULL AUTO_INCREMENT,
  `employee_number` varchar(225) DEFAULT NULL,
  `employeeinfo_id` int(11) DEFAULT NULL,
  `employee_id` int(11) DEFAULT NULL,
  `deduction_id` int(11) DEFAULT NULL,
  `deduct_pay_period` varchar(225) DEFAULT NULL,
  `deduct_amount` decimal(9,2) DEFAULT NULL,
  `deduct_date_start` date DEFAULT NULL,
  `deduct_date_end` date DEFAULT NULL,
  `deduct_date_terminated` date DEFAULT NULL,
  `created_at` timestamp NULL DEFAULT NULL,
  `updated_at` timestamp NULL DEFAULT NULL,
  `updated_by` int(11) DEFAULT NULL,
  PRIMARY KEY (`id`)
) ENGINE=InnoDB AUTO_INCREMENT=378 DEFAULT CHARSET=latin1;

-- Dumping data for table mirdc.pms_deductioninfo: ~377 rows (approximately)
/*!40000 ALTER TABLE `pms_deductioninfo` DISABLE KEYS */;
INSERT INTO `pms_deductioninfo` (`id`, `employee_number`, `employeeinfo_id`, `employee_id`, `deduction_id`, `deduct_pay_period`, `deduct_amount`, `deduct_date_start`, `deduct_date_end`, `deduct_date_terminated`, `created_at`, `updated_at`, `updated_by`) VALUES
	(1, '1990008', NULL, NULL, 7, NULL, 50.00, NULL, NULL, NULL, NULL, NULL, NULL),
	(2, '1996003', NULL, NULL, 7, NULL, 50.00, NULL, NULL, NULL, NULL, NULL, NULL),
	(3, '2015001', NULL, NULL, 7, NULL, 50.00, NULL, NULL, NULL, NULL, NULL, NULL),
	(4, '2011008', NULL, NULL, 7, NULL, 50.00, NULL, NULL, NULL, NULL, NULL, NULL),
	(5, '1984001', NULL, NULL, 7, NULL, 50.00, NULL, NULL, NULL, NULL, NULL, NULL),
	(6, '1983003', NULL, NULL, 7, NULL, 50.00, NULL, NULL, NULL, NULL, NULL, NULL),
	(7, '2003001', NULL, NULL, 7, NULL, 50.00, NULL, NULL, NULL, NULL, NULL, NULL),
	(8, '2010016', NULL, NULL, 7, NULL, 50.00, NULL, NULL, NULL, NULL, NULL, NULL),
	(9, '2012005', NULL, NULL, 7, NULL, 50.00, NULL, NULL, NULL, NULL, NULL, NULL),
	(10, '1981002', NULL, NULL, 7, NULL, 50.00, NULL, NULL, NULL, NULL, NULL, NULL),
	(11, '2013006', NULL, NULL, 7, NULL, 50.00, NULL, NULL, NULL, NULL, NULL, NULL),
	(12, '2011019', NULL, NULL, 7, NULL, 50.00, NULL, NULL, NULL, NULL, NULL, NULL),
	(13, '1985004', NULL, NULL, 7, NULL, 50.00, NULL, NULL, NULL, NULL, NULL, NULL),
	(14, '1992007', NULL, NULL, 7, NULL, 50.00, NULL, NULL, NULL, NULL, NULL, NULL),
	(15, '2011018', NULL, NULL, 7, NULL, 50.00, NULL, NULL, NULL, NULL, NULL, NULL),
	(16, '1987004', NULL, NULL, 7, NULL, 50.00, NULL, NULL, NULL, NULL, NULL, NULL),
	(17, '2010005', NULL, NULL, 7, NULL, 50.00, NULL, NULL, NULL, NULL, NULL, NULL),
	(18, '1977001', NULL, NULL, 7, NULL, 50.00, NULL, NULL, NULL, NULL, NULL, NULL),
	(19, '2010002', NULL, NULL, 7, NULL, 50.00, NULL, NULL, NULL, NULL, NULL, NULL),
	(20, '1993004', NULL, NULL, 7, NULL, 50.00, NULL, NULL, NULL, NULL, NULL, NULL),
	(21, '2011020', NULL, NULL, 7, NULL, 50.00, NULL, NULL, NULL, NULL, NULL, NULL),
	(22, '1993002', NULL, NULL, 7, NULL, 50.00, NULL, NULL, NULL, NULL, NULL, NULL),
	(23, '2016009', NULL, NULL, 7, NULL, 50.00, NULL, NULL, NULL, NULL, NULL, NULL),
	(24, '2018005', NULL, NULL, 7, NULL, 50.00, NULL, NULL, NULL, NULL, NULL, NULL),
	(25, '1995005', NULL, NULL, 7, NULL, 50.00, NULL, NULL, NULL, NULL, NULL, NULL),
	(26, '1992003', NULL, NULL, 7, NULL, 50.00, NULL, NULL, NULL, NULL, NULL, NULL),
	(27, '1987013', NULL, NULL, 7, NULL, 50.00, NULL, NULL, NULL, NULL, NULL, NULL),
	(28, '2011023', NULL, NULL, 7, NULL, 50.00, NULL, NULL, NULL, NULL, NULL, NULL),
	(29, '2014001', NULL, NULL, 7, NULL, 50.00, NULL, NULL, NULL, NULL, NULL, NULL),
	(30, '2011017', NULL, NULL, 7, NULL, 50.00, NULL, NULL, NULL, NULL, NULL, NULL),
	(31, '2015003', NULL, NULL, 7, NULL, 50.00, NULL, NULL, NULL, NULL, NULL, NULL),
	(32, '2011033', NULL, NULL, 7, NULL, 50.00, NULL, NULL, NULL, NULL, NULL, NULL),
	(33, '2010011', NULL, NULL, 7, NULL, 50.00, NULL, NULL, NULL, NULL, NULL, NULL),
	(34, '1985001', NULL, NULL, 7, NULL, 50.00, NULL, NULL, NULL, NULL, NULL, NULL),
	(35, '2016010', NULL, NULL, 7, NULL, 50.00, NULL, NULL, NULL, NULL, NULL, NULL),
	(36, '2010014', NULL, NULL, 7, NULL, 50.00, NULL, NULL, NULL, NULL, NULL, NULL),
	(37, '2011002', NULL, NULL, 7, NULL, 50.00, NULL, NULL, NULL, NULL, NULL, NULL),
	(38, '2011037', NULL, NULL, 7, NULL, 50.00, NULL, NULL, NULL, NULL, NULL, NULL),
	(39, '2013002', NULL, NULL, 7, NULL, 50.00, NULL, NULL, NULL, NULL, NULL, NULL),
	(40, '2014009', NULL, NULL, 7, NULL, 50.00, NULL, NULL, NULL, NULL, NULL, NULL),
	(41, '2011028', NULL, NULL, 7, NULL, 50.00, NULL, NULL, NULL, NULL, NULL, NULL),
	(42, '1989006', NULL, NULL, 7, NULL, 50.00, NULL, NULL, NULL, NULL, NULL, NULL),
	(43, '1987009', NULL, NULL, 7, NULL, 50.00, NULL, NULL, NULL, NULL, NULL, NULL),
	(44, '2011032', NULL, NULL, 7, NULL, 50.00, NULL, NULL, NULL, NULL, NULL, NULL),
	(45, '2012011', NULL, NULL, 7, NULL, 50.00, NULL, NULL, NULL, NULL, NULL, NULL),
	(46, '1993001', NULL, NULL, 7, NULL, 50.00, NULL, NULL, NULL, NULL, NULL, NULL),
	(47, '1993006', NULL, NULL, 7, NULL, 50.00, NULL, NULL, NULL, NULL, NULL, NULL),
	(48, '2013003', NULL, NULL, 7, NULL, 50.00, NULL, NULL, NULL, NULL, NULL, NULL),
	(49, '1978007', NULL, NULL, 7, NULL, 50.00, NULL, NULL, NULL, NULL, NULL, NULL),
	(50, '2017006', NULL, NULL, 7, NULL, 50.00, NULL, NULL, NULL, NULL, NULL, NULL),
	(51, '2016005', NULL, NULL, 7, NULL, 50.00, NULL, NULL, NULL, NULL, NULL, NULL),
	(52, '1995007', NULL, NULL, 7, NULL, 50.00, NULL, NULL, NULL, NULL, NULL, NULL),
	(53, '1990013', NULL, NULL, 7, NULL, 50.00, NULL, NULL, NULL, NULL, NULL, NULL),
	(54, '1976004', NULL, NULL, 7, NULL, 50.00, NULL, NULL, NULL, NULL, NULL, NULL),
	(55, '1985007', NULL, NULL, 7, NULL, 50.00, NULL, NULL, NULL, NULL, NULL, NULL),
	(56, '1987010', NULL, NULL, 7, NULL, 50.00, NULL, NULL, NULL, NULL, NULL, NULL),
	(57, '2011011', NULL, NULL, 7, NULL, 50.00, NULL, NULL, NULL, NULL, NULL, NULL),
	(58, '1993008', NULL, NULL, 7, NULL, 50.00, NULL, NULL, NULL, NULL, NULL, NULL),
	(59, '1990001', NULL, NULL, 7, NULL, 50.00, NULL, NULL, NULL, NULL, NULL, NULL),
	(60, '1990007', NULL, NULL, 7, NULL, 50.00, NULL, NULL, NULL, NULL, NULL, NULL),
	(61, '1981003', NULL, NULL, 7, NULL, 50.00, NULL, NULL, NULL, NULL, NULL, NULL),
	(62, '1995001', NULL, NULL, 7, NULL, 50.00, NULL, NULL, NULL, NULL, NULL, NULL),
	(63, '1987001', NULL, NULL, 7, NULL, 50.00, NULL, NULL, NULL, NULL, NULL, NULL),
	(64, '1990011', NULL, NULL, 7, NULL, 50.00, NULL, NULL, NULL, NULL, NULL, NULL),
	(65, '1988001', NULL, NULL, 7, NULL, 50.00, NULL, NULL, NULL, NULL, NULL, NULL),
	(66, '2012001', NULL, NULL, 7, NULL, 50.00, NULL, NULL, NULL, NULL, NULL, NULL),
	(67, '2016003', NULL, NULL, 7, NULL, 50.00, NULL, NULL, NULL, NULL, NULL, NULL),
	(68, '2015006', NULL, NULL, 7, NULL, 50.00, NULL, NULL, NULL, NULL, NULL, NULL),
	(69, '2011021', NULL, NULL, 7, NULL, 50.00, NULL, NULL, NULL, NULL, NULL, NULL),
	(70, '1983001', NULL, NULL, 7, NULL, 50.00, NULL, NULL, NULL, NULL, NULL, NULL),
	(71, '1983002', NULL, NULL, 7, NULL, 50.00, NULL, NULL, NULL, NULL, NULL, NULL),
	(72, '2010019', NULL, NULL, 7, NULL, 50.00, NULL, NULL, NULL, NULL, NULL, NULL),
	(73, '2010010', NULL, NULL, 7, NULL, 50.00, NULL, NULL, NULL, NULL, NULL, NULL),
	(74, '1977004', NULL, NULL, 7, NULL, 50.00, NULL, NULL, NULL, NULL, NULL, NULL),
	(75, '1997001', NULL, NULL, 7, NULL, 50.00, NULL, NULL, NULL, NULL, NULL, NULL),
	(76, '1987002', NULL, NULL, 7, NULL, 50.00, NULL, NULL, NULL, NULL, NULL, NULL),
	(77, '2015011', NULL, NULL, 7, NULL, 50.00, NULL, NULL, NULL, NULL, NULL, NULL),
	(78, '1980001', NULL, NULL, 7, NULL, 50.00, NULL, NULL, NULL, NULL, NULL, NULL),
	(79, '2012006', NULL, NULL, 7, NULL, 50.00, NULL, NULL, NULL, NULL, NULL, NULL),
	(80, '1992006', NULL, NULL, 7, NULL, 50.00, NULL, NULL, NULL, NULL, NULL, NULL),
	(81, '2011024', NULL, NULL, 7, NULL, 50.00, NULL, NULL, NULL, NULL, NULL, NULL),
	(82, '1987003', NULL, NULL, 7, NULL, 50.00, NULL, NULL, NULL, NULL, NULL, NULL),
	(83, '2011013', NULL, NULL, 7, NULL, 50.00, NULL, NULL, NULL, NULL, NULL, NULL),
	(84, '1985002', NULL, NULL, 7, NULL, 50.00, NULL, NULL, NULL, NULL, NULL, NULL),
	(85, '2011034', NULL, NULL, 7, NULL, 50.00, NULL, NULL, NULL, NULL, NULL, NULL),
	(86, '2011015', NULL, NULL, 7, NULL, 50.00, NULL, NULL, NULL, NULL, NULL, NULL),
	(87, '2010004', NULL, NULL, 7, NULL, 50.00, NULL, NULL, NULL, NULL, NULL, NULL),
	(88, '1988002', NULL, NULL, 7, NULL, 50.00, NULL, NULL, NULL, NULL, NULL, NULL),
	(89, '1976002', NULL, NULL, 7, NULL, 50.00, NULL, NULL, NULL, NULL, NULL, NULL),
	(90, '1987006', NULL, NULL, 7, NULL, 50.00, NULL, NULL, NULL, NULL, NULL, NULL),
	(91, '2011027', NULL, NULL, 7, NULL, 50.00, NULL, NULL, NULL, NULL, NULL, NULL),
	(92, '2013004', NULL, NULL, 7, NULL, 50.00, NULL, NULL, NULL, NULL, NULL, NULL),
	(93, '2016006', NULL, NULL, 7, NULL, 50.00, NULL, NULL, NULL, NULL, NULL, NULL),
	(94, '1977002', NULL, NULL, 7, NULL, 50.00, NULL, NULL, NULL, NULL, NULL, NULL),
	(95, '2010017', NULL, NULL, 7, NULL, 50.00, NULL, NULL, NULL, NULL, NULL, NULL),
	(96, '1990012', NULL, NULL, 7, NULL, 50.00, NULL, NULL, NULL, NULL, NULL, NULL),
	(97, '1989004', NULL, NULL, 7, NULL, 50.00, NULL, NULL, NULL, NULL, NULL, NULL),
	(98, '1994003', NULL, NULL, 7, NULL, 50.00, NULL, NULL, NULL, NULL, NULL, NULL),
	(99, '2011009', NULL, NULL, 7, NULL, 50.00, NULL, NULL, NULL, NULL, NULL, NULL),
	(100, '2012013', NULL, NULL, 7, NULL, 50.00, NULL, NULL, NULL, NULL, NULL, NULL),
	(101, '1978002', NULL, NULL, 7, NULL, 50.00, NULL, NULL, NULL, NULL, NULL, NULL),
	(102, '1992009', NULL, NULL, 7, NULL, 50.00, NULL, NULL, NULL, NULL, NULL, NULL),
	(103, '1989002', NULL, NULL, 7, NULL, 50.00, NULL, NULL, NULL, NULL, NULL, NULL),
	(104, '1992001', NULL, NULL, 7, NULL, 50.00, NULL, NULL, NULL, NULL, NULL, NULL),
	(105, '2014008', NULL, NULL, 7, NULL, 50.00, NULL, NULL, NULL, NULL, NULL, NULL),
	(106, '1980002', NULL, NULL, 7, NULL, 50.00, NULL, NULL, NULL, NULL, NULL, NULL),
	(107, '1988003', NULL, NULL, 7, NULL, 50.00, NULL, NULL, NULL, NULL, NULL, NULL),
	(108, '2011025', NULL, NULL, 7, NULL, 50.00, NULL, NULL, NULL, NULL, NULL, NULL),
	(109, '2010021', NULL, NULL, 7, NULL, 50.00, NULL, NULL, NULL, NULL, NULL, NULL),
	(110, '1984003', NULL, NULL, 7, NULL, 50.00, NULL, NULL, NULL, NULL, NULL, NULL),
	(111, '2011010', NULL, NULL, 7, NULL, 50.00, NULL, NULL, NULL, NULL, NULL, NULL),
	(112, '2015012', NULL, NULL, 7, NULL, 50.00, NULL, NULL, NULL, NULL, NULL, NULL),
	(113, '1990002', NULL, NULL, 7, NULL, 50.00, NULL, NULL, NULL, NULL, NULL, NULL),
	(114, '2017003', NULL, NULL, 7, NULL, 50.00, NULL, NULL, NULL, NULL, NULL, NULL),
	(115, '2018002', NULL, NULL, 7, NULL, 50.00, NULL, NULL, NULL, NULL, NULL, NULL),
	(116, '2017007', NULL, NULL, 7, NULL, 50.00, NULL, NULL, NULL, NULL, NULL, NULL),
	(117, '2011036', NULL, NULL, 7, NULL, 50.00, NULL, NULL, NULL, NULL, NULL, NULL),
	(118, '2011014', NULL, NULL, 7, NULL, 50.00, NULL, NULL, NULL, NULL, NULL, NULL),
	(119, '1985008', NULL, NULL, 7, NULL, 50.00, NULL, NULL, NULL, NULL, NULL, NULL),
	(120, '2012007', NULL, NULL, 7, NULL, 50.00, NULL, NULL, NULL, NULL, NULL, NULL),
	(121, '1990005', NULL, NULL, 7, NULL, 50.00, NULL, NULL, NULL, NULL, NULL, NULL),
	(122, '2015002', NULL, NULL, 7, NULL, 50.00, NULL, NULL, NULL, NULL, NULL, NULL),
	(123, '2011001', NULL, NULL, 7, NULL, 50.00, NULL, NULL, NULL, NULL, NULL, NULL),
	(124, '1978005', NULL, NULL, 7, NULL, 50.00, NULL, NULL, NULL, NULL, NULL, NULL),
	(125, '2014010', NULL, NULL, 7, NULL, 50.00, NULL, NULL, NULL, NULL, NULL, NULL),
	(126, '1994001', NULL, NULL, 7, NULL, 50.00, NULL, NULL, NULL, NULL, NULL, NULL),
	(127, '1994002', NULL, NULL, 7, NULL, 50.00, NULL, NULL, NULL, NULL, NULL, NULL),
	(128, '2012009', NULL, NULL, 7, NULL, 50.00, NULL, NULL, NULL, NULL, NULL, NULL),
	(129, '1992002', NULL, NULL, 7, NULL, 50.00, NULL, NULL, NULL, NULL, NULL, NULL),
	(130, '2014002', NULL, NULL, 7, NULL, 50.00, NULL, NULL, NULL, NULL, NULL, NULL),
	(131, '2017002', NULL, NULL, 7, NULL, 50.00, NULL, NULL, NULL, NULL, NULL, NULL),
	(132, '2016011', NULL, NULL, 7, NULL, 50.00, NULL, NULL, NULL, NULL, NULL, NULL),
	(133, '2010003', NULL, NULL, 7, NULL, 50.00, NULL, NULL, NULL, NULL, NULL, NULL),
	(134, '2015014', NULL, NULL, 7, NULL, 50.00, NULL, NULL, NULL, NULL, NULL, NULL),
	(135, '2013007', NULL, NULL, 7, NULL, 50.00, NULL, NULL, NULL, NULL, NULL, NULL),
	(136, '2017005', NULL, NULL, 7, NULL, 50.00, NULL, NULL, NULL, NULL, NULL, NULL),
	(137, '2003002', NULL, NULL, 7, NULL, 50.00, NULL, NULL, NULL, NULL, NULL, NULL),
	(138, '1992005', NULL, NULL, 7, NULL, 50.00, NULL, NULL, NULL, NULL, NULL, NULL),
	(139, '2013001', NULL, NULL, 7, NULL, 50.00, NULL, NULL, NULL, NULL, NULL, NULL),
	(140, '2016008', NULL, NULL, 7, NULL, 50.00, NULL, NULL, NULL, NULL, NULL, NULL),
	(141, '1989001', NULL, NULL, 7, NULL, 50.00, NULL, NULL, NULL, NULL, NULL, NULL),
	(142, '1995004', NULL, NULL, 7, NULL, 50.00, NULL, NULL, NULL, NULL, NULL, NULL),
	(143, '2010012', NULL, NULL, 7, NULL, 50.00, NULL, NULL, NULL, NULL, NULL, NULL),
	(144, '1996001', NULL, NULL, 7, NULL, 50.00, NULL, NULL, NULL, NULL, NULL, NULL),
	(145, '1994004', NULL, NULL, 7, NULL, 50.00, NULL, NULL, NULL, NULL, NULL, NULL),
	(146, '2014007', NULL, NULL, 7, NULL, 100.00, NULL, NULL, NULL, NULL, NULL, NULL),
	(147, '2015004', NULL, NULL, 7, NULL, 50.00, NULL, NULL, NULL, NULL, NULL, NULL),
	(148, '2011035', NULL, NULL, 7, NULL, 50.00, NULL, NULL, NULL, NULL, NULL, NULL),
	(149, '2015007', NULL, NULL, 7, NULL, 50.00, NULL, NULL, NULL, NULL, NULL, NULL),
	(150, '1993007', NULL, NULL, 7, NULL, 50.00, NULL, NULL, NULL, NULL, NULL, NULL),
	(151, '1976001', NULL, NULL, 7, NULL, 50.00, NULL, NULL, NULL, NULL, NULL, NULL),
	(152, '1987007', NULL, NULL, 7, NULL, 50.00, NULL, NULL, NULL, NULL, NULL, NULL),
	(153, '2012002', NULL, NULL, 7, NULL, 50.00, NULL, NULL, NULL, NULL, NULL, NULL),
	(154, '1978003', NULL, NULL, 7, NULL, 50.00, NULL, NULL, NULL, NULL, NULL, NULL),
	(155, '1991001', NULL, NULL, 7, NULL, 50.00, NULL, NULL, NULL, NULL, NULL, NULL),
	(156, '2012003', NULL, NULL, 7, NULL, 50.00, NULL, NULL, NULL, NULL, NULL, NULL),
	(157, '1979002', NULL, NULL, 7, NULL, 50.00, NULL, NULL, NULL, NULL, NULL, NULL),
	(158, '2012004', NULL, NULL, 7, NULL, 50.00, NULL, NULL, NULL, NULL, NULL, NULL),
	(159, '1992008', NULL, NULL, 7, NULL, 50.00, NULL, NULL, NULL, NULL, NULL, NULL),
	(160, '1994005', NULL, NULL, 7, NULL, 50.00, NULL, NULL, NULL, NULL, NULL, NULL),
	(161, '1993003', NULL, NULL, 7, NULL, 50.00, NULL, NULL, NULL, NULL, NULL, NULL),
	(162, '1987011', NULL, NULL, 7, NULL, 50.00, NULL, NULL, NULL, NULL, NULL, NULL),
	(163, '1985003', NULL, NULL, 7, NULL, 50.00, NULL, NULL, NULL, NULL, NULL, NULL),
	(164, '1990009', NULL, NULL, 7, NULL, 50.00, NULL, NULL, NULL, NULL, NULL, NULL),
	(165, '1993005', NULL, NULL, 7, NULL, 50.00, NULL, NULL, NULL, NULL, NULL, NULL),
	(166, '1979001', NULL, NULL, 7, NULL, 50.00, NULL, NULL, NULL, NULL, NULL, NULL),
	(167, '2010013', NULL, NULL, 7, NULL, 50.00, NULL, NULL, NULL, NULL, NULL, NULL),
	(168, '2016012', NULL, NULL, 7, NULL, 50.00, NULL, NULL, NULL, NULL, NULL, NULL),
	(169, '1978009', NULL, NULL, 7, NULL, 50.00, NULL, NULL, NULL, NULL, NULL, NULL),
	(170, '2014004', NULL, NULL, 7, NULL, 50.00, NULL, NULL, NULL, NULL, NULL, NULL),
	(171, '1987005', NULL, NULL, 7, NULL, 50.00, NULL, NULL, NULL, NULL, NULL, NULL),
	(172, '2011006', NULL, NULL, 7, NULL, 50.00, NULL, NULL, NULL, NULL, NULL, NULL),
	(173, '1984002', NULL, NULL, 7, NULL, 50.00, NULL, NULL, NULL, NULL, NULL, NULL),
	(174, '1995003', NULL, NULL, 7, NULL, 50.00, NULL, NULL, NULL, NULL, NULL, NULL),
	(175, '2011016', NULL, NULL, 7, NULL, 50.00, NULL, NULL, NULL, NULL, NULL, NULL),
	(176, '2011022', NULL, NULL, 7, NULL, 50.00, NULL, NULL, NULL, NULL, NULL, NULL),
	(177, '1989007', NULL, NULL, 7, NULL, 50.00, NULL, NULL, NULL, NULL, NULL, NULL),
	(178, '2011004', NULL, NULL, 7, NULL, 50.00, NULL, NULL, NULL, NULL, NULL, NULL),
	(179, '1987008', NULL, NULL, 7, NULL, 50.00, NULL, NULL, NULL, NULL, NULL, NULL),
	(180, '2011005', NULL, NULL, 7, NULL, 50.00, NULL, NULL, NULL, NULL, NULL, NULL),
	(181, '1990008', NULL, NULL, 6, NULL, 961.00, NULL, NULL, NULL, NULL, NULL, NULL),
	(182, '1996003', NULL, NULL, 6, NULL, 835.00, NULL, NULL, NULL, NULL, NULL, NULL),
	(183, '2015001', NULL, NULL, 6, NULL, 1214.00, NULL, NULL, NULL, NULL, NULL, NULL),
	(184, '1984001', NULL, NULL, 6, NULL, 961.00, NULL, NULL, NULL, NULL, NULL, NULL),
	(185, '1983003', NULL, NULL, 6, NULL, 1120.00, NULL, NULL, NULL, NULL, NULL, NULL),
	(186, '2010016', NULL, NULL, 6, NULL, 3389.00, NULL, NULL, NULL, NULL, NULL, NULL),
	(187, '1985004', NULL, NULL, 6, NULL, 1024.00, NULL, NULL, NULL, NULL, NULL, NULL),
	(188, '1992007', NULL, NULL, 6, NULL, 1360.00, NULL, NULL, NULL, NULL, NULL, NULL),
	(189, '2011018', NULL, NULL, 6, NULL, 961.00, NULL, NULL, NULL, NULL, NULL, NULL),
	(190, '1993004', NULL, NULL, 6, NULL, 1922.00, NULL, NULL, NULL, NULL, NULL, NULL),
	(191, '2011020', NULL, NULL, 6, NULL, 898.00, NULL, NULL, NULL, NULL, NULL, NULL),
	(192, '1993002', NULL, NULL, 6, NULL, 1922.00, NULL, NULL, NULL, NULL, NULL, NULL),
	(193, '1987013', NULL, NULL, 6, NULL, 1392.00, NULL, NULL, NULL, NULL, NULL, NULL),
	(194, '2011017', NULL, NULL, 6, NULL, 1120.00, NULL, NULL, NULL, NULL, NULL, NULL),
	(195, '1985001', NULL, NULL, 6, NULL, 961.00, NULL, NULL, NULL, NULL, NULL, NULL),
	(196, '1989005', NULL, NULL, 6, NULL, 1922.00, NULL, NULL, NULL, NULL, NULL, NULL),
	(197, '2011002', NULL, NULL, 6, NULL, 1796.00, NULL, NULL, NULL, NULL, NULL, NULL),
	(198, '2011037', NULL, NULL, 6, NULL, 1796.00, NULL, NULL, NULL, NULL, NULL, NULL),
	(199, '2013002', NULL, NULL, 6, NULL, 961.00, NULL, NULL, NULL, NULL, NULL, NULL),
	(200, '2011028', NULL, NULL, 6, NULL, 3360.00, NULL, NULL, NULL, NULL, NULL, NULL),
	(201, '2012012', NULL, NULL, 6, NULL, 2428.00, NULL, NULL, NULL, NULL, NULL, NULL),
	(202, '1989006', NULL, NULL, 6, NULL, 3080.00, NULL, NULL, NULL, NULL, NULL, NULL),
	(203, '2011032', NULL, NULL, 6, NULL, 898.00, NULL, NULL, NULL, NULL, NULL, NULL),
	(204, '1993001', NULL, NULL, 6, NULL, 1214.00, NULL, NULL, NULL, NULL, NULL, NULL),
	(205, '1993006', NULL, NULL, 6, NULL, 1214.00, NULL, NULL, NULL, NULL, NULL, NULL),
	(206, '2013003', NULL, NULL, 6, NULL, 961.00, NULL, NULL, NULL, NULL, NULL, NULL),
	(207, '1978007', NULL, NULL, 6, NULL, 2428.00, NULL, NULL, NULL, NULL, NULL, NULL),
	(208, '2016005', NULL, NULL, 6, NULL, 1214.00, NULL, NULL, NULL, NULL, NULL, NULL),
	(209, '1995007', NULL, NULL, 6, NULL, 2428.00, NULL, NULL, NULL, NULL, NULL, NULL),
	(210, '1990013', NULL, NULL, 6, NULL, 961.00, NULL, NULL, NULL, NULL, NULL, NULL),
	(211, '1976004', NULL, NULL, 6, NULL, 961.00, NULL, NULL, NULL, NULL, NULL, NULL),
	(212, '1993008', NULL, NULL, 6, NULL, 3592.00, NULL, NULL, NULL, NULL, NULL, NULL),
	(213, '1990001', NULL, NULL, 6, NULL, 1214.00, NULL, NULL, NULL, NULL, NULL, NULL),
	(214, '1987001', NULL, NULL, 6, NULL, 1214.00, NULL, NULL, NULL, NULL, NULL, NULL),
	(215, '1988001', NULL, NULL, 6, NULL, 1196.00, NULL, NULL, NULL, NULL, NULL, NULL),
	(216, '2016002', NULL, NULL, 6, NULL, 2428.00, NULL, NULL, NULL, NULL, NULL, NULL),
	(217, '2015006', NULL, NULL, 6, NULL, 1922.00, NULL, NULL, NULL, NULL, NULL, NULL),
	(218, '1983001', NULL, NULL, 6, NULL, 2410.00, NULL, NULL, NULL, NULL, NULL, NULL),
	(219, '2010019', NULL, NULL, 6, NULL, 4376.00, NULL, NULL, NULL, NULL, NULL, NULL),
	(220, '2010010', NULL, NULL, 6, NULL, 3642.00, NULL, NULL, NULL, NULL, NULL, NULL),
	(221, '1977004', NULL, NULL, 6, NULL, 708.00, NULL, NULL, NULL, NULL, NULL, NULL),
	(222, '1987002', NULL, NULL, 6, NULL, 1922.00, NULL, NULL, NULL, NULL, NULL, NULL),
	(223, '2011024', NULL, NULL, 6, NULL, 923.00, NULL, NULL, NULL, NULL, NULL, NULL),
	(224, '1989003', NULL, NULL, 6, NULL, 1214.00, NULL, NULL, NULL, NULL, NULL, NULL),
	(225, '2011013', NULL, NULL, 6, NULL, 2428.00, NULL, NULL, NULL, NULL, NULL, NULL),
	(226, '1985002', NULL, NULL, 6, NULL, 0.00, NULL, NULL, NULL, NULL, NULL, NULL),
	(227, '2011034', NULL, NULL, 6, NULL, 961.00, NULL, NULL, NULL, NULL, NULL, NULL),
	(228, '1987006', NULL, NULL, 6, NULL, 898.00, NULL, NULL, NULL, NULL, NULL, NULL),
	(229, '2011027', NULL, NULL, 6, NULL, 898.00, NULL, NULL, NULL, NULL, NULL, NULL),
	(230, '2010017', NULL, NULL, 6, NULL, 1120.00, NULL, NULL, NULL, NULL, NULL, NULL),
	(231, '1989004', NULL, NULL, 6, NULL, 2883.00, NULL, NULL, NULL, NULL, NULL, NULL),
	(232, '2012013', NULL, NULL, 6, NULL, 1922.00, NULL, NULL, NULL, NULL, NULL, NULL),
	(233, '1978002', NULL, NULL, 6, NULL, 1846.00, NULL, NULL, NULL, NULL, NULL, NULL),
	(234, '1992009', NULL, NULL, 6, NULL, 961.00, NULL, NULL, NULL, NULL, NULL, NULL),
	(235, '1990006', NULL, NULL, 6, NULL, 961.00, NULL, NULL, NULL, NULL, NULL, NULL),
	(236, '1992001', NULL, NULL, 6, NULL, 1120.00, NULL, NULL, NULL, NULL, NULL, NULL),
	(237, '2016007', NULL, NULL, 6, NULL, 1214.00, NULL, NULL, NULL, NULL, NULL, NULL),
	(238, '1980002', NULL, NULL, 6, NULL, 1120.00, NULL, NULL, NULL, NULL, NULL, NULL),
	(239, '1988003', NULL, NULL, 6, NULL, 1214.00, NULL, NULL, NULL, NULL, NULL, NULL),
	(240, '1992004', NULL, NULL, 6, NULL, 1480.00, NULL, NULL, NULL, NULL, NULL, NULL),
	(241, '1984003', NULL, NULL, 6, NULL, 898.00, NULL, NULL, NULL, NULL, NULL, NULL),
	(242, '2017004', NULL, NULL, 6, NULL, 675.00, NULL, NULL, NULL, NULL, NULL, NULL),
	(243, '1990002', NULL, NULL, 6, NULL, 2694.00, NULL, NULL, NULL, NULL, NULL, NULL),
	(244, '2012007', NULL, NULL, 6, NULL, 961.00, NULL, NULL, NULL, NULL, NULL, NULL),
	(245, '2015002', NULL, NULL, 6, NULL, 1669.00, NULL, NULL, NULL, NULL, NULL, NULL),
	(246, '2011001', NULL, NULL, 6, NULL, 1196.00, NULL, NULL, NULL, NULL, NULL, NULL),
	(247, '2014010', NULL, NULL, 6, NULL, 898.00, NULL, NULL, NULL, NULL, NULL, NULL),
	(248, '1994001', NULL, NULL, 6, NULL, 2574.00, NULL, NULL, NULL, NULL, NULL, NULL),
	(249, '1994002', NULL, NULL, 6, NULL, 2574.00, NULL, NULL, NULL, NULL, NULL, NULL),
	(250, '2012009', NULL, NULL, 6, NULL, 898.00, NULL, NULL, NULL, NULL, NULL, NULL),
	(251, '2014006', NULL, NULL, 6, NULL, 2694.00, NULL, NULL, NULL, NULL, NULL, NULL),
	(252, '1992005', NULL, NULL, 6, NULL, 2240.00, NULL, NULL, NULL, NULL, NULL, NULL),
	(253, '2015014', NULL, NULL, 6, NULL, 2428.00, NULL, NULL, NULL, NULL, NULL, NULL),
	(254, '2003002', NULL, NULL, 6, NULL, 1214.00, NULL, NULL, NULL, NULL, NULL, NULL),
	(255, '1990014', NULL, NULL, 6, NULL, 2240.00, NULL, NULL, NULL, NULL, NULL, NULL),
	(256, '2008003', NULL, NULL, 6, NULL, 2240.00, NULL, NULL, NULL, NULL, NULL, NULL),
	(257, '1995004', NULL, NULL, 6, NULL, 2428.00, NULL, NULL, NULL, NULL, NULL, NULL),
	(258, '1995006', NULL, NULL, 6, NULL, 3642.00, NULL, NULL, NULL, NULL, NULL, NULL),
	(259, '1996001', NULL, NULL, 6, NULL, 961.00, NULL, NULL, NULL, NULL, NULL, NULL),
	(260, '1990004', NULL, NULL, 6, NULL, 1214.00, NULL, NULL, NULL, NULL, NULL, NULL),
	(261, '1994004', NULL, NULL, 6, NULL, 961.00, NULL, NULL, NULL, NULL, NULL, NULL),
	(262, '1990003', NULL, NULL, 6, NULL, 3642.00, NULL, NULL, NULL, NULL, NULL, NULL),
	(263, '2011035', NULL, NULL, 6, NULL, 1392.00, NULL, NULL, NULL, NULL, NULL, NULL),
	(264, '2015007', NULL, NULL, 6, NULL, 2992.00, NULL, NULL, NULL, NULL, NULL, NULL),
	(265, '1993007', NULL, NULL, 6, NULL, 1214.00, NULL, NULL, NULL, NULL, NULL, NULL),
	(266, '1976001', NULL, NULL, 6, NULL, 961.00, NULL, NULL, NULL, NULL, NULL, NULL),
	(267, '1987007', NULL, NULL, 6, NULL, 2428.00, NULL, NULL, NULL, NULL, NULL, NULL),
	(268, '2016004', NULL, NULL, 6, NULL, 961.00, NULL, NULL, NULL, NULL, NULL, NULL),
	(269, '1978003', NULL, NULL, 6, NULL, 1884.00, NULL, NULL, NULL, NULL, NULL, NULL),
	(270, '1991001', NULL, NULL, 6, NULL, 1922.00, NULL, NULL, NULL, NULL, NULL, NULL),
	(271, '1979002', NULL, NULL, 6, NULL, 1922.00, NULL, NULL, NULL, NULL, NULL, NULL),
	(272, '1992008', NULL, NULL, 6, NULL, 1922.00, NULL, NULL, NULL, NULL, NULL, NULL),
	(273, '1994005', NULL, NULL, 6, NULL, 2631.00, NULL, NULL, NULL, NULL, NULL, NULL),
	(274, '1993003', NULL, NULL, 6, NULL, 1120.00, NULL, NULL, NULL, NULL, NULL, NULL),
	(275, '1985003', NULL, NULL, 6, NULL, 961.00, NULL, NULL, NULL, NULL, NULL, NULL),
	(276, '1990009', NULL, NULL, 6, NULL, 961.00, NULL, NULL, NULL, NULL, NULL, NULL),
	(277, '1978001', NULL, NULL, 6, NULL, 961.00, NULL, NULL, NULL, NULL, NULL, NULL),
	(278, '1993005', NULL, NULL, 6, NULL, 961.00, NULL, NULL, NULL, NULL, NULL, NULL),
	(279, '1979001', NULL, NULL, 6, NULL, 1922.00, NULL, NULL, NULL, NULL, NULL, NULL),
	(280, '2011006', NULL, NULL, 6, NULL, 2694.00, NULL, NULL, NULL, NULL, NULL, NULL),
	(281, '2015013', NULL, NULL, 6, NULL, 2334.00, NULL, NULL, NULL, NULL, NULL, NULL),
	(282, '1984002', NULL, NULL, 6, NULL, 1120.00, NULL, NULL, NULL, NULL, NULL, NULL),
	(283, '2011016', NULL, NULL, 6, NULL, 2240.00, NULL, NULL, NULL, NULL, NULL, NULL),
	(284, '2011022', NULL, NULL, 6, NULL, 2240.00, NULL, NULL, NULL, NULL, NULL, NULL),
	(285, '2011007', NULL, NULL, 6, NULL, 1214.00, NULL, NULL, NULL, NULL, NULL, NULL),
	(286, '2015003', NULL, NULL, 6, NULL, 1214.00, NULL, NULL, NULL, NULL, NULL, NULL),
	(287, '2018008', NULL, NULL, 6, NULL, 1214.00, NULL, NULL, NULL, NULL, NULL, NULL),
	(288, '2016010', NULL, NULL, 6, NULL, 2428.00, NULL, NULL, NULL, NULL, NULL, NULL),
	(289, '2015008', NULL, NULL, 6, NULL, 1214.00, NULL, NULL, NULL, NULL, NULL, NULL),
	(290, '1981003', NULL, NULL, 6, NULL, 898.00, NULL, NULL, NULL, NULL, NULL, NULL),
	(291, '2012001', NULL, NULL, 6, NULL, 1360.00, NULL, NULL, NULL, NULL, NULL, NULL),
	(292, '208009', NULL, NULL, 6, NULL, 1196.00, NULL, NULL, NULL, NULL, NULL, NULL),
	(293, '2014008', NULL, NULL, 6, NULL, 2428.00, NULL, NULL, NULL, NULL, NULL, NULL),
	(294, '2018002', NULL, NULL, 6, NULL, 898.00, NULL, NULL, NULL, NULL, NULL, NULL),
	(295, '2010013', NULL, NULL, 6, NULL, 1120.00, NULL, NULL, NULL, NULL, NULL, NULL),
	(296, '2011008', NULL, NULL, 5, NULL, 100.00, NULL, NULL, NULL, NULL, NULL, NULL),
	(297, '2003001', NULL, NULL, 5, NULL, 200.00, NULL, NULL, NULL, NULL, NULL, NULL),
	(298, '2010016', NULL, NULL, 5, NULL, 1000.00, NULL, NULL, NULL, NULL, NULL, NULL),
	(299, '1981002', NULL, NULL, 5, NULL, 100.00, NULL, NULL, NULL, NULL, NULL, NULL),
	(300, '2011019', NULL, NULL, 5, NULL, 100.00, NULL, NULL, NULL, NULL, NULL, NULL),
	(301, '2010005', NULL, NULL, 5, NULL, 100.00, NULL, NULL, NULL, NULL, NULL, NULL),
	(302, '2010002', NULL, NULL, 5, NULL, 100.00, NULL, NULL, NULL, NULL, NULL, NULL),
	(303, '2011020', NULL, NULL, 5, NULL, 100.00, NULL, NULL, NULL, NULL, NULL, NULL),
	(304, '2016009', NULL, NULL, 5, NULL, 100.00, NULL, NULL, NULL, NULL, NULL, NULL),
	(305, '1987013', NULL, NULL, 5, NULL, 200.00, NULL, NULL, NULL, NULL, NULL, NULL),
	(306, '2011023', NULL, NULL, 5, NULL, 100.00, NULL, NULL, NULL, NULL, NULL, NULL),
	(307, '2014001', NULL, NULL, 5, NULL, 100.00, NULL, NULL, NULL, NULL, NULL, NULL),
	(308, '2010011', NULL, NULL, 5, NULL, 200.00, NULL, NULL, NULL, NULL, NULL, NULL),
	(309, '1989005', NULL, NULL, 5, NULL, 100.00, NULL, NULL, NULL, NULL, NULL, NULL),
	(310, '2016010', NULL, NULL, 5, NULL, 3000.00, NULL, NULL, NULL, NULL, NULL, NULL),
	(311, '2011002', NULL, NULL, 5, NULL, 100.00, NULL, NULL, NULL, NULL, NULL, NULL),
	(312, '2011028', NULL, NULL, 5, NULL, 1000.00, NULL, NULL, NULL, NULL, NULL, NULL),
	(313, '1979003', NULL, NULL, 5, NULL, 100.00, NULL, NULL, NULL, NULL, NULL, NULL),
	(314, '1989006', NULL, NULL, 5, NULL, 100.00, NULL, NULL, NULL, NULL, NULL, NULL),
	(315, '2015008', NULL, NULL, 5, NULL, 500.00, NULL, NULL, NULL, NULL, NULL, NULL),
	(316, '2017006', NULL, NULL, 5, NULL, 500.00, NULL, NULL, NULL, NULL, NULL, NULL),
	(317, '2016005', NULL, NULL, 5, NULL, 600.00, NULL, NULL, NULL, NULL, NULL, NULL),
	(318, '1995007', NULL, NULL, 5, NULL, 200.00, NULL, NULL, NULL, NULL, NULL, NULL),
	(319, '1990013', NULL, NULL, 5, NULL, 100.00, NULL, NULL, NULL, NULL, NULL, NULL),
	(320, '1976004', NULL, NULL, 5, NULL, 200.00, NULL, NULL, NULL, NULL, NULL, NULL),
	(321, '1981003', NULL, NULL, 5, NULL, 300.00, NULL, NULL, NULL, NULL, NULL, NULL),
	(322, '1995001', NULL, NULL, 5, NULL, 250.00, NULL, NULL, NULL, NULL, NULL, NULL),
	(323, '1987001', NULL, NULL, 5, NULL, 300.00, NULL, NULL, NULL, NULL, NULL, NULL),
	(324, '1990011', NULL, NULL, 5, NULL, 500.00, NULL, NULL, NULL, NULL, NULL, NULL),
	(325, '2010019', NULL, NULL, 5, NULL, 500.00, NULL, NULL, NULL, NULL, NULL, NULL),
	(326, '2010010', NULL, NULL, 5, NULL, 500.00, NULL, NULL, NULL, NULL, NULL, NULL),
	(327, '1977004', NULL, NULL, 5, NULL, 500.00, NULL, NULL, NULL, NULL, NULL, NULL),
	(328, '1997001', NULL, NULL, 5, NULL, 100.00, NULL, NULL, NULL, NULL, NULL, NULL),
	(329, '2015011', NULL, NULL, 5, NULL, 500.00, NULL, NULL, NULL, NULL, NULL, NULL),
	(330, '2012006', NULL, NULL, 5, NULL, 100.00, NULL, NULL, NULL, NULL, NULL, NULL),
	(331, '2011024', NULL, NULL, 5, NULL, 500.00, NULL, NULL, NULL, NULL, NULL, NULL),
	(332, '1989003', NULL, NULL, 5, NULL, 500.00, NULL, NULL, NULL, NULL, NULL, NULL),
	(333, '2011034', NULL, NULL, 5, NULL, 100.00, NULL, NULL, NULL, NULL, NULL, NULL),
	(334, '2011015', NULL, NULL, 5, NULL, 250.00, NULL, NULL, NULL, NULL, NULL, NULL),
	(335, '2010004', NULL, NULL, 5, NULL, 200.00, NULL, NULL, NULL, NULL, NULL, NULL),
	(336, '1988002', NULL, NULL, 5, NULL, 100.00, NULL, NULL, NULL, NULL, NULL, NULL),
	(337, '2011027', NULL, NULL, 5, NULL, 500.00, NULL, NULL, NULL, NULL, NULL, NULL),
	(338, '2013004', NULL, NULL, 5, NULL, 500.00, NULL, NULL, NULL, NULL, NULL, NULL),
	(339, '1977002', NULL, NULL, 5, NULL, 100.00, NULL, NULL, NULL, NULL, NULL, NULL),
	(340, '1989004', NULL, NULL, 5, NULL, 200.00, NULL, NULL, NULL, NULL, NULL, NULL),
	(341, '1978002', NULL, NULL, 5, NULL, 100.00, NULL, NULL, NULL, NULL, NULL, NULL),
	(342, '1981001', NULL, NULL, 5, NULL, 100.00, NULL, NULL, NULL, NULL, NULL, NULL),
	(343, '1990006', NULL, NULL, 5, NULL, 100.00, NULL, NULL, NULL, NULL, NULL, NULL),
	(344, '1992004', NULL, NULL, 5, NULL, 100.00, NULL, NULL, NULL, NULL, NULL, NULL),
	(345, '2010021', NULL, NULL, 5, NULL, 100.00, NULL, NULL, NULL, NULL, NULL, NULL),
	(346, '1984003', NULL, NULL, 5, NULL, 100.00, NULL, NULL, NULL, NULL, NULL, NULL),
	(347, '1990002', NULL, NULL, 5, NULL, 100.00, NULL, NULL, NULL, NULL, NULL, NULL),
	(348, '2012009', NULL, NULL, 5, NULL, 100.00, NULL, NULL, NULL, NULL, NULL, NULL),
	(349, '2014006', NULL, NULL, 5, NULL, 500.00, NULL, NULL, NULL, NULL, NULL, NULL),
	(350, '2015014', NULL, NULL, 5, NULL, 1000.00, NULL, NULL, NULL, NULL, NULL, NULL),
	(351, '2013007', NULL, NULL, 5, NULL, 100.00, NULL, NULL, NULL, NULL, NULL, NULL),
	(352, '2017005', NULL, NULL, 5, NULL, 3500.00, NULL, NULL, NULL, NULL, NULL, NULL),
	(353, '2003002', NULL, NULL, 5, NULL, 100.00, NULL, NULL, NULL, NULL, NULL, NULL),
	(354, '1990014', NULL, NULL, 5, NULL, 500.00, NULL, NULL, NULL, NULL, NULL, NULL),
	(355, '2010012', NULL, NULL, 5, NULL, 100.00, NULL, NULL, NULL, NULL, NULL, NULL),
	(356, '1995006', NULL, NULL, 5, NULL, 100.00, NULL, NULL, NULL, NULL, NULL, NULL),
	(357, '1990004', NULL, NULL, 5, NULL, 100.00, NULL, NULL, NULL, NULL, NULL, NULL),
	(358, '2015004', NULL, NULL, 5, NULL, 1000.00, NULL, NULL, NULL, NULL, NULL, NULL),
	(359, '2011035', NULL, NULL, 5, NULL, 200.00, NULL, NULL, NULL, NULL, NULL, NULL),
	(360, '2015007', NULL, NULL, 5, NULL, 300.00, NULL, NULL, NULL, NULL, NULL, NULL),
	(361, '1987007', NULL, NULL, 5, NULL, 100.00, NULL, NULL, NULL, NULL, NULL, NULL),
	(362, '2012002', NULL, NULL, 5, NULL, 100.00, NULL, NULL, NULL, NULL, NULL, NULL),
	(363, '1991001', NULL, NULL, 5, NULL, 100.00, NULL, NULL, NULL, NULL, NULL, NULL),
	(364, '2012003', NULL, NULL, 5, NULL, 100.00, NULL, NULL, NULL, NULL, NULL, NULL),
	(365, '1979002', NULL, NULL, 5, NULL, 800.00, NULL, NULL, NULL, NULL, NULL, NULL),
	(366, '2012004', NULL, NULL, 5, NULL, 100.00, NULL, NULL, NULL, NULL, NULL, NULL),
	(367, '1994005', NULL, NULL, 5, NULL, 100.00, NULL, NULL, NULL, NULL, NULL, NULL),
	(368, '1993003', NULL, NULL, 5, NULL, 1000.00, NULL, NULL, NULL, NULL, NULL, NULL),
	(369, '1990009', NULL, NULL, 5, NULL, 200.00, NULL, NULL, NULL, NULL, NULL, NULL),
	(370, '2010013', NULL, NULL, 5, NULL, 100.00, NULL, NULL, NULL, NULL, NULL, NULL),
	(371, '1978009', NULL, NULL, 5, NULL, 500.00, NULL, NULL, NULL, NULL, NULL, NULL),
	(372, '1987014', NULL, NULL, 5, NULL, 100.00, NULL, NULL, NULL, NULL, NULL, NULL),
	(373, '2011016', NULL, NULL, 5, NULL, 100.00, NULL, NULL, NULL, NULL, NULL, NULL),
	(374, '1989007', NULL, NULL, 5, NULL, 300.00, NULL, NULL, NULL, NULL, NULL, NULL),
	(375, '2011004', NULL, NULL, 5, NULL, 100.00, NULL, NULL, NULL, NULL, NULL, NULL),
	(376, '1987008', NULL, NULL, 5, NULL, 500.00, NULL, NULL, NULL, NULL, NULL, NULL),
	(377, '2011005', NULL, NULL, 5, NULL, 500.00, NULL, NULL, NULL, NULL, NULL, NULL);
/*!40000 ALTER TABLE `pms_deductioninfo` ENABLE KEYS */;

-- Dumping structure for table mirdc.pms_deductioninfo_transactions
DROP TABLE IF EXISTS `pms_deductioninfo_transactions`;
CREATE TABLE IF NOT EXISTS `pms_deductioninfo_transactions` (
  `id` int(11) NOT NULL AUTO_INCREMENT,
  `employee_number` varchar(225) DEFAULT NULL,
  `employee_id` int(11) DEFAULT NULL,
  `transaction_id` int(11) DEFAULT NULL,
  `deduction_id` int(11) DEFAULT NULL,
  `deduction_info_id` int(11) DEFAULT NULL,
  `amount` decimal(9,2) DEFAULT NULL,
  `status` varchar(50) DEFAULT NULL,
  `year` varchar(50) DEFAULT NULL,
  `month` varchar(50) DEFAULT NULL,
  `created_by` int(11) DEFAULT NULL,
  `updated_by` int(11) DEFAULT NULL,
  `created_at` timestamp NULL DEFAULT NULL,
  `updated_at` timestamp NULL DEFAULT NULL,
  PRIMARY KEY (`id`)
) ENGINE=InnoDB DEFAULT CHARSET=latin1;

-- Dumping data for table mirdc.pms_deductioninfo_transactions: ~0 rows (approximately)
/*!40000 ALTER TABLE `pms_deductioninfo_transactions` DISABLE KEYS */;
/*!40000 ALTER TABLE `pms_deductioninfo_transactions` ENABLE KEYS */;

-- Dumping structure for table mirdc.pms_deductions
DROP TABLE IF EXISTS `pms_deductions`;
CREATE TABLE IF NOT EXISTS `pms_deductions` (
  `id` int(11) NOT NULL AUTO_INCREMENT,
  `code` varchar(225) DEFAULT NULL,
  `name` varchar(225) DEFAULT NULL,
  `payroll_group` varchar(225) DEFAULT NULL,
  `tax_type` varchar(225) DEFAULT NULL,
  `itr_classification` varchar(225) DEFAULT NULL,
  `alphalist_classification` varchar(225) DEFAULT NULL,
  `amount` decimal(9,2) DEFAULT NULL,
  `remarks` varchar(225) DEFAULT NULL,
  `created_at` timestamp NULL DEFAULT NULL,
  `updated_at` timestamp NULL DEFAULT NULL,
  `updated_by` int(11) DEFAULT NULL,
  PRIMARY KEY (`id`)
) ENGINE=InnoDB AUTO_INCREMENT=8 DEFAULT CHARSET=latin1;

-- Dumping data for table mirdc.pms_deductions: ~7 rows (approximately)
/*!40000 ALTER TABLE `pms_deductions` DISABLE KEYS */;
INSERT INTO `pms_deductions` (`id`, `code`, `name`, `payroll_group`, `tax_type`, `itr_classification`, `alphalist_classification`, `amount`, `remarks`, `created_at`, `updated_at`, `updated_by`) VALUES
	(1, 'MBC', 'MEMBAI CONTRIBUTIONS', NULL, NULL, NULL, NULL, NULL, NULL, NULL, NULL, NULL),
	(2, 'COA', 'LP COA MT', NULL, NULL, NULL, NULL, NULL, NULL, NULL, NULL, NULL),
	(3, 'PD', 'PDIEM', NULL, NULL, NULL, NULL, NULL, NULL, NULL, NULL, NULL),
	(4, 'PH', 'PHILAM', NULL, NULL, NULL, NULL, NULL, NULL, NULL, NULL, NULL),
	(5, 'PR', 'PROVIDENT', NULL, NULL, NULL, NULL, NULL, NULL, NULL, NULL, NULL),
	(6, 'SLM', 'SALEM HMO', NULL, NULL, NULL, NULL, NULL, NULL, NULL, NULL, NULL),
	(7, 'UD', 'UNION DUES', NULL, NULL, NULL, NULL, NULL, NULL, NULL, NULL, NULL);
/*!40000 ALTER TABLE `pms_deductions` ENABLE KEYS */;

-- Dumping structure for table mirdc.pms_departments
DROP TABLE IF EXISTS `pms_departments`;
CREATE TABLE IF NOT EXISTS `pms_departments` (
  `id` int(11) NOT NULL AUTO_INCREMENT,
  `code` varchar(50) DEFAULT NULL,
  `name` varchar(225) DEFAULT NULL,
  `created_at` timestamp NULL DEFAULT NULL,
  `updated_at` timestamp NULL DEFAULT NULL,
  `created_by` int(11) DEFAULT NULL,
  `updated_by` int(11) DEFAULT NULL,
  PRIMARY KEY (`id`)
) ENGINE=InnoDB AUTO_INCREMENT=10 DEFAULT CHARSET=latin1;

-- Dumping data for table mirdc.pms_departments: ~9 rows (approximately)
/*!40000 ALTER TABLE `pms_departments` DISABLE KEYS */;
INSERT INTO `pms_departments` (`id`, `code`, `name`, `created_at`, `updated_at`, `created_by`, `updated_by`) VALUES
	(1, NULL, 'Pre-Commercialization Services of RTA and RHA for Hand Tractor', NULL, NULL, NULL, NULL),
	(2, NULL, 'Enhancing One-Stop Laboratory Services for Global Competitiveness (ONELAB)', NULL, NULL, NULL, NULL),
	(3, NULL, 'Technical and Economic Feasibility Study to Determine the Most Suitable Ironmaking Technology for the Value Adding of PH Magnetite Resources', NULL, NULL, NULL, NULL),
	(4, NULL, 'Capability Building for Enhancing the Competitiveness of Die and Mold Industry Through the Engagement of Foreign and Local Experts (DiMo GURU)', NULL, NULL, NULL, NULL),
	(5, NULL, 'Improvement of Gong Fabrication Process through S & T Invention at Mankayan, Benguet', NULL, NULL, NULL, NULL),
	(6, NULL, 'Development of Automatic Trash Rake for Malabon', NULL, NULL, NULL, NULL),
	(7, NULL, 'Strengthening the DOST Regional  Metrology Laboratory Services Phase II', NULL, NULL, NULL, NULL),
	(8, NULL, 'Establishing & Strenghtening of ICT  Infrastructure  ICT INFR & BOSS', NULL, NULL, NULL, NULL),
	(9, NULL, 'Performance Testing and Evaluation of Prototype Trainset - Y2', NULL, NULL, NULL, NULL);
/*!40000 ALTER TABLE `pms_departments` ENABLE KEYS */;

-- Dumping structure for table mirdc.pms_divisions
DROP TABLE IF EXISTS `pms_divisions`;
CREATE TABLE IF NOT EXISTS `pms_divisions` (
  `id` int(11) NOT NULL AUTO_INCREMENT,
  `code` varchar(50) DEFAULT NULL,
  `name` varchar(225) DEFAULT NULL,
  `created_at` timestamp NULL DEFAULT NULL,
  `updated_at` timestamp NULL DEFAULT NULL,
  `created_by` int(11) DEFAULT NULL,
  `updated_by` int(11) DEFAULT NULL,
  PRIMARY KEY (`id`)
) ENGINE=InnoDB AUTO_INCREMENT=9 DEFAULT CHARSET=latin1;

-- Dumping data for table mirdc.pms_divisions: ~8 rows (approximately)
/*!40000 ALTER TABLE `pms_divisions` DISABLE KEYS */;
INSERT INTO `pms_divisions` (`id`, `code`, `name`, `created_at`, `updated_at`, `created_by`, `updated_by`) VALUES
	(1, 'ATD', 'ANALYSIS AND TESTING DIVISION', NULL, NULL, NULL, NULL),
	(2, 'FAD', 'FINANCE AND ADMINISTRATIVE DIVISION', NULL, NULL, NULL, NULL),
	(3, 'MORD', 'MATERIALS AND PROCESS RESEARCH DIVISION', NULL, NULL, NULL, NULL),
	(4, 'OED', 'OFFICE OF THE EXECUTIVE DIRECTOR', NULL, NULL, NULL, NULL),
	(5, 'PMD', 'PLANNING AND MANAGEMENT DIVISION', NULL, NULL, NULL, NULL),
	(6, 'PD', 'PROTOTYPING DIVISION', NULL, NULL, NULL, NULL),
	(7, 'TDD', 'TECHNOLOGY DIFFUSION DIVISION', NULL, NULL, NULL, NULL),
	(8, 'TSS', 'TSS', NULL, NULL, NULL, NULL);
/*!40000 ALTER TABLE `pms_divisions` ENABLE KEYS */;

-- Dumping structure for table mirdc.pms_employees
DROP TABLE IF EXISTS `pms_employees`;
CREATE TABLE IF NOT EXISTS `pms_employees` (
  `id` int(10) unsigned NOT NULL AUTO_INCREMENT,
  `employee_number` varchar(225) COLLATE utf8mb4_unicode_ci DEFAULT NULL,
  `company_id` int(11) DEFAULT NULL,
  `branch_id` int(11) DEFAULT NULL,
  `lastname` varchar(255) COLLATE utf8mb4_unicode_ci DEFAULT NULL,
  `firstname` varchar(255) COLLATE utf8mb4_unicode_ci DEFAULT NULL,
  `middlename` varchar(255) COLLATE utf8mb4_unicode_ci DEFAULT NULL,
  `extension_name` varchar(255) COLLATE utf8mb4_unicode_ci DEFAULT NULL,
  `nickname` varchar(255) COLLATE utf8mb4_unicode_ci DEFAULT NULL,
  `contact_number` varchar(255) COLLATE utf8mb4_unicode_ci DEFAULT NULL,
  `mobile_number` varchar(255) COLLATE utf8mb4_unicode_ci DEFAULT NULL,
  `telephone_number` varchar(255) COLLATE utf8mb4_unicode_ci DEFAULT NULL,
  `birthday` date DEFAULT NULL,
  `birth_place` varchar(255) COLLATE utf8mb4_unicode_ci DEFAULT NULL,
  `email_address` varchar(255) COLLATE utf8mb4_unicode_ci DEFAULT NULL,
  `gender` varchar(255) COLLATE utf8mb4_unicode_ci DEFAULT NULL,
  `civil_status` varchar(255) COLLATE utf8mb4_unicode_ci DEFAULT NULL,
  `citizenship_id` int(11) DEFAULT NULL,
  `citizenship_country_id` int(11) DEFAULT NULL,
  `filipino` tinyint(1) DEFAULT NULL,
  `naturalized` tinyint(1) DEFAULT NULL,
  `height` decimal(4,2) DEFAULT NULL,
  `weight` decimal(4,2) DEFAULT NULL,
  `blood_type` varchar(255) COLLATE utf8mb4_unicode_ci DEFAULT NULL,
  `pagibig` varchar(255) COLLATE utf8mb4_unicode_ci DEFAULT NULL,
  `gsis` varchar(255) COLLATE utf8mb4_unicode_ci DEFAULT NULL,
  `philhealth` varchar(255) COLLATE utf8mb4_unicode_ci NOT NULL,
  `tin` varchar(255) COLLATE utf8mb4_unicode_ci DEFAULT NULL,
  `sss` varchar(255) COLLATE utf8mb4_unicode_ci DEFAULT NULL,
  `govt_issued_id` varchar(255) COLLATE utf8mb4_unicode_ci DEFAULT NULL,
  `govt_issued_id_number` varchar(255) COLLATE utf8mb4_unicode_ci DEFAULT NULL,
  `govt_issued_id_place` varchar(255) COLLATE utf8mb4_unicode_ci DEFAULT NULL,
  `govt_issued_id_date_issued` date DEFAULT NULL,
  `govt_issued_valid_until` date DEFAULT NULL,
  `agency_employee_number` varchar(255) COLLATE utf8mb4_unicode_ci DEFAULT NULL,
  `biometrics` varchar(255) COLLATE utf8mb4_unicode_ci DEFAULT NULL,
  `house_number` varchar(255) COLLATE utf8mb4_unicode_ci DEFAULT NULL,
  `street` varchar(255) COLLATE utf8mb4_unicode_ci DEFAULT NULL,
  `subdivision` varchar(255) COLLATE utf8mb4_unicode_ci DEFAULT NULL,
  `brgy` varchar(255) COLLATE utf8mb4_unicode_ci DEFAULT NULL,
  `city_id` varchar(255) COLLATE utf8mb4_unicode_ci DEFAULT NULL,
  `province_id` varchar(255) COLLATE utf8mb4_unicode_ci DEFAULT NULL,
  `country_id` int(11) DEFAULT NULL,
  `permanent_house_number` varchar(255) COLLATE utf8mb4_unicode_ci DEFAULT NULL,
  `permanent_street` varchar(255) COLLATE utf8mb4_unicode_ci DEFAULT NULL,
  `permanent_subdivision` varchar(255) COLLATE utf8mb4_unicode_ci DEFAULT NULL,
  `permanent_brgy` varchar(255) COLLATE utf8mb4_unicode_ci DEFAULT NULL,
  `permanent_city_id` varchar(255) COLLATE utf8mb4_unicode_ci DEFAULT NULL,
  `permanent_province_id` varchar(255) COLLATE utf8mb4_unicode_ci DEFAULT NULL,
  `permanent_country_id` varchar(255) COLLATE utf8mb4_unicode_ci DEFAULT NULL,
  `permanent_telephone_number` varchar(255) COLLATE utf8mb4_unicode_ci DEFAULT NULL,
  `image_path` varchar(255) COLLATE utf8mb4_unicode_ci DEFAULT NULL,
  `active` int(11) DEFAULT NULL,
  `with_setup` int(11) DEFAULT NULL,
  `remarks` varchar(255) COLLATE utf8mb4_unicode_ci DEFAULT NULL,
  `created_by` int(11) NOT NULL,
  `updated_by` int(11) DEFAULT NULL,
  `created_at` timestamp NULL DEFAULT NULL,
  `updated_at` timestamp NULL DEFAULT NULL,
  `deleted_at` timestamp NULL DEFAULT NULL,
  PRIMARY KEY (`id`)
) ENGINE=InnoDB AUTO_INCREMENT=309 DEFAULT CHARSET=utf8mb4 COLLATE=utf8mb4_unicode_ci;

-- Dumping data for table mirdc.pms_employees: ~308 rows (approximately)
/*!40000 ALTER TABLE `pms_employees` DISABLE KEYS */;
INSERT INTO `pms_employees` (`id`, `employee_number`, `company_id`, `branch_id`, `lastname`, `firstname`, `middlename`, `extension_name`, `nickname`, `contact_number`, `mobile_number`, `telephone_number`, `birthday`, `birth_place`, `email_address`, `gender`, `civil_status`, `citizenship_id`, `citizenship_country_id`, `filipino`, `naturalized`, `height`, `weight`, `blood_type`, `pagibig`, `gsis`, `philhealth`, `tin`, `sss`, `govt_issued_id`, `govt_issued_id_number`, `govt_issued_id_place`, `govt_issued_id_date_issued`, `govt_issued_valid_until`, `agency_employee_number`, `biometrics`, `house_number`, `street`, `subdivision`, `brgy`, `city_id`, `province_id`, `country_id`, `permanent_house_number`, `permanent_street`, `permanent_subdivision`, `permanent_brgy`, `permanent_city_id`, `permanent_province_id`, `permanent_country_id`, `permanent_telephone_number`, `image_path`, `active`, `with_setup`, `remarks`, `created_by`, `updated_by`, `created_at`, `updated_at`, `deleted_at`) VALUES
	(1, '1985005', NULL, NULL, 'ABUTAL', 'MERCEDITA G.', NULL, NULL, NULL, NULL, NULL, NULL, NULL, NULL, NULL, NULL, NULL, NULL, NULL, NULL, NULL, NULL, NULL, NULL, NULL, NULL, '', NULL, NULL, NULL, NULL, NULL, NULL, NULL, NULL, NULL, NULL, NULL, NULL, NULL, NULL, NULL, NULL, NULL, NULL, NULL, NULL, NULL, NULL, NULL, NULL, NULL, 1, 1, NULL, 0, NULL, NULL, '2018-09-06 05:12:43', NULL),
	(2, '2005001', NULL, NULL, 'ACUIN', 'PABLO Q.', NULL, NULL, NULL, NULL, NULL, NULL, NULL, NULL, NULL, NULL, NULL, NULL, NULL, NULL, NULL, NULL, NULL, NULL, NULL, NULL, '', NULL, NULL, NULL, NULL, NULL, NULL, NULL, NULL, NULL, NULL, NULL, NULL, NULL, NULL, NULL, NULL, NULL, NULL, NULL, NULL, NULL, NULL, NULL, NULL, NULL, 1, 1, NULL, 0, NULL, NULL, '2018-09-06 05:15:35', NULL),
	(3, '1990008', NULL, NULL, 'ADAME', 'ROMMEL G.', NULL, NULL, NULL, NULL, NULL, NULL, NULL, NULL, NULL, NULL, NULL, NULL, NULL, NULL, NULL, NULL, NULL, NULL, NULL, NULL, '', NULL, NULL, NULL, NULL, NULL, NULL, NULL, NULL, NULL, NULL, NULL, NULL, NULL, NULL, NULL, NULL, NULL, NULL, NULL, NULL, NULL, NULL, NULL, NULL, NULL, 1, 1, NULL, 0, NULL, NULL, '2018-09-06 05:16:44', NULL),
	(4, '1996003', NULL, NULL, 'AFABLE', 'LINA B.', NULL, NULL, NULL, NULL, NULL, NULL, NULL, NULL, NULL, NULL, NULL, NULL, NULL, NULL, NULL, NULL, NULL, NULL, NULL, NULL, '', NULL, NULL, NULL, NULL, NULL, NULL, NULL, NULL, NULL, NULL, NULL, NULL, NULL, NULL, NULL, NULL, NULL, NULL, NULL, NULL, NULL, NULL, NULL, NULL, NULL, 1, 1, NULL, 0, NULL, NULL, '2018-09-06 05:17:00', NULL),
	(5, '2015001', NULL, NULL, 'AGAD', 'JO MARIE VENUS T.', NULL, NULL, NULL, NULL, NULL, NULL, NULL, NULL, NULL, NULL, NULL, NULL, NULL, NULL, NULL, NULL, NULL, NULL, NULL, NULL, '', NULL, NULL, NULL, NULL, NULL, NULL, NULL, NULL, NULL, NULL, NULL, NULL, NULL, NULL, NULL, NULL, NULL, NULL, NULL, NULL, NULL, NULL, NULL, NULL, NULL, 1, 1, NULL, 0, NULL, NULL, '2018-09-06 05:17:14', NULL),
	(6, '2011008', NULL, NULL, 'AGONOY', 'JAQUELIN J.', NULL, NULL, NULL, NULL, NULL, NULL, NULL, NULL, NULL, NULL, NULL, NULL, NULL, NULL, NULL, NULL, NULL, NULL, NULL, NULL, '', NULL, NULL, NULL, NULL, NULL, NULL, NULL, NULL, NULL, NULL, NULL, NULL, NULL, NULL, NULL, NULL, NULL, NULL, NULL, NULL, NULL, NULL, NULL, NULL, NULL, 1, 1, NULL, 0, NULL, NULL, '2018-09-06 05:17:34', NULL),
	(7, '1984001', NULL, NULL, 'AGUILAR', 'SERAFIN G.', NULL, NULL, NULL, NULL, NULL, NULL, NULL, NULL, NULL, NULL, NULL, NULL, NULL, NULL, NULL, NULL, NULL, NULL, NULL, NULL, '', NULL, NULL, NULL, NULL, NULL, NULL, NULL, NULL, NULL, NULL, NULL, NULL, NULL, NULL, NULL, NULL, NULL, NULL, NULL, NULL, NULL, NULL, NULL, NULL, NULL, 1, 1, NULL, 0, NULL, NULL, '2018-09-06 05:17:46', NULL),
	(8, '1983003', NULL, NULL, 'AGUISANDA', 'CELSO L.', NULL, NULL, NULL, NULL, NULL, NULL, NULL, NULL, NULL, NULL, NULL, NULL, NULL, NULL, NULL, NULL, NULL, NULL, NULL, NULL, '', NULL, NULL, NULL, NULL, NULL, NULL, NULL, NULL, NULL, NULL, NULL, NULL, NULL, NULL, NULL, NULL, NULL, NULL, NULL, NULL, NULL, NULL, NULL, NULL, NULL, 1, 1, NULL, 0, NULL, NULL, '2018-09-06 05:18:00', NULL),
	(9, '2003001', NULL, NULL, 'AGUSTIN', 'RONALDO L.', NULL, NULL, NULL, NULL, NULL, NULL, NULL, NULL, NULL, NULL, NULL, NULL, NULL, NULL, NULL, NULL, NULL, NULL, NULL, NULL, '', NULL, NULL, NULL, NULL, NULL, NULL, NULL, NULL, NULL, NULL, NULL, NULL, NULL, NULL, NULL, NULL, NULL, NULL, NULL, NULL, NULL, NULL, NULL, NULL, NULL, 1, 1, NULL, 0, NULL, NULL, '2018-09-06 05:19:47', NULL),
	(10, '2010016', NULL, NULL, 'ALAMON', 'RONIE S.', NULL, NULL, NULL, NULL, NULL, NULL, NULL, NULL, NULL, NULL, NULL, NULL, NULL, NULL, NULL, NULL, NULL, NULL, NULL, NULL, '', NULL, NULL, NULL, NULL, NULL, NULL, NULL, NULL, NULL, NULL, NULL, NULL, NULL, NULL, NULL, NULL, NULL, NULL, NULL, NULL, NULL, NULL, NULL, NULL, NULL, 1, 1, NULL, 0, NULL, NULL, '2018-09-06 05:20:00', NULL),
	(11, '2012005', NULL, NULL, 'ALCALDE', 'RICHARD C.', NULL, NULL, NULL, NULL, NULL, NULL, NULL, NULL, NULL, NULL, NULL, NULL, NULL, NULL, NULL, NULL, NULL, NULL, NULL, NULL, '', NULL, NULL, NULL, NULL, NULL, NULL, NULL, NULL, NULL, NULL, NULL, NULL, NULL, NULL, NULL, NULL, NULL, NULL, NULL, NULL, NULL, NULL, NULL, NULL, NULL, 1, 1, NULL, 0, NULL, NULL, '2018-09-06 05:20:13', NULL),
	(12, '1981002', NULL, NULL, 'ALCANTARA', 'LUISITO N.', NULL, NULL, NULL, NULL, NULL, NULL, NULL, NULL, NULL, NULL, NULL, NULL, NULL, NULL, NULL, NULL, NULL, NULL, NULL, NULL, '', NULL, NULL, NULL, NULL, NULL, NULL, NULL, NULL, NULL, NULL, NULL, NULL, NULL, NULL, NULL, NULL, NULL, NULL, NULL, NULL, NULL, NULL, NULL, NULL, NULL, 1, 1, NULL, 0, NULL, NULL, '2018-09-06 05:20:26', NULL),
	(13, '2013006', NULL, NULL, 'ALONZO', 'ANTHONY GREG F.', NULL, NULL, NULL, NULL, NULL, NULL, NULL, NULL, NULL, NULL, NULL, NULL, NULL, NULL, NULL, NULL, NULL, NULL, NULL, NULL, '', NULL, NULL, NULL, NULL, NULL, NULL, NULL, NULL, NULL, NULL, NULL, NULL, NULL, NULL, NULL, NULL, NULL, NULL, NULL, NULL, NULL, NULL, NULL, NULL, NULL, 1, 1, NULL, 0, NULL, NULL, '2018-09-06 05:20:40', NULL),
	(14, '2011019', NULL, NULL, 'ALVIOR', 'NOLI P.', NULL, NULL, NULL, NULL, NULL, NULL, NULL, NULL, NULL, NULL, NULL, NULL, NULL, NULL, NULL, NULL, NULL, NULL, NULL, NULL, '', NULL, NULL, NULL, NULL, NULL, NULL, NULL, NULL, NULL, NULL, NULL, NULL, NULL, NULL, NULL, NULL, NULL, NULL, NULL, NULL, NULL, NULL, NULL, NULL, NULL, 1, 1, NULL, 0, NULL, NULL, '2018-09-07 06:53:52', NULL),
	(15, '1985004', NULL, NULL, 'ANCHOREZ', 'ALFREDO B.', NULL, NULL, NULL, NULL, NULL, NULL, NULL, NULL, NULL, NULL, NULL, NULL, NULL, NULL, NULL, NULL, NULL, NULL, NULL, NULL, '', NULL, NULL, NULL, NULL, NULL, NULL, NULL, NULL, NULL, NULL, NULL, NULL, NULL, NULL, NULL, NULL, NULL, NULL, NULL, NULL, NULL, NULL, NULL, NULL, NULL, 1, 1, NULL, 0, NULL, NULL, '2018-09-07 06:56:49', NULL),
	(16, '1992007', NULL, NULL, 'ANDAL', 'EFREN A.', NULL, NULL, NULL, NULL, NULL, NULL, NULL, NULL, NULL, NULL, NULL, NULL, NULL, NULL, NULL, NULL, NULL, NULL, NULL, NULL, '', NULL, NULL, NULL, NULL, NULL, NULL, NULL, NULL, NULL, NULL, NULL, NULL, NULL, NULL, NULL, NULL, NULL, NULL, NULL, NULL, NULL, NULL, NULL, NULL, NULL, 1, 1, NULL, 0, NULL, NULL, '2018-09-07 06:57:03', NULL),
	(17, '2011018', NULL, NULL, 'APUSAGA', 'LEMUEL N.', NULL, NULL, NULL, NULL, NULL, NULL, NULL, NULL, NULL, NULL, NULL, NULL, NULL, NULL, NULL, NULL, NULL, NULL, NULL, NULL, '', NULL, NULL, NULL, NULL, NULL, NULL, NULL, NULL, NULL, NULL, NULL, NULL, NULL, NULL, NULL, NULL, NULL, NULL, NULL, NULL, NULL, NULL, NULL, NULL, NULL, 1, 1, NULL, 0, NULL, NULL, '2018-09-07 06:57:15', NULL),
	(18, '1987004', NULL, NULL, 'ASCANO', 'MANUEL F.', NULL, NULL, NULL, NULL, NULL, NULL, NULL, NULL, NULL, NULL, NULL, NULL, NULL, NULL, NULL, NULL, NULL, NULL, NULL, NULL, '', NULL, NULL, NULL, NULL, NULL, NULL, NULL, NULL, NULL, NULL, NULL, NULL, NULL, NULL, NULL, NULL, NULL, NULL, NULL, NULL, NULL, NULL, NULL, NULL, NULL, 1, 1, NULL, 0, NULL, NULL, '2018-09-07 06:57:27', NULL),
	(19, '2010005', NULL, NULL, 'ASMANDO', 'LOUREN JOY G.', NULL, NULL, NULL, NULL, NULL, NULL, NULL, NULL, NULL, NULL, NULL, NULL, NULL, NULL, NULL, NULL, NULL, NULL, NULL, NULL, '', NULL, NULL, NULL, NULL, NULL, NULL, NULL, NULL, NULL, NULL, NULL, NULL, NULL, NULL, NULL, NULL, NULL, NULL, NULL, NULL, NULL, NULL, NULL, NULL, NULL, 1, 1, NULL, 0, NULL, NULL, '2018-09-07 06:57:40', NULL),
	(20, '1977001', NULL, NULL, 'ATANACIO', 'AUGUSTO S. JR.', NULL, NULL, NULL, NULL, NULL, NULL, NULL, NULL, NULL, NULL, NULL, NULL, NULL, NULL, NULL, NULL, NULL, NULL, NULL, NULL, '', NULL, NULL, NULL, NULL, NULL, NULL, NULL, NULL, NULL, NULL, NULL, NULL, NULL, NULL, NULL, NULL, NULL, NULL, NULL, NULL, NULL, NULL, NULL, NULL, NULL, 1, 1, NULL, 0, NULL, NULL, '2018-09-07 06:57:54', NULL),
	(21, '2010002', NULL, NULL, 'AVELINO', 'CHRISTINE P.', NULL, NULL, NULL, NULL, NULL, NULL, NULL, NULL, NULL, NULL, NULL, NULL, NULL, NULL, NULL, NULL, NULL, NULL, NULL, NULL, '', NULL, NULL, NULL, NULL, NULL, NULL, NULL, NULL, NULL, NULL, NULL, NULL, NULL, NULL, NULL, NULL, NULL, NULL, NULL, NULL, NULL, NULL, NULL, NULL, NULL, 1, 1, NULL, 0, NULL, NULL, '2018-09-07 06:58:18', NULL),
	(22, '1993004', NULL, NULL, 'AYAO', 'JYRWEN A.', NULL, NULL, NULL, NULL, NULL, NULL, NULL, NULL, NULL, NULL, NULL, NULL, NULL, NULL, NULL, NULL, NULL, NULL, NULL, NULL, '', NULL, NULL, NULL, NULL, NULL, NULL, NULL, NULL, NULL, NULL, NULL, NULL, NULL, NULL, NULL, NULL, NULL, NULL, NULL, NULL, NULL, NULL, NULL, NULL, NULL, 1, 1, NULL, 0, NULL, NULL, '2018-09-07 06:58:29', NULL),
	(23, '2011020', NULL, NULL, 'AZUCENA', 'JUAN V.', NULL, NULL, NULL, NULL, NULL, NULL, NULL, NULL, NULL, NULL, NULL, NULL, NULL, NULL, NULL, NULL, NULL, NULL, NULL, NULL, '', NULL, NULL, NULL, NULL, NULL, NULL, NULL, NULL, NULL, NULL, NULL, NULL, NULL, NULL, NULL, NULL, NULL, NULL, NULL, NULL, NULL, NULL, NULL, NULL, NULL, 1, 1, NULL, 0, NULL, NULL, '2018-09-07 06:58:41', NULL),
	(24, '1993002', NULL, NULL, 'BALDON', 'CORNELIO Y.', NULL, NULL, NULL, NULL, NULL, NULL, NULL, NULL, NULL, NULL, NULL, NULL, NULL, NULL, NULL, NULL, NULL, NULL, NULL, NULL, '', NULL, NULL, NULL, NULL, NULL, NULL, NULL, NULL, NULL, NULL, NULL, NULL, NULL, NULL, NULL, NULL, NULL, NULL, NULL, NULL, NULL, NULL, NULL, NULL, NULL, 1, 1, NULL, 0, NULL, NULL, '2018-09-07 06:58:51', NULL),
	(25, '2016009', NULL, NULL, 'BALONTONG', 'PABLO JR M', NULL, NULL, NULL, NULL, NULL, NULL, NULL, NULL, NULL, NULL, NULL, NULL, NULL, NULL, NULL, NULL, NULL, NULL, NULL, NULL, '', NULL, NULL, NULL, NULL, NULL, NULL, NULL, NULL, NULL, NULL, NULL, NULL, NULL, NULL, NULL, NULL, NULL, NULL, NULL, NULL, NULL, NULL, NULL, NULL, NULL, 1, 1, NULL, 0, NULL, NULL, '2018-09-07 06:59:04', NULL),
	(26, '2018005', NULL, NULL, 'BALOTA', 'DEBORAH JAYNMERCI D.', NULL, NULL, NULL, NULL, NULL, NULL, NULL, NULL, NULL, NULL, NULL, NULL, NULL, NULL, NULL, NULL, NULL, NULL, NULL, NULL, '', NULL, NULL, NULL, NULL, NULL, NULL, NULL, NULL, NULL, NULL, NULL, NULL, NULL, NULL, NULL, NULL, NULL, NULL, NULL, NULL, NULL, NULL, NULL, NULL, NULL, 1, 1, NULL, 0, NULL, NULL, '2018-09-07 06:59:16', NULL),
	(27, '1995005', NULL, NULL, 'BANAL', 'EMERITO V.', NULL, NULL, NULL, NULL, NULL, NULL, NULL, NULL, NULL, NULL, NULL, NULL, NULL, NULL, NULL, NULL, NULL, NULL, NULL, NULL, '', NULL, NULL, NULL, NULL, NULL, NULL, NULL, NULL, NULL, NULL, NULL, NULL, NULL, NULL, NULL, NULL, NULL, NULL, NULL, NULL, NULL, NULL, NULL, NULL, NULL, 1, 1, NULL, 0, NULL, NULL, '2018-09-07 06:59:30', NULL),
	(28, '1992003', NULL, NULL, 'BANAWA', 'FELIX C.', NULL, NULL, NULL, NULL, NULL, NULL, NULL, NULL, NULL, NULL, NULL, NULL, NULL, NULL, NULL, NULL, NULL, NULL, NULL, NULL, '', NULL, NULL, NULL, NULL, NULL, NULL, NULL, NULL, NULL, NULL, NULL, NULL, NULL, NULL, NULL, NULL, NULL, NULL, NULL, NULL, NULL, NULL, NULL, NULL, NULL, 1, 1, NULL, 0, NULL, NULL, '2018-09-07 06:59:46', NULL),
	(29, '1987013', NULL, NULL, 'BARDIANO', 'MINDA B.', NULL, NULL, NULL, NULL, NULL, NULL, NULL, NULL, NULL, NULL, NULL, NULL, NULL, NULL, NULL, NULL, NULL, NULL, NULL, NULL, '', NULL, NULL, NULL, NULL, NULL, NULL, NULL, NULL, NULL, NULL, NULL, NULL, NULL, NULL, NULL, NULL, NULL, NULL, NULL, NULL, NULL, NULL, NULL, NULL, NULL, 1, 1, NULL, 0, NULL, NULL, '2018-10-23 07:14:36', NULL),
	(30, '2011023', NULL, NULL, 'BARONA', 'MYRO JON M.', NULL, NULL, NULL, NULL, NULL, NULL, NULL, NULL, NULL, NULL, NULL, NULL, NULL, NULL, NULL, NULL, NULL, NULL, NULL, NULL, '', NULL, NULL, NULL, NULL, NULL, NULL, NULL, NULL, NULL, NULL, NULL, NULL, NULL, NULL, NULL, NULL, NULL, NULL, NULL, NULL, NULL, NULL, NULL, NULL, NULL, 1, 1, NULL, 0, NULL, NULL, '2018-10-23 07:15:26', NULL),
	(31, '2011017', NULL, NULL, 'BATHAN', 'GHARRY M.', NULL, NULL, NULL, NULL, NULL, NULL, NULL, NULL, NULL, NULL, NULL, NULL, NULL, NULL, NULL, NULL, NULL, NULL, NULL, NULL, '', NULL, NULL, NULL, NULL, NULL, NULL, NULL, NULL, NULL, NULL, NULL, NULL, NULL, NULL, NULL, NULL, NULL, NULL, NULL, NULL, NULL, NULL, NULL, NULL, NULL, 1, 1, NULL, 0, NULL, NULL, '2018-10-25 02:56:43', NULL),
	(32, '2015003', NULL, NULL, 'BAUTISTA', 'EUNICE A.', NULL, NULL, NULL, NULL, NULL, NULL, NULL, NULL, NULL, NULL, NULL, NULL, NULL, NULL, NULL, NULL, NULL, NULL, NULL, NULL, '', NULL, NULL, NULL, NULL, NULL, NULL, NULL, NULL, NULL, NULL, NULL, NULL, NULL, NULL, NULL, NULL, NULL, NULL, NULL, NULL, NULL, NULL, NULL, NULL, NULL, 1, 1, NULL, 2, NULL, NULL, '2018-11-06 01:56:09', NULL),
	(33, '2011033', NULL, NULL, 'BAUTISTA', 'MARY JOY M.', NULL, NULL, NULL, NULL, NULL, NULL, NULL, NULL, NULL, NULL, NULL, NULL, NULL, NULL, NULL, NULL, NULL, NULL, NULL, NULL, '', NULL, NULL, NULL, NULL, NULL, NULL, NULL, NULL, NULL, NULL, NULL, NULL, NULL, NULL, NULL, NULL, NULL, NULL, NULL, NULL, NULL, NULL, NULL, NULL, NULL, 1, 1, NULL, 0, NULL, NULL, '2018-10-28 02:13:05', NULL),
	(34, '2015005', NULL, NULL, 'BAYOT', 'REYNALDO O.', NULL, NULL, NULL, NULL, NULL, NULL, NULL, NULL, NULL, NULL, NULL, NULL, NULL, NULL, NULL, NULL, NULL, NULL, NULL, NULL, '', NULL, NULL, NULL, NULL, NULL, NULL, NULL, NULL, NULL, NULL, NULL, NULL, NULL, NULL, NULL, NULL, NULL, NULL, NULL, NULL, NULL, NULL, NULL, NULL, NULL, 1, 1, NULL, 0, NULL, NULL, '2018-10-28 02:14:48', NULL),
	(35, '2010011', NULL, NULL, 'BEDIS', 'SHEENA S.', NULL, NULL, NULL, NULL, NULL, NULL, NULL, NULL, NULL, NULL, NULL, NULL, NULL, NULL, NULL, NULL, NULL, NULL, NULL, NULL, '', NULL, NULL, NULL, NULL, NULL, NULL, NULL, NULL, NULL, NULL, NULL, NULL, NULL, NULL, NULL, NULL, NULL, NULL, NULL, NULL, NULL, NULL, NULL, NULL, NULL, 1, 1, NULL, 0, NULL, NULL, '2018-10-28 02:14:59', NULL),
	(36, '2018008', NULL, NULL, 'BERCES', 'JOSE III D.', NULL, NULL, NULL, NULL, NULL, NULL, NULL, NULL, NULL, NULL, NULL, NULL, NULL, NULL, NULL, NULL, NULL, NULL, NULL, NULL, '', NULL, NULL, NULL, NULL, NULL, NULL, NULL, NULL, NULL, NULL, NULL, NULL, NULL, NULL, NULL, NULL, NULL, NULL, NULL, NULL, NULL, NULL, NULL, NULL, NULL, 0, 1, NULL, 2, NULL, NULL, '2018-11-06 02:16:40', NULL),
	(37, '1985001', NULL, NULL, 'BERMUDEZ', 'ROMEO C.', NULL, NULL, NULL, NULL, NULL, NULL, NULL, NULL, NULL, NULL, NULL, NULL, NULL, NULL, NULL, NULL, NULL, NULL, NULL, NULL, '', NULL, NULL, NULL, NULL, NULL, NULL, NULL, NULL, NULL, NULL, NULL, NULL, NULL, NULL, NULL, NULL, NULL, NULL, NULL, NULL, NULL, NULL, NULL, NULL, NULL, 1, 1, NULL, 0, NULL, NULL, '2018-10-28 02:15:15', NULL),
	(38, '1989005', NULL, NULL, 'BERNALDEZ', 'JONIFER ROSE D.', NULL, NULL, NULL, NULL, NULL, NULL, NULL, NULL, NULL, NULL, NULL, NULL, NULL, NULL, NULL, NULL, NULL, NULL, NULL, NULL, '', NULL, NULL, NULL, NULL, NULL, NULL, NULL, NULL, NULL, NULL, NULL, NULL, NULL, NULL, NULL, NULL, NULL, NULL, NULL, NULL, NULL, NULL, NULL, NULL, NULL, 1, 1, NULL, 0, NULL, NULL, '2018-10-28 02:15:28', NULL),
	(39, '2016010', NULL, NULL, 'BOADO', 'TRINMAR  A.', NULL, NULL, NULL, NULL, NULL, NULL, NULL, NULL, NULL, NULL, NULL, NULL, NULL, NULL, NULL, NULL, NULL, NULL, NULL, NULL, '', NULL, NULL, NULL, NULL, NULL, NULL, NULL, NULL, NULL, NULL, NULL, NULL, NULL, NULL, NULL, NULL, NULL, NULL, NULL, NULL, NULL, NULL, NULL, NULL, NULL, 1, 1, NULL, 0, NULL, NULL, '2018-10-28 02:15:37', NULL),
	(40, '2010014', NULL, NULL, 'BONGGAT', 'WALTER V.', NULL, NULL, NULL, NULL, NULL, NULL, NULL, NULL, NULL, NULL, NULL, NULL, NULL, NULL, NULL, NULL, NULL, NULL, NULL, NULL, '', NULL, NULL, NULL, NULL, NULL, NULL, NULL, NULL, NULL, NULL, NULL, NULL, NULL, NULL, NULL, NULL, NULL, NULL, NULL, NULL, NULL, NULL, NULL, NULL, NULL, 1, 1, NULL, 0, NULL, NULL, '2018-10-28 02:15:48', NULL),
	(41, '2011002', NULL, NULL, 'BORLADO', 'DOLLY MARIE T.', NULL, NULL, NULL, NULL, NULL, NULL, NULL, NULL, NULL, NULL, NULL, NULL, NULL, NULL, NULL, NULL, NULL, NULL, NULL, NULL, '', NULL, NULL, NULL, NULL, NULL, NULL, NULL, NULL, NULL, NULL, NULL, NULL, NULL, NULL, NULL, NULL, NULL, NULL, NULL, NULL, NULL, NULL, NULL, NULL, NULL, 1, 1, NULL, 0, NULL, NULL, '2018-10-28 02:15:59', NULL),
	(42, '2011037', NULL, NULL, 'BRUAL', 'CHRISTIAN D.', NULL, NULL, NULL, NULL, NULL, NULL, NULL, NULL, NULL, NULL, NULL, NULL, NULL, NULL, NULL, NULL, NULL, NULL, NULL, NULL, '', NULL, NULL, NULL, NULL, NULL, NULL, NULL, NULL, NULL, NULL, NULL, NULL, NULL, NULL, NULL, NULL, NULL, NULL, NULL, NULL, NULL, NULL, NULL, NULL, NULL, 1, 1, NULL, 0, NULL, NULL, '2018-10-28 02:16:12', NULL),
	(43, '2013002', NULL, NULL, 'CABARLOC', 'JAMES ASHER B.', NULL, NULL, NULL, NULL, NULL, NULL, NULL, NULL, NULL, NULL, NULL, NULL, NULL, NULL, NULL, NULL, NULL, NULL, NULL, NULL, '', NULL, NULL, NULL, NULL, NULL, NULL, NULL, NULL, NULL, NULL, NULL, NULL, NULL, NULL, NULL, NULL, NULL, NULL, NULL, NULL, NULL, NULL, NULL, NULL, NULL, 1, 1, NULL, 0, NULL, NULL, '2018-10-28 02:16:22', NULL),
	(44, '2014009', NULL, NULL, 'CABRAL', 'MARIA ALICIA B.', NULL, NULL, NULL, NULL, NULL, NULL, NULL, NULL, NULL, NULL, NULL, NULL, NULL, NULL, NULL, NULL, NULL, NULL, NULL, NULL, '', NULL, NULL, NULL, NULL, NULL, NULL, NULL, NULL, NULL, NULL, NULL, NULL, NULL, NULL, NULL, NULL, NULL, NULL, NULL, NULL, NULL, NULL, NULL, NULL, NULL, 1, 1, NULL, 0, NULL, NULL, '2018-10-28 02:16:33', NULL),
	(45, '2011028', NULL, NULL, 'CAGALINGAN', 'KAREN R.', NULL, NULL, NULL, NULL, NULL, NULL, NULL, NULL, NULL, NULL, NULL, NULL, NULL, NULL, NULL, NULL, NULL, NULL, NULL, NULL, '', NULL, NULL, NULL, NULL, NULL, NULL, NULL, NULL, NULL, NULL, NULL, NULL, NULL, NULL, NULL, NULL, NULL, NULL, NULL, NULL, NULL, NULL, NULL, NULL, NULL, 0, 1, NULL, 2, NULL, NULL, '2018-11-06 02:18:13', NULL),
	(46, '1979003', NULL, NULL, 'CAGALINGAN', 'MARCELA R.', NULL, NULL, NULL, NULL, NULL, NULL, NULL, NULL, NULL, NULL, NULL, NULL, NULL, NULL, NULL, NULL, NULL, NULL, NULL, NULL, '', NULL, NULL, NULL, NULL, NULL, NULL, NULL, NULL, NULL, NULL, NULL, NULL, NULL, NULL, NULL, NULL, NULL, NULL, NULL, NULL, NULL, NULL, NULL, NULL, NULL, 1, 1, NULL, 0, NULL, NULL, '2018-10-28 02:16:54', NULL),
	(47, '2012012', NULL, NULL, 'CALANNO', 'ERIC C.', NULL, NULL, NULL, NULL, NULL, NULL, NULL, NULL, NULL, NULL, NULL, NULL, NULL, NULL, NULL, NULL, NULL, NULL, NULL, NULL, '', NULL, NULL, NULL, NULL, NULL, NULL, NULL, NULL, NULL, NULL, NULL, NULL, NULL, NULL, NULL, NULL, NULL, NULL, NULL, NULL, NULL, NULL, NULL, NULL, NULL, 1, 1, NULL, 0, NULL, NULL, '2018-10-28 02:17:05', NULL),
	(48, '2018006', NULL, NULL, 'CANDIL', 'JAYSON S.', NULL, NULL, NULL, NULL, NULL, NULL, NULL, NULL, NULL, NULL, NULL, NULL, NULL, NULL, NULL, NULL, NULL, NULL, NULL, NULL, '', NULL, NULL, NULL, NULL, NULL, NULL, NULL, NULL, NULL, NULL, NULL, NULL, NULL, NULL, NULL, NULL, NULL, NULL, NULL, NULL, NULL, NULL, NULL, NULL, NULL, 0, 1, NULL, 2, NULL, NULL, '2018-11-06 02:23:47', NULL),
	(49, '1989006', NULL, NULL, 'CAPARROS', 'CORAZON S.', NULL, NULL, NULL, NULL, NULL, NULL, NULL, NULL, NULL, NULL, NULL, NULL, NULL, NULL, NULL, NULL, NULL, NULL, NULL, NULL, '', NULL, NULL, NULL, NULL, NULL, NULL, NULL, NULL, NULL, NULL, NULL, NULL, NULL, NULL, NULL, NULL, NULL, NULL, NULL, NULL, NULL, NULL, NULL, NULL, NULL, 1, 1, NULL, 0, NULL, NULL, '2018-10-28 02:17:26', NULL),
	(50, '1987009', NULL, NULL, 'CARIAGA', 'CAMILO C.', NULL, NULL, NULL, NULL, NULL, NULL, NULL, NULL, NULL, NULL, NULL, NULL, NULL, NULL, NULL, NULL, NULL, NULL, NULL, NULL, '', NULL, NULL, NULL, NULL, NULL, NULL, NULL, NULL, NULL, NULL, NULL, NULL, NULL, NULL, NULL, NULL, NULL, NULL, NULL, NULL, NULL, NULL, NULL, NULL, NULL, 1, 1, NULL, 0, NULL, NULL, '2018-10-28 02:17:39', NULL),
	(51, '2015008', NULL, NULL, 'CASAS', 'ABIGAIL M.', NULL, NULL, NULL, NULL, NULL, NULL, NULL, NULL, NULL, NULL, NULL, NULL, NULL, NULL, NULL, NULL, NULL, NULL, NULL, NULL, '', NULL, NULL, NULL, NULL, NULL, NULL, NULL, NULL, NULL, NULL, NULL, NULL, NULL, NULL, NULL, NULL, NULL, NULL, NULL, NULL, NULL, NULL, NULL, NULL, NULL, 1, 1, NULL, 0, NULL, NULL, '2018-10-28 02:17:51', NULL),
	(52, '2011032', NULL, NULL, 'CASILA', 'ERIC B.', NULL, NULL, NULL, NULL, NULL, NULL, NULL, NULL, NULL, NULL, NULL, NULL, NULL, NULL, NULL, NULL, NULL, NULL, NULL, NULL, '', NULL, NULL, NULL, NULL, NULL, NULL, NULL, NULL, NULL, NULL, NULL, NULL, NULL, NULL, NULL, NULL, NULL, NULL, NULL, NULL, NULL, NULL, NULL, NULL, NULL, 1, 1, NULL, 0, NULL, NULL, '2018-10-28 02:18:01', NULL),
	(53, '2012011', NULL, NULL, 'CASTRO', 'REA C.', NULL, NULL, NULL, NULL, NULL, NULL, NULL, NULL, NULL, NULL, NULL, NULL, NULL, NULL, NULL, NULL, NULL, NULL, NULL, NULL, '', NULL, NULL, NULL, NULL, NULL, NULL, NULL, NULL, NULL, NULL, NULL, NULL, NULL, NULL, NULL, NULL, NULL, NULL, NULL, NULL, NULL, NULL, NULL, NULL, NULL, 1, 1, NULL, 0, NULL, NULL, '2018-10-28 02:18:12', NULL),
	(54, '1993001', NULL, NULL, 'CATALAN', 'FLORANTE A.', NULL, NULL, NULL, NULL, NULL, NULL, NULL, NULL, NULL, NULL, NULL, NULL, NULL, NULL, NULL, NULL, NULL, NULL, NULL, NULL, '', NULL, NULL, NULL, NULL, NULL, NULL, NULL, NULL, NULL, NULL, NULL, NULL, NULL, NULL, NULL, NULL, NULL, NULL, NULL, NULL, NULL, NULL, NULL, NULL, NULL, 1, 1, NULL, 0, NULL, NULL, '2018-10-28 02:18:31', NULL),
	(55, '1993006', NULL, NULL, 'CATALAN', 'GINA A.', NULL, NULL, NULL, NULL, NULL, NULL, NULL, NULL, NULL, NULL, NULL, NULL, NULL, NULL, NULL, NULL, NULL, NULL, NULL, NULL, '', NULL, NULL, NULL, NULL, NULL, NULL, NULL, NULL, NULL, NULL, NULL, NULL, NULL, NULL, NULL, NULL, NULL, NULL, NULL, NULL, NULL, NULL, NULL, NULL, NULL, 1, 1, NULL, 0, NULL, NULL, '2018-10-28 02:18:39', NULL),
	(56, '2013003', NULL, NULL, 'CHAVEZ', 'KARL ANDREW S.', NULL, NULL, NULL, NULL, NULL, NULL, NULL, NULL, NULL, NULL, NULL, NULL, NULL, NULL, NULL, NULL, NULL, NULL, NULL, NULL, '', NULL, NULL, NULL, NULL, NULL, NULL, NULL, NULL, NULL, NULL, NULL, NULL, NULL, NULL, NULL, NULL, NULL, NULL, NULL, NULL, NULL, NULL, NULL, NULL, NULL, 1, 1, NULL, 0, NULL, NULL, '2018-10-28 02:19:09', NULL),
	(57, '1978007', NULL, NULL, 'CLAVIO', 'ROLANDO Y.', NULL, NULL, NULL, NULL, NULL, NULL, NULL, NULL, NULL, NULL, NULL, NULL, NULL, NULL, NULL, NULL, NULL, NULL, NULL, NULL, '', NULL, NULL, NULL, NULL, NULL, NULL, NULL, NULL, NULL, NULL, NULL, NULL, NULL, NULL, NULL, NULL, NULL, NULL, NULL, NULL, NULL, NULL, NULL, NULL, NULL, 1, 1, NULL, 0, NULL, NULL, '2018-10-28 02:19:49', NULL),
	(58, '2017006', NULL, NULL, 'COLIBAO, JR.', 'JR., NESTOR Q.', NULL, NULL, NULL, NULL, NULL, NULL, NULL, NULL, NULL, NULL, NULL, NULL, NULL, NULL, NULL, NULL, NULL, NULL, NULL, NULL, '', NULL, NULL, NULL, NULL, NULL, NULL, NULL, NULL, NULL, NULL, NULL, NULL, NULL, NULL, NULL, NULL, NULL, NULL, NULL, NULL, NULL, NULL, NULL, NULL, NULL, 1, 1, NULL, 0, NULL, NULL, '2018-10-28 02:20:53', NULL),
	(59, '2016005', NULL, NULL, 'CORIA', 'ARBY F.', NULL, NULL, NULL, NULL, NULL, NULL, NULL, NULL, NULL, NULL, NULL, NULL, NULL, NULL, NULL, NULL, NULL, NULL, NULL, NULL, '', NULL, NULL, NULL, NULL, NULL, NULL, NULL, NULL, NULL, NULL, NULL, NULL, NULL, NULL, NULL, NULL, NULL, NULL, NULL, NULL, NULL, NULL, NULL, NULL, NULL, 1, 1, NULL, 0, NULL, NULL, '2018-10-28 02:21:04', NULL),
	(60, '1995007', NULL, NULL, 'CORONA', 'ROMMEL N.', NULL, NULL, NULL, NULL, NULL, NULL, NULL, NULL, NULL, NULL, NULL, NULL, NULL, NULL, NULL, NULL, NULL, NULL, NULL, NULL, '', NULL, NULL, NULL, NULL, NULL, NULL, NULL, NULL, NULL, NULL, NULL, NULL, NULL, NULL, NULL, NULL, NULL, NULL, NULL, NULL, NULL, NULL, NULL, NULL, NULL, 1, 1, NULL, 0, NULL, NULL, '2018-10-28 02:21:17', NULL),
	(61, '1990013', NULL, NULL, 'CORTEZ', 'CONCESA T.', NULL, NULL, NULL, NULL, NULL, NULL, NULL, NULL, NULL, NULL, NULL, NULL, NULL, NULL, NULL, NULL, NULL, NULL, NULL, NULL, '', NULL, NULL, NULL, NULL, NULL, NULL, NULL, NULL, NULL, NULL, NULL, NULL, NULL, NULL, NULL, NULL, NULL, NULL, NULL, NULL, NULL, NULL, NULL, NULL, NULL, 1, 1, NULL, 0, NULL, NULL, '2018-10-28 02:44:00', NULL),
	(62, '1976004', NULL, NULL, 'CRUZ', 'ROSALINDA M.', NULL, NULL, NULL, NULL, NULL, NULL, NULL, NULL, NULL, NULL, NULL, NULL, NULL, NULL, NULL, NULL, NULL, NULL, NULL, NULL, '', NULL, NULL, NULL, NULL, NULL, NULL, NULL, NULL, NULL, NULL, NULL, NULL, NULL, NULL, NULL, NULL, NULL, NULL, NULL, NULL, NULL, NULL, NULL, NULL, NULL, 1, 1, NULL, 0, NULL, NULL, '2018-10-28 02:44:47', NULL),
	(63, '1985007', NULL, NULL, 'DALAY', 'LAUREANO L.', NULL, NULL, NULL, NULL, NULL, NULL, NULL, NULL, NULL, NULL, NULL, NULL, NULL, NULL, NULL, NULL, NULL, NULL, NULL, NULL, '', NULL, NULL, NULL, NULL, NULL, NULL, NULL, NULL, NULL, NULL, NULL, NULL, NULL, NULL, NULL, NULL, NULL, NULL, NULL, NULL, NULL, NULL, NULL, NULL, NULL, 1, 1, NULL, 0, NULL, NULL, '2018-10-28 02:45:04', NULL),
	(64, '1987010', NULL, NULL, 'DATUL', 'NOEL R.', NULL, NULL, NULL, NULL, NULL, NULL, NULL, NULL, NULL, NULL, NULL, NULL, NULL, NULL, NULL, NULL, NULL, NULL, NULL, NULL, '', NULL, NULL, NULL, NULL, NULL, NULL, NULL, NULL, NULL, NULL, NULL, NULL, NULL, NULL, NULL, NULL, NULL, NULL, NULL, NULL, NULL, NULL, NULL, NULL, NULL, 1, 1, NULL, 0, NULL, NULL, '2018-10-28 02:45:15', NULL),
	(65, '2011011', NULL, NULL, 'DE LA RAMA', 'KEZIAH M.', NULL, NULL, NULL, NULL, NULL, NULL, NULL, NULL, NULL, NULL, NULL, NULL, NULL, NULL, NULL, NULL, NULL, NULL, NULL, NULL, '', NULL, NULL, NULL, NULL, NULL, NULL, NULL, NULL, NULL, NULL, NULL, NULL, NULL, NULL, NULL, NULL, NULL, NULL, NULL, NULL, NULL, NULL, NULL, NULL, NULL, 1, 1, NULL, 0, NULL, NULL, '2018-10-28 02:45:26', NULL),
	(66, '1993008', NULL, NULL, 'DE OCAMPO', 'RAYMOND S.', NULL, NULL, NULL, NULL, NULL, NULL, NULL, NULL, NULL, NULL, NULL, NULL, NULL, NULL, NULL, NULL, NULL, NULL, NULL, NULL, '', NULL, NULL, NULL, NULL, NULL, NULL, NULL, NULL, NULL, NULL, NULL, NULL, NULL, NULL, NULL, NULL, NULL, NULL, NULL, NULL, NULL, NULL, NULL, NULL, NULL, 1, 1, NULL, 0, NULL, NULL, '2018-10-28 02:45:35', NULL),
	(67, '1990001', NULL, NULL, 'DELA CRUZ', 'REYNALDO L. JR,', NULL, NULL, NULL, NULL, NULL, NULL, NULL, NULL, NULL, NULL, NULL, NULL, NULL, NULL, NULL, NULL, NULL, NULL, NULL, NULL, '', NULL, NULL, NULL, NULL, NULL, NULL, NULL, NULL, NULL, NULL, NULL, NULL, NULL, NULL, NULL, NULL, NULL, NULL, NULL, NULL, NULL, NULL, NULL, NULL, NULL, 1, 1, NULL, 0, NULL, NULL, '2018-10-28 02:48:01', NULL),
	(68, '1990007', NULL, NULL, 'DELA PENA', 'EDILBERT M.', NULL, NULL, NULL, NULL, NULL, NULL, NULL, NULL, NULL, NULL, NULL, NULL, NULL, NULL, NULL, NULL, NULL, NULL, NULL, NULL, '', NULL, NULL, NULL, NULL, NULL, NULL, NULL, NULL, NULL, NULL, NULL, NULL, NULL, NULL, NULL, NULL, NULL, NULL, NULL, NULL, NULL, NULL, NULL, NULL, NULL, 1, 1, NULL, 0, NULL, NULL, '2018-10-28 02:48:08', NULL),
	(69, '1981003', NULL, NULL, 'DELOS REYES', 'ELY C.', NULL, NULL, NULL, NULL, NULL, NULL, NULL, NULL, NULL, NULL, NULL, NULL, NULL, NULL, NULL, NULL, NULL, NULL, NULL, NULL, '', NULL, NULL, NULL, NULL, NULL, NULL, NULL, NULL, NULL, NULL, NULL, NULL, NULL, NULL, NULL, NULL, NULL, NULL, NULL, NULL, NULL, NULL, NULL, NULL, NULL, 1, 1, NULL, 0, NULL, NULL, '2018-10-28 02:48:18', NULL),
	(70, '1995001', NULL, NULL, 'DIASANTA', 'EDUARDO V. JR,', NULL, NULL, NULL, NULL, NULL, NULL, NULL, NULL, NULL, NULL, NULL, NULL, NULL, NULL, NULL, NULL, NULL, NULL, NULL, NULL, '', NULL, NULL, NULL, NULL, NULL, NULL, NULL, NULL, NULL, NULL, NULL, NULL, NULL, NULL, NULL, NULL, NULL, NULL, NULL, NULL, NULL, NULL, NULL, NULL, NULL, 1, 1, NULL, 0, NULL, NULL, '2018-10-28 02:48:45', NULL),
	(71, '1987001', NULL, NULL, 'DIMACULANGAN', 'LITO I.', NULL, NULL, NULL, NULL, NULL, NULL, NULL, NULL, NULL, NULL, NULL, NULL, NULL, NULL, NULL, NULL, NULL, NULL, NULL, NULL, '', NULL, NULL, NULL, NULL, NULL, NULL, NULL, NULL, NULL, NULL, NULL, NULL, NULL, NULL, NULL, NULL, NULL, NULL, NULL, NULL, NULL, NULL, NULL, NULL, NULL, 1, 1, NULL, 0, NULL, NULL, '2018-10-28 02:49:01', NULL),
	(72, '1990011', NULL, NULL, 'DIME', 'FRANCISCO C.', NULL, NULL, NULL, NULL, NULL, NULL, NULL, NULL, NULL, NULL, NULL, NULL, NULL, NULL, NULL, NULL, NULL, NULL, NULL, NULL, '', NULL, NULL, NULL, NULL, NULL, NULL, NULL, NULL, NULL, NULL, NULL, NULL, NULL, NULL, NULL, NULL, NULL, NULL, NULL, NULL, NULL, NULL, NULL, NULL, NULL, 1, 1, NULL, 0, NULL, NULL, '2018-10-28 02:49:50', NULL),
	(73, '1988001', NULL, NULL, 'DIME', 'JOCELYN F.', NULL, NULL, NULL, NULL, NULL, NULL, NULL, NULL, NULL, NULL, NULL, NULL, NULL, NULL, NULL, NULL, NULL, NULL, NULL, NULL, '', NULL, NULL, NULL, NULL, NULL, NULL, NULL, NULL, NULL, NULL, NULL, NULL, NULL, NULL, NULL, NULL, NULL, NULL, NULL, NULL, NULL, NULL, NULL, NULL, NULL, 1, 1, NULL, 0, NULL, NULL, '2018-10-28 02:52:18', NULL),
	(74, '2012001', NULL, NULL, 'DIONEDA', 'GLENN R.', NULL, NULL, NULL, NULL, NULL, NULL, NULL, NULL, NULL, NULL, NULL, NULL, NULL, NULL, NULL, NULL, NULL, NULL, NULL, NULL, '', NULL, NULL, NULL, NULL, NULL, NULL, NULL, NULL, NULL, NULL, NULL, NULL, NULL, NULL, NULL, NULL, NULL, NULL, NULL, NULL, NULL, NULL, NULL, NULL, NULL, 1, 1, NULL, 0, NULL, NULL, '2018-10-28 02:52:29', NULL),
	(75, '2016002', NULL, NULL, 'DIZON', 'ROBERT O', NULL, NULL, NULL, NULL, NULL, NULL, NULL, NULL, NULL, NULL, NULL, NULL, NULL, NULL, NULL, NULL, NULL, NULL, NULL, NULL, '', NULL, NULL, NULL, NULL, NULL, NULL, NULL, NULL, NULL, NULL, NULL, NULL, NULL, NULL, NULL, NULL, NULL, NULL, NULL, NULL, NULL, NULL, NULL, NULL, NULL, 1, 1, NULL, 0, NULL, NULL, '2018-10-28 02:52:40', NULL),
	(76, '2016003', NULL, NULL, 'DOMINGO', 'PEDRITO JR. A.', NULL, NULL, NULL, NULL, NULL, NULL, NULL, NULL, NULL, NULL, NULL, NULL, NULL, NULL, NULL, NULL, NULL, NULL, NULL, NULL, '', NULL, NULL, NULL, NULL, NULL, NULL, NULL, NULL, NULL, NULL, NULL, NULL, NULL, NULL, NULL, NULL, NULL, NULL, NULL, NULL, NULL, NULL, NULL, NULL, NULL, 1, 1, NULL, 0, NULL, NULL, '2018-10-28 02:52:50', NULL),
	(77, '2015006', NULL, NULL, 'DUPAGAN', 'ALMA C.', NULL, NULL, NULL, NULL, NULL, NULL, NULL, NULL, NULL, NULL, NULL, NULL, NULL, NULL, NULL, NULL, NULL, NULL, NULL, NULL, '', NULL, NULL, NULL, NULL, NULL, NULL, NULL, NULL, NULL, NULL, NULL, NULL, NULL, NULL, NULL, NULL, NULL, NULL, NULL, NULL, NULL, NULL, NULL, NULL, NULL, 1, 1, NULL, 0, NULL, NULL, '2018-10-28 02:53:00', NULL),
	(78, '2011021', NULL, NULL, 'ELIGUE', 'JOEL A.', NULL, NULL, NULL, NULL, NULL, NULL, NULL, NULL, NULL, NULL, NULL, NULL, NULL, NULL, NULL, NULL, NULL, NULL, NULL, NULL, '', NULL, NULL, NULL, NULL, NULL, NULL, NULL, NULL, NULL, NULL, NULL, NULL, NULL, NULL, NULL, NULL, NULL, NULL, NULL, NULL, NULL, NULL, NULL, NULL, NULL, 1, 1, NULL, 0, NULL, NULL, '2018-10-28 02:53:12', NULL),
	(79, '1983001', NULL, NULL, 'ENERLAN', 'GALICANO M.', NULL, NULL, NULL, NULL, NULL, NULL, NULL, NULL, NULL, NULL, NULL, NULL, NULL, NULL, NULL, NULL, NULL, NULL, NULL, NULL, '', NULL, NULL, NULL, NULL, NULL, NULL, NULL, NULL, NULL, NULL, NULL, NULL, NULL, NULL, NULL, NULL, NULL, NULL, NULL, NULL, NULL, NULL, NULL, NULL, NULL, 1, 1, NULL, 0, NULL, NULL, '2018-10-28 02:53:26', NULL),
	(80, '1983002', NULL, NULL, 'ENTERESO', 'TIRSO P.', NULL, NULL, NULL, NULL, NULL, NULL, NULL, NULL, NULL, NULL, NULL, NULL, NULL, NULL, NULL, NULL, NULL, NULL, NULL, NULL, '', NULL, NULL, NULL, NULL, NULL, NULL, NULL, NULL, NULL, NULL, NULL, NULL, NULL, NULL, NULL, NULL, NULL, NULL, NULL, NULL, NULL, NULL, NULL, NULL, NULL, 1, 1, NULL, 0, NULL, NULL, '2018-10-28 02:53:39', NULL),
	(81, '2010019', NULL, NULL, 'ERISPE', 'ERVIE B.', NULL, NULL, NULL, NULL, NULL, NULL, NULL, NULL, NULL, NULL, NULL, NULL, NULL, NULL, NULL, NULL, NULL, NULL, NULL, NULL, '', NULL, NULL, NULL, NULL, NULL, NULL, NULL, NULL, NULL, NULL, NULL, NULL, NULL, NULL, NULL, NULL, NULL, NULL, NULL, NULL, NULL, NULL, NULL, NULL, NULL, 1, 1, NULL, 0, NULL, NULL, '2018-10-28 02:53:48', NULL),
	(82, '2010010', NULL, NULL, 'ERISPE', 'JIM PATRICK SD.', NULL, NULL, NULL, NULL, NULL, NULL, NULL, NULL, NULL, NULL, NULL, NULL, NULL, NULL, NULL, NULL, NULL, NULL, NULL, NULL, '', NULL, NULL, NULL, NULL, NULL, NULL, NULL, NULL, NULL, NULL, NULL, NULL, NULL, NULL, NULL, NULL, NULL, NULL, NULL, NULL, NULL, NULL, NULL, NULL, NULL, 1, 1, NULL, 0, NULL, NULL, '2018-10-28 02:54:00', NULL),
	(83, '1977004', NULL, NULL, 'ESGUERRA', 'JOSEPHINE R.', NULL, NULL, NULL, NULL, NULL, NULL, NULL, NULL, NULL, NULL, NULL, NULL, NULL, NULL, NULL, NULL, NULL, NULL, NULL, NULL, '', NULL, NULL, NULL, NULL, NULL, NULL, NULL, NULL, NULL, NULL, NULL, NULL, NULL, NULL, NULL, NULL, NULL, NULL, NULL, NULL, NULL, NULL, NULL, NULL, NULL, 1, 1, NULL, 0, NULL, NULL, '2018-10-28 02:54:11', NULL),
	(84, '1997001', NULL, NULL, 'ESTACIO', 'ARLENE G.', NULL, NULL, NULL, NULL, NULL, NULL, NULL, NULL, NULL, NULL, NULL, NULL, NULL, NULL, NULL, NULL, NULL, NULL, NULL, NULL, '', NULL, NULL, NULL, NULL, NULL, NULL, NULL, NULL, NULL, NULL, NULL, NULL, NULL, NULL, NULL, NULL, NULL, NULL, NULL, NULL, NULL, NULL, NULL, NULL, NULL, 1, 1, NULL, 0, NULL, NULL, '2018-10-28 02:54:23', NULL),
	(85, '1987002', NULL, NULL, 'FAJARDA', 'MA.LUISA A.', NULL, NULL, NULL, NULL, NULL, NULL, NULL, NULL, NULL, NULL, NULL, NULL, NULL, NULL, NULL, NULL, NULL, NULL, NULL, NULL, '', NULL, NULL, NULL, NULL, NULL, NULL, NULL, NULL, NULL, NULL, NULL, NULL, NULL, NULL, NULL, NULL, NULL, NULL, NULL, NULL, NULL, NULL, NULL, NULL, NULL, 1, 1, NULL, 0, NULL, NULL, '2018-10-28 02:54:36', NULL),
	(86, '2015011', NULL, NULL, 'FALCATAN', 'JERAMEEL C.', NULL, NULL, NULL, NULL, NULL, NULL, NULL, NULL, NULL, NULL, NULL, NULL, NULL, NULL, NULL, NULL, NULL, NULL, NULL, NULL, '', NULL, NULL, NULL, NULL, NULL, NULL, NULL, NULL, NULL, NULL, NULL, NULL, NULL, NULL, NULL, NULL, NULL, NULL, NULL, NULL, NULL, NULL, NULL, NULL, NULL, 1, 1, NULL, 0, NULL, NULL, '2018-10-28 02:54:51', NULL),
	(87, '2015010', NULL, NULL, 'FERRER', 'FRANCIS ALBERT M', NULL, NULL, NULL, NULL, NULL, NULL, NULL, NULL, NULL, NULL, NULL, NULL, NULL, NULL, NULL, NULL, NULL, NULL, NULL, NULL, '', NULL, NULL, NULL, NULL, NULL, NULL, NULL, NULL, NULL, NULL, NULL, NULL, NULL, NULL, NULL, NULL, NULL, NULL, NULL, NULL, NULL, NULL, NULL, NULL, NULL, 1, 1, NULL, 0, NULL, NULL, '2018-10-28 02:55:05', NULL),
	(88, '1980001', NULL, NULL, 'FERRER', 'JOSE B.', NULL, NULL, NULL, NULL, NULL, NULL, NULL, NULL, NULL, NULL, NULL, NULL, NULL, NULL, NULL, NULL, NULL, NULL, NULL, NULL, '', NULL, NULL, NULL, NULL, NULL, NULL, NULL, NULL, NULL, NULL, NULL, NULL, NULL, NULL, NULL, NULL, NULL, NULL, NULL, NULL, NULL, NULL, NULL, NULL, NULL, 1, 1, NULL, 0, NULL, NULL, '2018-10-28 02:55:18', NULL),
	(89, '2012006', NULL, NULL, 'FERRERAS', 'MAYLANIE D.', NULL, NULL, NULL, NULL, NULL, NULL, NULL, NULL, NULL, NULL, NULL, NULL, NULL, NULL, NULL, NULL, NULL, NULL, NULL, NULL, '', NULL, NULL, NULL, NULL, NULL, NULL, NULL, NULL, NULL, NULL, NULL, NULL, NULL, NULL, NULL, NULL, NULL, NULL, NULL, NULL, NULL, NULL, NULL, NULL, NULL, 1, 1, NULL, 0, NULL, NULL, '2018-10-28 02:55:33', NULL),
	(90, '1992006', NULL, NULL, 'FORBES', 'LUIS C.', NULL, NULL, NULL, NULL, NULL, NULL, NULL, NULL, NULL, NULL, NULL, NULL, NULL, NULL, NULL, NULL, NULL, NULL, NULL, NULL, '', NULL, NULL, NULL, NULL, NULL, NULL, NULL, NULL, NULL, NULL, NULL, NULL, NULL, NULL, NULL, NULL, NULL, NULL, NULL, NULL, NULL, NULL, NULL, NULL, NULL, 1, 1, NULL, 0, NULL, NULL, '2018-10-28 02:57:18', NULL),
	(91, '2011024', NULL, NULL, 'FRIAS', 'MA. ALLANA LOURDES V.', NULL, NULL, NULL, NULL, NULL, NULL, NULL, NULL, NULL, NULL, NULL, NULL, NULL, NULL, NULL, NULL, NULL, NULL, NULL, NULL, '', NULL, NULL, NULL, NULL, NULL, NULL, NULL, NULL, NULL, NULL, NULL, NULL, NULL, NULL, NULL, NULL, NULL, NULL, NULL, NULL, NULL, NULL, NULL, NULL, NULL, 1, 1, NULL, 0, NULL, NULL, '2018-10-28 02:57:28', NULL),
	(92, '1987003', NULL, NULL, 'FRONDA', 'BOBBY F.', NULL, NULL, NULL, NULL, NULL, NULL, NULL, NULL, NULL, NULL, NULL, NULL, NULL, NULL, NULL, NULL, NULL, NULL, NULL, NULL, '', NULL, NULL, NULL, NULL, NULL, NULL, NULL, NULL, NULL, NULL, NULL, NULL, NULL, NULL, NULL, NULL, NULL, NULL, NULL, NULL, NULL, NULL, NULL, NULL, NULL, 1, 1, NULL, 0, NULL, NULL, '2018-10-28 02:58:26', NULL),
	(93, '1989003', NULL, NULL, 'FUDOLIG', 'AGUSTIN M.', NULL, NULL, NULL, NULL, NULL, NULL, NULL, NULL, NULL, NULL, NULL, NULL, NULL, NULL, NULL, NULL, NULL, NULL, NULL, NULL, '', NULL, NULL, NULL, NULL, NULL, NULL, NULL, NULL, NULL, NULL, NULL, NULL, NULL, NULL, NULL, NULL, NULL, NULL, NULL, NULL, NULL, NULL, NULL, NULL, NULL, 1, 1, NULL, 0, NULL, NULL, '2018-09-07 06:52:09', NULL),
	(94, '2011013', NULL, NULL, 'GABUYA', 'RESTITUTO FELIPE R.', NULL, NULL, NULL, NULL, NULL, NULL, NULL, NULL, NULL, NULL, NULL, NULL, NULL, NULL, NULL, NULL, NULL, NULL, NULL, NULL, '', NULL, NULL, NULL, NULL, NULL, NULL, NULL, NULL, NULL, NULL, NULL, NULL, NULL, NULL, NULL, NULL, NULL, NULL, NULL, NULL, NULL, NULL, NULL, NULL, NULL, 1, 1, NULL, 0, NULL, NULL, '2018-10-28 02:58:44', NULL),
	(95, '1985002', NULL, NULL, 'GALOTIA', 'GABRIEL D.', NULL, NULL, NULL, NULL, NULL, NULL, NULL, NULL, NULL, NULL, NULL, NULL, NULL, NULL, NULL, NULL, NULL, NULL, NULL, NULL, '', NULL, NULL, NULL, NULL, NULL, NULL, NULL, NULL, NULL, NULL, NULL, NULL, NULL, NULL, NULL, NULL, NULL, NULL, NULL, NULL, NULL, NULL, NULL, NULL, NULL, 1, 1, NULL, 0, NULL, NULL, '2018-10-28 03:04:31', NULL),
	(96, '2011034', NULL, NULL, 'GAMILLA', 'MELCHOR A.', NULL, NULL, NULL, NULL, NULL, NULL, NULL, NULL, NULL, NULL, NULL, NULL, NULL, NULL, NULL, NULL, NULL, NULL, NULL, NULL, '', NULL, NULL, NULL, NULL, NULL, NULL, NULL, NULL, NULL, NULL, NULL, NULL, NULL, NULL, NULL, NULL, NULL, NULL, NULL, NULL, NULL, NULL, NULL, NULL, NULL, 1, 1, NULL, 0, NULL, NULL, '2018-10-28 03:04:40', NULL),
	(97, '2011015', NULL, NULL, 'GAMO', 'FLORALE G.', NULL, NULL, NULL, NULL, NULL, NULL, NULL, NULL, NULL, NULL, NULL, NULL, NULL, NULL, NULL, NULL, NULL, NULL, NULL, NULL, '', NULL, NULL, NULL, NULL, NULL, NULL, NULL, NULL, NULL, NULL, NULL, NULL, NULL, NULL, NULL, NULL, NULL, NULL, NULL, NULL, NULL, NULL, NULL, NULL, NULL, 1, 1, NULL, 0, NULL, NULL, '2018-10-28 03:04:50', NULL),
	(98, '2010004', NULL, NULL, 'GARCIA', 'JOSEPH ALFRED V.', NULL, NULL, NULL, NULL, NULL, NULL, NULL, NULL, NULL, NULL, NULL, NULL, NULL, NULL, NULL, NULL, NULL, NULL, NULL, NULL, '', NULL, NULL, NULL, NULL, NULL, NULL, NULL, NULL, NULL, NULL, NULL, NULL, NULL, NULL, NULL, NULL, NULL, NULL, NULL, NULL, NULL, NULL, NULL, NULL, NULL, 1, 1, NULL, 0, NULL, NULL, '2018-10-28 03:04:59', NULL),
	(99, '1988002', NULL, NULL, 'GARCIA', 'NORMA B.', NULL, NULL, NULL, NULL, NULL, NULL, NULL, NULL, NULL, NULL, NULL, NULL, NULL, NULL, NULL, NULL, NULL, NULL, NULL, NULL, '', NULL, NULL, NULL, NULL, NULL, NULL, NULL, NULL, NULL, NULL, NULL, NULL, NULL, NULL, NULL, NULL, NULL, NULL, NULL, NULL, NULL, NULL, NULL, NULL, NULL, 1, 1, NULL, 0, NULL, NULL, '2018-10-28 03:05:10', NULL),
	(100, '1976002', NULL, NULL, 'GARCIA', 'SERAFIN N.', NULL, NULL, NULL, NULL, NULL, NULL, NULL, NULL, NULL, NULL, NULL, NULL, NULL, NULL, NULL, NULL, NULL, NULL, NULL, NULL, '', NULL, NULL, NULL, NULL, NULL, NULL, NULL, NULL, NULL, NULL, NULL, NULL, NULL, NULL, NULL, NULL, NULL, NULL, NULL, NULL, NULL, NULL, NULL, NULL, NULL, 1, 1, NULL, 0, NULL, NULL, '2018-10-28 03:05:20', NULL),
	(101, '1987006', NULL, NULL, 'GARGOLLO', 'MA. GLADYS F.', NULL, NULL, NULL, NULL, NULL, NULL, NULL, NULL, NULL, NULL, NULL, NULL, NULL, NULL, NULL, NULL, NULL, NULL, NULL, NULL, '', NULL, NULL, NULL, NULL, NULL, NULL, NULL, NULL, NULL, NULL, NULL, NULL, NULL, NULL, NULL, NULL, NULL, NULL, NULL, NULL, NULL, NULL, NULL, NULL, NULL, 1, 1, NULL, 0, NULL, NULL, '2018-10-28 03:05:30', NULL),
	(102, '2011027', NULL, NULL, 'GAYAHAN', 'ZALDA R.', NULL, NULL, NULL, NULL, NULL, NULL, NULL, NULL, NULL, NULL, NULL, NULL, NULL, NULL, NULL, NULL, NULL, NULL, NULL, NULL, '', NULL, NULL, NULL, NULL, NULL, NULL, NULL, NULL, NULL, NULL, NULL, NULL, NULL, NULL, NULL, NULL, NULL, NULL, NULL, NULL, NULL, NULL, NULL, NULL, NULL, 1, 1, NULL, 0, NULL, NULL, '2018-10-28 03:05:41', NULL),
	(103, '2013004', NULL, NULL, 'GEALAN', 'KRISTINE', NULL, NULL, NULL, NULL, NULL, NULL, NULL, NULL, NULL, NULL, NULL, NULL, NULL, NULL, NULL, NULL, NULL, NULL, NULL, NULL, '', NULL, NULL, NULL, NULL, NULL, NULL, NULL, NULL, NULL, NULL, NULL, NULL, NULL, NULL, NULL, NULL, NULL, NULL, NULL, NULL, NULL, NULL, NULL, NULL, NULL, 1, 1, NULL, 0, NULL, NULL, '2018-10-28 03:05:50', NULL),
	(104, '2016006', NULL, NULL, 'GONZALES', 'ALEXANDER P.', NULL, NULL, NULL, NULL, NULL, NULL, NULL, NULL, NULL, NULL, NULL, NULL, NULL, NULL, NULL, NULL, NULL, NULL, NULL, NULL, '', NULL, NULL, NULL, NULL, NULL, NULL, NULL, NULL, NULL, NULL, NULL, NULL, NULL, NULL, NULL, NULL, NULL, NULL, NULL, NULL, NULL, NULL, NULL, NULL, NULL, 1, 1, NULL, 0, NULL, NULL, '2018-10-28 03:06:01', NULL),
	(105, '1977002', NULL, NULL, 'GONZALES', 'MARLITO A.', NULL, NULL, NULL, NULL, NULL, NULL, NULL, NULL, NULL, NULL, NULL, NULL, NULL, NULL, NULL, NULL, NULL, NULL, NULL, NULL, '', NULL, NULL, NULL, NULL, NULL, NULL, NULL, NULL, NULL, NULL, NULL, NULL, NULL, NULL, NULL, NULL, NULL, NULL, NULL, NULL, NULL, NULL, NULL, NULL, NULL, 1, 1, NULL, 0, NULL, NULL, '2018-10-28 03:06:10', NULL),
	(106, '2010017', NULL, NULL, 'GOROSPE', 'MERVIN B.', NULL, NULL, NULL, NULL, NULL, NULL, NULL, NULL, NULL, NULL, NULL, NULL, NULL, NULL, NULL, NULL, NULL, NULL, NULL, NULL, '', NULL, NULL, NULL, NULL, NULL, NULL, NULL, NULL, NULL, NULL, NULL, NULL, NULL, NULL, NULL, NULL, NULL, NULL, NULL, NULL, NULL, NULL, NULL, NULL, NULL, 1, 1, NULL, 0, NULL, NULL, '2018-10-28 03:06:21', NULL),
	(107, '2017001', NULL, NULL, 'GORRES, JR.', 'JR., CAMILO N.', NULL, NULL, NULL, NULL, NULL, NULL, NULL, NULL, NULL, NULL, NULL, NULL, NULL, NULL, NULL, NULL, NULL, NULL, NULL, NULL, '', NULL, NULL, NULL, NULL, NULL, NULL, NULL, NULL, NULL, NULL, NULL, NULL, NULL, NULL, NULL, NULL, NULL, NULL, NULL, NULL, NULL, NULL, NULL, NULL, NULL, 1, 1, NULL, 0, NULL, NULL, '2018-10-28 03:06:32', NULL),
	(108, '2018007', NULL, NULL, 'GUEVARA', 'EUGENE  P.', NULL, NULL, NULL, NULL, NULL, NULL, NULL, NULL, NULL, NULL, NULL, NULL, NULL, NULL, NULL, NULL, NULL, NULL, NULL, NULL, '', NULL, NULL, NULL, NULL, NULL, NULL, NULL, NULL, NULL, NULL, NULL, NULL, NULL, NULL, NULL, NULL, NULL, NULL, NULL, NULL, NULL, NULL, NULL, NULL, NULL, 0, 1, NULL, 2, NULL, NULL, '2018-11-06 02:25:00', NULL),
	(109, '1990012', NULL, NULL, 'GUEVARRA', 'DOMINIC S.', NULL, NULL, NULL, NULL, NULL, NULL, NULL, NULL, NULL, NULL, NULL, NULL, NULL, NULL, NULL, NULL, NULL, NULL, NULL, NULL, '', NULL, NULL, NULL, NULL, NULL, NULL, NULL, NULL, NULL, NULL, NULL, NULL, NULL, NULL, NULL, NULL, NULL, NULL, NULL, NULL, NULL, NULL, NULL, NULL, NULL, 1, 1, NULL, 0, NULL, NULL, '2018-10-28 03:06:51', NULL),
	(110, '1989004', NULL, NULL, 'GURIMBAO', 'MA. ELENA G.', NULL, NULL, NULL, NULL, NULL, NULL, NULL, NULL, NULL, NULL, NULL, NULL, NULL, NULL, NULL, NULL, NULL, NULL, NULL, NULL, '', NULL, NULL, NULL, NULL, NULL, NULL, NULL, NULL, NULL, NULL, NULL, NULL, NULL, NULL, NULL, NULL, NULL, NULL, NULL, NULL, NULL, NULL, NULL, NULL, NULL, 1, 1, NULL, 0, NULL, NULL, '2018-10-28 03:07:00', NULL),
	(111, '1994003', NULL, NULL, 'HABANA', 'ARNOLD R.', NULL, NULL, NULL, NULL, NULL, NULL, NULL, NULL, NULL, NULL, NULL, NULL, NULL, NULL, NULL, NULL, NULL, NULL, NULL, NULL, '', NULL, NULL, NULL, NULL, NULL, NULL, NULL, NULL, NULL, NULL, NULL, NULL, NULL, NULL, NULL, NULL, NULL, NULL, NULL, NULL, NULL, NULL, NULL, NULL, NULL, 1, 1, NULL, 0, NULL, NULL, '2018-10-28 03:07:10', NULL),
	(112, '2011009', NULL, NULL, 'HERNANDEZ', 'MITCHEL R.', NULL, NULL, NULL, NULL, NULL, NULL, NULL, NULL, NULL, NULL, NULL, NULL, NULL, NULL, NULL, NULL, NULL, NULL, NULL, NULL, '', NULL, NULL, NULL, NULL, NULL, NULL, NULL, NULL, NULL, NULL, NULL, NULL, NULL, NULL, NULL, NULL, NULL, NULL, NULL, NULL, NULL, NULL, NULL, NULL, NULL, 1, 1, NULL, 0, NULL, NULL, '2018-10-28 03:07:21', NULL),
	(113, '2012013', NULL, NULL, 'IBA?EZ', 'CHRISTIAN M.', NULL, NULL, NULL, NULL, NULL, NULL, NULL, NULL, NULL, NULL, NULL, NULL, NULL, NULL, NULL, NULL, NULL, NULL, NULL, NULL, '', NULL, NULL, NULL, NULL, NULL, NULL, NULL, NULL, NULL, NULL, NULL, NULL, NULL, NULL, NULL, NULL, NULL, NULL, NULL, NULL, NULL, NULL, NULL, NULL, NULL, 1, 1, NULL, 0, NULL, NULL, '2018-10-28 03:07:31', NULL),
	(114, '1978002', NULL, NULL, 'INVENTOR', 'EVELYN D.', NULL, NULL, NULL, NULL, NULL, NULL, NULL, NULL, NULL, NULL, NULL, NULL, NULL, NULL, NULL, NULL, NULL, NULL, NULL, NULL, '', NULL, NULL, NULL, NULL, NULL, NULL, NULL, NULL, NULL, NULL, NULL, NULL, NULL, NULL, NULL, NULL, NULL, NULL, NULL, NULL, NULL, NULL, NULL, NULL, NULL, 1, 1, NULL, 0, NULL, NULL, '2018-10-28 03:07:41', NULL),
	(115, '1981001', NULL, NULL, 'JABSON', 'REBECCA C.', NULL, NULL, NULL, NULL, NULL, NULL, NULL, NULL, NULL, NULL, NULL, NULL, NULL, NULL, NULL, NULL, NULL, NULL, NULL, NULL, '', NULL, NULL, NULL, NULL, NULL, NULL, NULL, NULL, NULL, NULL, NULL, NULL, NULL, NULL, NULL, NULL, NULL, NULL, NULL, NULL, NULL, NULL, NULL, NULL, NULL, 1, 1, NULL, 0, NULL, NULL, '2018-10-28 03:07:51', NULL),
	(116, '1992009', NULL, NULL, 'JERUSALEM', 'JOCELYN R.', NULL, NULL, NULL, NULL, NULL, NULL, NULL, NULL, NULL, NULL, NULL, NULL, NULL, NULL, NULL, NULL, NULL, NULL, NULL, NULL, '', NULL, NULL, NULL, NULL, NULL, NULL, NULL, NULL, NULL, NULL, NULL, NULL, NULL, NULL, NULL, NULL, NULL, NULL, NULL, NULL, NULL, NULL, NULL, NULL, NULL, 1, 1, NULL, 0, NULL, NULL, '2018-10-28 03:08:00', NULL),
	(117, '1989002', NULL, NULL, 'JUCUTAN', 'EDWIN S.', NULL, NULL, NULL, NULL, NULL, NULL, NULL, NULL, NULL, NULL, NULL, NULL, NULL, NULL, NULL, NULL, NULL, NULL, NULL, NULL, '', NULL, NULL, NULL, NULL, NULL, NULL, NULL, NULL, NULL, NULL, NULL, NULL, NULL, NULL, NULL, NULL, NULL, NULL, NULL, NULL, NULL, NULL, NULL, NULL, NULL, 1, 1, NULL, 0, NULL, NULL, '2018-10-28 03:08:10', NULL),
	(118, '1990006', NULL, NULL, 'JUMILLA', 'ZENAIDA L.', NULL, NULL, NULL, NULL, NULL, NULL, NULL, NULL, NULL, NULL, NULL, NULL, NULL, NULL, NULL, NULL, NULL, NULL, NULL, NULL, '', NULL, NULL, NULL, NULL, NULL, NULL, NULL, NULL, NULL, NULL, NULL, NULL, NULL, NULL, NULL, NULL, NULL, NULL, NULL, NULL, NULL, NULL, NULL, NULL, NULL, 1, 1, NULL, 0, NULL, NULL, '2018-10-28 03:08:23', NULL),
	(119, '1992001', NULL, NULL, 'LAFUENTE', 'FLORENTINO J.', NULL, NULL, NULL, NULL, NULL, NULL, NULL, NULL, NULL, NULL, NULL, NULL, NULL, NULL, NULL, NULL, NULL, NULL, NULL, NULL, '', NULL, NULL, NULL, NULL, NULL, NULL, NULL, NULL, NULL, NULL, NULL, NULL, NULL, NULL, NULL, NULL, NULL, NULL, NULL, NULL, NULL, NULL, NULL, NULL, NULL, 1, 1, NULL, 0, NULL, NULL, '2018-10-28 03:08:32', NULL),
	(120, '2016007', NULL, NULL, 'LIBAO', 'FRANZ JOSEPH  D.', NULL, NULL, NULL, NULL, NULL, NULL, NULL, NULL, NULL, NULL, NULL, NULL, NULL, NULL, NULL, NULL, NULL, NULL, NULL, NULL, '', NULL, NULL, NULL, NULL, NULL, NULL, NULL, NULL, NULL, NULL, NULL, NULL, NULL, NULL, NULL, NULL, NULL, NULL, NULL, NULL, NULL, NULL, NULL, NULL, NULL, 1, 1, NULL, 0, NULL, NULL, '2018-10-28 03:08:42', NULL),
	(121, '2014008', NULL, NULL, 'LIGON', 'CHRISTIAN GLENN S.', NULL, NULL, NULL, NULL, NULL, NULL, NULL, NULL, NULL, NULL, NULL, NULL, NULL, NULL, NULL, NULL, NULL, NULL, NULL, NULL, '', NULL, NULL, NULL, NULL, NULL, NULL, NULL, NULL, NULL, NULL, NULL, NULL, NULL, NULL, NULL, NULL, NULL, NULL, NULL, NULL, NULL, NULL, NULL, NULL, NULL, 1, 1, NULL, 0, NULL, NULL, '2018-10-28 03:08:51', NULL),
	(122, '1980002', NULL, NULL, 'LIM', 'VIRGILIO P.', NULL, NULL, NULL, NULL, NULL, NULL, NULL, NULL, NULL, NULL, NULL, NULL, NULL, NULL, NULL, NULL, NULL, NULL, NULL, NULL, '', NULL, NULL, NULL, NULL, NULL, NULL, NULL, NULL, NULL, NULL, NULL, NULL, NULL, NULL, NULL, NULL, NULL, NULL, NULL, NULL, NULL, NULL, NULL, NULL, NULL, 1, 1, NULL, 0, NULL, NULL, '2018-10-28 03:09:01', NULL),
	(123, '1988003', NULL, NULL, 'LIM', 'WILFREDO R.', NULL, NULL, NULL, NULL, NULL, NULL, NULL, NULL, NULL, NULL, NULL, NULL, NULL, NULL, NULL, NULL, NULL, NULL, NULL, NULL, '', NULL, NULL, NULL, NULL, NULL, NULL, NULL, NULL, NULL, NULL, NULL, NULL, NULL, NULL, NULL, NULL, NULL, NULL, NULL, NULL, NULL, NULL, NULL, NULL, NULL, 1, 1, NULL, 0, NULL, NULL, '2018-10-28 03:09:10', NULL),
	(124, '2011025', NULL, NULL, 'LIMSON', 'ALLAN JOHN S.', NULL, NULL, NULL, NULL, NULL, NULL, NULL, NULL, NULL, NULL, NULL, NULL, NULL, NULL, NULL, NULL, NULL, NULL, NULL, NULL, '', NULL, NULL, NULL, NULL, NULL, NULL, NULL, NULL, NULL, NULL, NULL, NULL, NULL, NULL, NULL, NULL, NULL, NULL, NULL, NULL, NULL, NULL, NULL, NULL, NULL, 1, 1, NULL, 0, NULL, NULL, '2018-10-28 03:09:18', NULL),
	(125, '1992004', NULL, NULL, 'LIZA', 'FRED P.', NULL, NULL, NULL, NULL, NULL, NULL, NULL, NULL, NULL, NULL, NULL, NULL, NULL, NULL, NULL, NULL, NULL, NULL, NULL, NULL, '', NULL, NULL, NULL, NULL, NULL, NULL, NULL, NULL, NULL, NULL, NULL, NULL, NULL, NULL, NULL, NULL, NULL, NULL, NULL, NULL, NULL, NULL, NULL, NULL, NULL, 1, 1, NULL, 0, NULL, NULL, '2018-10-28 03:09:28', NULL),
	(126, '2010021', NULL, NULL, 'LLANTO', 'KATHERINE T.', NULL, NULL, NULL, NULL, NULL, NULL, NULL, NULL, NULL, NULL, NULL, NULL, NULL, NULL, NULL, NULL, NULL, NULL, NULL, NULL, '', NULL, NULL, NULL, NULL, NULL, NULL, NULL, NULL, NULL, NULL, NULL, NULL, NULL, NULL, NULL, NULL, NULL, NULL, NULL, NULL, NULL, NULL, NULL, NULL, NULL, 1, 1, NULL, 0, NULL, NULL, '2018-10-28 03:09:36', NULL),
	(127, '1984003', NULL, NULL, 'LORETO, REYNALDO', 'REYNALDO, M. JR,', NULL, NULL, NULL, NULL, NULL, NULL, NULL, NULL, NULL, NULL, NULL, NULL, NULL, NULL, NULL, NULL, NULL, NULL, NULL, NULL, '', NULL, NULL, NULL, NULL, NULL, NULL, NULL, NULL, NULL, NULL, NULL, NULL, NULL, NULL, NULL, NULL, NULL, NULL, NULL, NULL, NULL, NULL, NULL, NULL, NULL, 1, 1, NULL, 0, NULL, NULL, '2018-10-28 03:09:46', NULL),
	(128, '2011010', NULL, NULL, 'LUCES', 'JOEIN L.', NULL, NULL, NULL, NULL, NULL, NULL, NULL, NULL, NULL, NULL, NULL, NULL, NULL, NULL, NULL, NULL, NULL, NULL, NULL, NULL, '', NULL, NULL, NULL, NULL, NULL, NULL, NULL, NULL, NULL, NULL, NULL, NULL, NULL, NULL, NULL, NULL, NULL, NULL, NULL, NULL, NULL, NULL, NULL, NULL, NULL, 1, 1, NULL, 0, NULL, NULL, '2018-10-28 03:09:57', NULL),
	(129, '2015012', NULL, NULL, 'LUMANTA', 'PASCUAL N.', NULL, NULL, NULL, NULL, NULL, NULL, NULL, NULL, NULL, NULL, NULL, NULL, NULL, NULL, NULL, NULL, NULL, NULL, NULL, NULL, '', NULL, NULL, NULL, NULL, NULL, NULL, NULL, NULL, NULL, NULL, NULL, NULL, NULL, NULL, NULL, NULL, NULL, NULL, NULL, NULL, NULL, NULL, NULL, NULL, NULL, 1, 1, NULL, 0, NULL, NULL, '2018-10-28 03:10:07', NULL),
	(130, '2017004', NULL, NULL, 'MABANGLO', 'ROWENA D.', NULL, NULL, NULL, NULL, NULL, NULL, NULL, NULL, NULL, NULL, NULL, NULL, NULL, NULL, NULL, NULL, NULL, NULL, NULL, NULL, '', NULL, NULL, NULL, NULL, NULL, NULL, NULL, NULL, NULL, NULL, NULL, NULL, NULL, NULL, NULL, NULL, NULL, NULL, NULL, NULL, NULL, NULL, NULL, NULL, NULL, 1, 1, NULL, 0, NULL, NULL, '2018-10-28 03:10:16', NULL),
	(131, '2018003', NULL, NULL, 'MACANIP', 'VIRGILIO , JR. Y.', NULL, NULL, NULL, NULL, NULL, NULL, NULL, NULL, NULL, NULL, NULL, NULL, NULL, NULL, NULL, NULL, NULL, NULL, NULL, NULL, '', NULL, NULL, NULL, NULL, NULL, NULL, NULL, NULL, NULL, NULL, NULL, NULL, NULL, NULL, NULL, NULL, NULL, NULL, NULL, NULL, NULL, NULL, NULL, NULL, NULL, 0, 1, NULL, 2, NULL, NULL, '2018-11-06 02:27:36', NULL),
	(132, '1990002', NULL, NULL, 'MACANIP', 'VIRGILIO H.', NULL, NULL, NULL, NULL, NULL, NULL, NULL, NULL, NULL, NULL, NULL, NULL, NULL, NULL, NULL, NULL, NULL, NULL, NULL, NULL, '', NULL, NULL, NULL, NULL, NULL, NULL, NULL, NULL, NULL, NULL, NULL, NULL, NULL, NULL, NULL, NULL, NULL, NULL, NULL, NULL, NULL, NULL, NULL, NULL, NULL, 1, 1, NULL, 0, NULL, NULL, '2018-10-28 03:10:30', NULL),
	(133, '2017003', NULL, NULL, 'MACARAEG', 'MARICAR R.', NULL, NULL, NULL, NULL, NULL, NULL, NULL, NULL, NULL, NULL, NULL, NULL, NULL, NULL, NULL, NULL, NULL, NULL, NULL, NULL, '', NULL, NULL, NULL, NULL, NULL, NULL, NULL, NULL, NULL, NULL, NULL, NULL, NULL, NULL, NULL, NULL, NULL, NULL, NULL, NULL, NULL, NULL, NULL, NULL, NULL, 1, 1, NULL, 0, NULL, NULL, '2018-10-28 03:10:47', NULL),
	(134, '2018002', NULL, NULL, 'MACATANGAY', 'FAITH P.', NULL, NULL, NULL, NULL, NULL, NULL, NULL, NULL, NULL, NULL, NULL, NULL, NULL, NULL, NULL, NULL, NULL, NULL, NULL, NULL, '', NULL, NULL, NULL, NULL, NULL, NULL, NULL, NULL, NULL, NULL, NULL, NULL, NULL, NULL, NULL, NULL, NULL, NULL, NULL, NULL, NULL, NULL, NULL, NULL, NULL, 1, 1, NULL, 0, NULL, NULL, '2018-10-28 03:10:56', NULL),
	(135, '2017007', NULL, NULL, 'MAGAT', 'BRYLE  M.', NULL, NULL, NULL, NULL, NULL, NULL, NULL, NULL, NULL, NULL, NULL, NULL, NULL, NULL, NULL, NULL, NULL, NULL, NULL, NULL, '', NULL, NULL, NULL, NULL, NULL, NULL, NULL, NULL, NULL, NULL, NULL, NULL, NULL, NULL, NULL, NULL, NULL, NULL, NULL, NULL, NULL, NULL, NULL, NULL, NULL, 1, 1, NULL, 0, NULL, NULL, '2018-10-28 03:11:04', NULL),
	(136, '2011036', NULL, NULL, 'MAGLANTAY', 'REMARTIN S.', NULL, NULL, NULL, NULL, NULL, NULL, NULL, NULL, NULL, NULL, NULL, NULL, NULL, NULL, NULL, NULL, NULL, NULL, NULL, NULL, '', NULL, NULL, NULL, NULL, NULL, NULL, NULL, NULL, NULL, NULL, NULL, NULL, NULL, NULL, NULL, NULL, NULL, NULL, NULL, NULL, NULL, NULL, NULL, NULL, NULL, 1, 1, NULL, 0, NULL, NULL, '2018-10-28 03:11:48', NULL),
	(137, '2011014', NULL, NULL, 'MALIT', 'EDWARD A.', NULL, NULL, NULL, NULL, NULL, NULL, NULL, NULL, NULL, NULL, NULL, NULL, NULL, NULL, NULL, NULL, NULL, NULL, NULL, NULL, '', NULL, NULL, NULL, NULL, NULL, NULL, NULL, NULL, NULL, NULL, NULL, NULL, NULL, NULL, NULL, NULL, NULL, NULL, NULL, NULL, NULL, NULL, NULL, NULL, NULL, 1, 1, NULL, 0, NULL, NULL, '2018-10-28 03:12:26', NULL),
	(138, '1985008', NULL, NULL, 'MALLARI', 'JUANITO G.', NULL, NULL, NULL, NULL, NULL, NULL, NULL, NULL, NULL, NULL, NULL, NULL, NULL, NULL, NULL, NULL, NULL, NULL, NULL, NULL, '', NULL, NULL, NULL, NULL, NULL, NULL, NULL, NULL, NULL, NULL, NULL, NULL, NULL, NULL, NULL, NULL, NULL, NULL, NULL, NULL, NULL, NULL, NULL, NULL, NULL, 1, 1, NULL, 0, NULL, NULL, '2018-10-28 03:13:16', NULL),
	(139, '2012007', NULL, NULL, 'MANABAT', 'VINCENT BOY E.', NULL, NULL, NULL, NULL, NULL, NULL, NULL, NULL, NULL, NULL, NULL, NULL, NULL, NULL, NULL, NULL, NULL, NULL, NULL, NULL, '', NULL, NULL, NULL, NULL, NULL, NULL, NULL, NULL, NULL, NULL, NULL, NULL, NULL, NULL, NULL, NULL, NULL, NULL, NULL, NULL, NULL, NULL, NULL, NULL, NULL, 1, 1, NULL, 0, NULL, NULL, '2018-10-28 03:13:27', NULL),
	(140, '1990005', NULL, NULL, 'MARASIGAN', 'FRANCISCO M.', NULL, NULL, NULL, NULL, NULL, NULL, NULL, NULL, NULL, NULL, NULL, NULL, NULL, NULL, NULL, NULL, NULL, NULL, NULL, NULL, '', NULL, NULL, NULL, NULL, NULL, NULL, NULL, NULL, NULL, NULL, NULL, NULL, NULL, NULL, NULL, NULL, NULL, NULL, NULL, NULL, NULL, NULL, NULL, NULL, NULL, 1, 1, NULL, 0, NULL, NULL, '2018-10-28 03:13:35', NULL),
	(141, '2015002', NULL, NULL, 'MARIPOSQUE', 'REY N.', NULL, NULL, NULL, NULL, NULL, NULL, NULL, NULL, NULL, NULL, NULL, NULL, NULL, NULL, NULL, NULL, NULL, NULL, NULL, NULL, '', NULL, NULL, NULL, NULL, NULL, NULL, NULL, NULL, NULL, NULL, NULL, NULL, NULL, NULL, NULL, NULL, NULL, NULL, NULL, NULL, NULL, NULL, NULL, NULL, NULL, 1, 1, NULL, 0, NULL, NULL, '2018-10-28 03:13:43', NULL),
	(142, '2011001', NULL, NULL, 'MARQUEZ', 'ADONIS T.', NULL, NULL, NULL, NULL, NULL, NULL, NULL, NULL, NULL, NULL, NULL, NULL, NULL, NULL, NULL, NULL, NULL, NULL, NULL, NULL, '', NULL, NULL, NULL, NULL, NULL, NULL, NULL, NULL, NULL, NULL, NULL, NULL, NULL, NULL, NULL, NULL, NULL, NULL, NULL, NULL, NULL, NULL, NULL, NULL, NULL, 1, 1, NULL, 0, NULL, NULL, '2018-10-28 03:13:51', NULL),
	(143, '1978005', NULL, NULL, 'MARTIN', 'RAMON M.', NULL, NULL, NULL, NULL, NULL, NULL, NULL, NULL, NULL, NULL, NULL, NULL, NULL, NULL, NULL, NULL, NULL, NULL, NULL, NULL, '', NULL, NULL, NULL, NULL, NULL, NULL, NULL, NULL, NULL, NULL, NULL, NULL, NULL, NULL, NULL, NULL, NULL, NULL, NULL, NULL, NULL, NULL, NULL, NULL, NULL, 1, 1, NULL, 0, NULL, NULL, '2018-10-28 03:14:00', NULL),
	(144, '2014010', NULL, NULL, 'MERCADO', 'MA. RODESSA A.', NULL, NULL, NULL, NULL, NULL, NULL, NULL, NULL, NULL, NULL, NULL, NULL, NULL, NULL, NULL, NULL, NULL, NULL, NULL, NULL, '', NULL, NULL, NULL, NULL, NULL, NULL, NULL, NULL, NULL, NULL, NULL, NULL, NULL, NULL, NULL, NULL, NULL, NULL, NULL, NULL, NULL, NULL, NULL, NULL, NULL, 1, 1, NULL, 0, NULL, NULL, '2018-10-28 03:14:32', NULL),
	(145, '1994001', NULL, NULL, 'MILLO', 'ISIDRO D.', NULL, NULL, NULL, NULL, NULL, NULL, NULL, NULL, NULL, NULL, NULL, NULL, NULL, NULL, NULL, NULL, NULL, NULL, NULL, NULL, '', NULL, NULL, NULL, NULL, NULL, NULL, NULL, NULL, NULL, NULL, NULL, NULL, NULL, NULL, NULL, NULL, NULL, NULL, NULL, NULL, NULL, NULL, NULL, NULL, NULL, 1, 1, NULL, 0, NULL, NULL, '2018-10-28 03:15:01', NULL),
	(146, '1994002', NULL, NULL, 'MILLO', 'MA. GIRLIE M.', NULL, NULL, NULL, NULL, NULL, NULL, NULL, NULL, NULL, NULL, NULL, NULL, NULL, NULL, NULL, NULL, NULL, NULL, NULL, NULL, '', NULL, NULL, NULL, NULL, NULL, NULL, NULL, NULL, NULL, NULL, NULL, NULL, NULL, NULL, NULL, NULL, NULL, NULL, NULL, NULL, NULL, NULL, NULL, NULL, NULL, 1, 1, NULL, 0, NULL, NULL, '2018-10-28 03:15:10', NULL),
	(147, '2012009', NULL, NULL, 'MORENO', 'ROUEL G.', NULL, NULL, NULL, NULL, NULL, NULL, NULL, NULL, NULL, NULL, NULL, NULL, NULL, NULL, NULL, NULL, NULL, NULL, NULL, NULL, '', NULL, NULL, NULL, NULL, NULL, NULL, NULL, NULL, NULL, NULL, NULL, NULL, NULL, NULL, NULL, NULL, NULL, NULL, NULL, NULL, NULL, NULL, NULL, NULL, NULL, 1, 1, NULL, 0, NULL, NULL, '2018-10-28 03:15:49', NULL),
	(148, '1992002', NULL, NULL, 'MORLA', 'SIMPLICIO JR. N.', NULL, NULL, NULL, NULL, NULL, NULL, NULL, NULL, NULL, NULL, NULL, NULL, NULL, NULL, NULL, NULL, NULL, NULL, NULL, NULL, '', NULL, NULL, NULL, NULL, NULL, NULL, NULL, NULL, NULL, NULL, NULL, NULL, NULL, NULL, NULL, NULL, NULL, NULL, NULL, NULL, NULL, NULL, NULL, NULL, NULL, 1, 1, NULL, 0, NULL, NULL, '2018-10-28 03:15:57', NULL),
	(149, '2014006', NULL, NULL, 'MOTAS', 'AUREA T.', NULL, NULL, NULL, NULL, NULL, NULL, NULL, NULL, NULL, NULL, NULL, NULL, NULL, NULL, NULL, NULL, NULL, NULL, NULL, NULL, '', NULL, NULL, NULL, NULL, NULL, NULL, NULL, NULL, NULL, NULL, NULL, NULL, NULL, NULL, NULL, NULL, NULL, NULL, NULL, NULL, NULL, NULL, NULL, NULL, NULL, 1, 1, NULL, 0, NULL, NULL, '2018-10-28 03:16:05', NULL),
	(150, '2014002', NULL, NULL, 'MURCILLA', 'HAZEL MARIE V.', NULL, NULL, NULL, NULL, NULL, NULL, NULL, NULL, NULL, NULL, NULL, NULL, NULL, NULL, NULL, NULL, NULL, NULL, NULL, NULL, '', NULL, NULL, NULL, NULL, NULL, NULL, NULL, NULL, NULL, NULL, NULL, NULL, NULL, NULL, NULL, NULL, NULL, NULL, NULL, NULL, NULL, NULL, NULL, NULL, NULL, 1, 1, NULL, 0, NULL, NULL, '2018-10-28 03:16:26', NULL),
	(151, '2017002', NULL, NULL, 'NARVAEZ', 'JOEL B.', NULL, NULL, NULL, NULL, NULL, NULL, NULL, NULL, NULL, NULL, NULL, NULL, NULL, NULL, NULL, NULL, NULL, NULL, NULL, NULL, '', NULL, NULL, NULL, NULL, NULL, NULL, NULL, NULL, NULL, NULL, NULL, NULL, NULL, NULL, NULL, NULL, NULL, NULL, NULL, NULL, NULL, NULL, NULL, NULL, NULL, 1, 1, NULL, 0, NULL, NULL, '2018-10-28 03:16:46', NULL),
	(152, '2011030', NULL, NULL, 'NERI', 'MELISSA V.', NULL, NULL, NULL, NULL, NULL, NULL, NULL, NULL, NULL, NULL, NULL, NULL, NULL, NULL, NULL, NULL, NULL, NULL, NULL, NULL, '', NULL, NULL, NULL, NULL, NULL, NULL, NULL, NULL, NULL, NULL, NULL, NULL, NULL, NULL, NULL, NULL, NULL, NULL, NULL, NULL, NULL, NULL, NULL, NULL, NULL, 1, 1, NULL, 0, NULL, NULL, '2018-10-28 03:16:57', NULL),
	(153, '2011026', NULL, NULL, 'NOCHESEDA', 'CARLA JOYCE C.', NULL, NULL, NULL, NULL, NULL, NULL, NULL, NULL, NULL, NULL, NULL, NULL, NULL, NULL, NULL, NULL, NULL, NULL, NULL, NULL, '', NULL, NULL, NULL, NULL, NULL, NULL, NULL, NULL, NULL, NULL, NULL, NULL, NULL, NULL, NULL, NULL, NULL, NULL, NULL, NULL, NULL, NULL, NULL, NULL, NULL, 1, 1, NULL, 0, NULL, NULL, '2018-10-28 03:17:23', NULL),
	(154, '2016011', NULL, NULL, 'NOGUERA', 'FELIX JR. M.', NULL, NULL, NULL, NULL, NULL, NULL, NULL, NULL, NULL, NULL, NULL, NULL, NULL, NULL, NULL, NULL, NULL, NULL, NULL, NULL, '', NULL, NULL, NULL, NULL, NULL, NULL, NULL, NULL, NULL, NULL, NULL, NULL, NULL, NULL, NULL, NULL, NULL, NULL, NULL, NULL, NULL, NULL, NULL, NULL, NULL, 1, 1, NULL, 0, NULL, NULL, '2018-10-28 03:18:51', NULL),
	(155, '2010003', NULL, NULL, 'OBREGON', 'JEFFREY C.', NULL, NULL, NULL, NULL, NULL, NULL, NULL, NULL, NULL, NULL, NULL, NULL, NULL, NULL, NULL, NULL, NULL, NULL, NULL, NULL, '', NULL, NULL, NULL, NULL, NULL, NULL, NULL, NULL, NULL, NULL, NULL, NULL, NULL, NULL, NULL, NULL, NULL, NULL, NULL, NULL, NULL, NULL, NULL, NULL, NULL, 1, 1, NULL, 0, NULL, NULL, '2018-10-28 03:19:01', NULL),
	(156, '2015014', NULL, NULL, 'OLESCO', 'LEANDRO', NULL, NULL, NULL, NULL, NULL, NULL, NULL, NULL, NULL, NULL, NULL, NULL, NULL, NULL, NULL, NULL, NULL, NULL, NULL, NULL, '', NULL, NULL, NULL, NULL, NULL, NULL, NULL, NULL, NULL, NULL, NULL, NULL, NULL, NULL, NULL, NULL, NULL, NULL, NULL, NULL, NULL, NULL, NULL, NULL, NULL, 1, 1, NULL, 0, NULL, NULL, '2018-10-28 03:19:11', NULL),
	(157, '2013007', NULL, NULL, 'OLIVA', 'ALBERTO M.', NULL, NULL, NULL, NULL, NULL, NULL, NULL, NULL, NULL, NULL, NULL, NULL, NULL, NULL, NULL, NULL, NULL, NULL, NULL, NULL, '', NULL, NULL, NULL, NULL, NULL, NULL, NULL, NULL, NULL, NULL, NULL, NULL, NULL, NULL, NULL, NULL, NULL, NULL, NULL, NULL, NULL, NULL, NULL, NULL, NULL, 1, 1, NULL, 0, NULL, NULL, '2018-10-28 03:19:21', NULL),
	(158, '2017005', NULL, NULL, 'OPON', 'MARY GRACE B.', NULL, NULL, NULL, NULL, NULL, NULL, NULL, NULL, NULL, NULL, NULL, NULL, NULL, NULL, NULL, NULL, NULL, NULL, NULL, NULL, '', NULL, NULL, NULL, NULL, NULL, NULL, NULL, NULL, NULL, NULL, NULL, NULL, NULL, NULL, NULL, NULL, NULL, NULL, NULL, NULL, NULL, NULL, NULL, NULL, NULL, 1, 1, NULL, 0, NULL, NULL, '2018-10-28 03:19:31', NULL),
	(159, '2003002', NULL, NULL, 'ORTIZ', 'JELLY N.', NULL, NULL, NULL, NULL, NULL, NULL, NULL, NULL, NULL, NULL, NULL, NULL, NULL, NULL, NULL, NULL, NULL, NULL, NULL, NULL, '', NULL, NULL, NULL, NULL, NULL, NULL, NULL, NULL, NULL, NULL, NULL, NULL, NULL, NULL, NULL, NULL, NULL, NULL, NULL, NULL, NULL, NULL, NULL, NULL, NULL, 1, 1, NULL, 0, NULL, NULL, '2018-10-28 03:19:40', NULL),
	(160, '1992005', NULL, NULL, 'PACHOCO', 'FELIPE G.', NULL, NULL, NULL, NULL, NULL, NULL, NULL, NULL, NULL, NULL, NULL, NULL, NULL, NULL, NULL, NULL, NULL, NULL, NULL, NULL, '', NULL, NULL, NULL, NULL, NULL, NULL, NULL, NULL, NULL, NULL, NULL, NULL, NULL, NULL, NULL, NULL, NULL, NULL, NULL, NULL, NULL, NULL, NULL, NULL, NULL, 1, 1, NULL, 0, NULL, NULL, '2018-10-28 03:19:49', NULL),
	(161, '2013001', NULL, NULL, 'PACIA', 'ARVIN YAN V.', NULL, NULL, NULL, NULL, NULL, NULL, NULL, NULL, NULL, NULL, NULL, NULL, NULL, NULL, NULL, NULL, NULL, NULL, NULL, NULL, '', NULL, NULL, NULL, NULL, NULL, NULL, NULL, NULL, NULL, NULL, NULL, NULL, NULL, NULL, NULL, NULL, NULL, NULL, NULL, NULL, NULL, NULL, NULL, NULL, NULL, 1, 1, NULL, 0, NULL, NULL, '2018-10-28 03:20:00', NULL),
	(162, '1990014', NULL, NULL, 'PAGTALUNAN', 'RIO S.', NULL, NULL, NULL, NULL, NULL, NULL, NULL, NULL, NULL, NULL, NULL, NULL, NULL, NULL, NULL, NULL, NULL, NULL, NULL, NULL, '', NULL, NULL, NULL, NULL, NULL, NULL, NULL, NULL, NULL, NULL, NULL, NULL, NULL, NULL, NULL, NULL, NULL, NULL, NULL, NULL, NULL, NULL, NULL, NULL, NULL, 1, 1, NULL, 0, NULL, NULL, '2018-10-28 03:20:10', NULL),
	(163, '2016008', NULL, NULL, 'PALMA', 'IVY MARIE P.', NULL, NULL, NULL, NULL, NULL, NULL, NULL, NULL, NULL, NULL, NULL, NULL, NULL, NULL, NULL, NULL, NULL, NULL, NULL, NULL, '', NULL, NULL, NULL, NULL, NULL, NULL, NULL, NULL, NULL, NULL, NULL, NULL, NULL, NULL, NULL, NULL, NULL, NULL, NULL, NULL, NULL, NULL, NULL, NULL, NULL, 1, 1, NULL, 0, NULL, NULL, '2018-10-28 03:20:19', NULL),
	(164, '1989001', NULL, NULL, 'PANGANIBAN', 'ALFREDO Z.', NULL, NULL, NULL, NULL, NULL, NULL, NULL, NULL, NULL, NULL, NULL, NULL, NULL, NULL, NULL, NULL, NULL, NULL, NULL, NULL, '', NULL, NULL, NULL, NULL, NULL, NULL, NULL, NULL, NULL, NULL, NULL, NULL, NULL, NULL, NULL, NULL, NULL, NULL, NULL, NULL, NULL, NULL, NULL, NULL, NULL, 1, 1, NULL, 0, NULL, NULL, '2018-10-28 03:20:35', NULL),
	(165, '2008003', NULL, NULL, 'PANGILINAN', 'JOEY G.', NULL, NULL, NULL, NULL, NULL, NULL, NULL, NULL, NULL, NULL, NULL, NULL, NULL, NULL, NULL, NULL, NULL, NULL, NULL, NULL, '', NULL, NULL, NULL, NULL, NULL, NULL, NULL, NULL, NULL, NULL, NULL, NULL, NULL, NULL, NULL, NULL, NULL, NULL, NULL, NULL, NULL, NULL, NULL, NULL, NULL, 1, 1, NULL, 0, NULL, NULL, '2018-10-28 03:20:42', NULL),
	(166, '1995004', NULL, NULL, 'PASCO', 'VIRGILIO E.', NULL, NULL, NULL, NULL, NULL, NULL, NULL, NULL, NULL, NULL, NULL, NULL, NULL, NULL, NULL, NULL, NULL, NULL, NULL, NULL, '', NULL, NULL, NULL, NULL, NULL, NULL, NULL, NULL, NULL, NULL, NULL, NULL, NULL, NULL, NULL, NULL, NULL, NULL, NULL, NULL, NULL, NULL, NULL, NULL, NULL, 1, 1, NULL, 0, NULL, NULL, '2018-10-28 03:20:52', NULL),
	(167, '2010012', NULL, NULL, 'PATRIARCA', 'DIOSITO T.', NULL, NULL, NULL, NULL, NULL, NULL, NULL, NULL, NULL, NULL, NULL, NULL, NULL, NULL, NULL, NULL, NULL, NULL, NULL, NULL, '', NULL, NULL, NULL, NULL, NULL, NULL, NULL, NULL, NULL, NULL, NULL, NULL, NULL, NULL, NULL, NULL, NULL, NULL, NULL, NULL, NULL, NULL, NULL, NULL, NULL, 1, 1, NULL, 0, NULL, NULL, '2018-10-28 03:21:07', NULL),
	(168, '1995006', NULL, NULL, 'PEDRAZA', 'AGNES F.', NULL, NULL, NULL, NULL, NULL, NULL, NULL, NULL, NULL, NULL, NULL, NULL, NULL, NULL, NULL, NULL, NULL, NULL, NULL, NULL, '', NULL, NULL, NULL, NULL, NULL, NULL, NULL, NULL, NULL, NULL, NULL, NULL, NULL, NULL, NULL, NULL, NULL, NULL, NULL, NULL, NULL, NULL, NULL, NULL, NULL, 1, 1, NULL, 0, NULL, NULL, '2018-10-28 03:21:17', NULL),
	(169, '1996001', NULL, NULL, 'PILAR', 'ANGELITO N.', NULL, NULL, NULL, NULL, NULL, NULL, NULL, NULL, NULL, NULL, NULL, NULL, NULL, NULL, NULL, NULL, NULL, NULL, NULL, NULL, '', NULL, NULL, NULL, NULL, NULL, NULL, NULL, NULL, NULL, NULL, NULL, NULL, NULL, NULL, NULL, NULL, NULL, NULL, NULL, NULL, NULL, NULL, NULL, NULL, NULL, 1, 1, NULL, 0, NULL, NULL, '2018-10-28 03:21:27', NULL),
	(170, '1990004', NULL, NULL, 'PILAR', 'DANILO N.', NULL, NULL, NULL, NULL, NULL, NULL, NULL, NULL, NULL, NULL, NULL, NULL, NULL, NULL, NULL, NULL, NULL, NULL, NULL, NULL, '', NULL, NULL, NULL, NULL, NULL, NULL, NULL, NULL, NULL, NULL, NULL, NULL, NULL, NULL, NULL, NULL, NULL, NULL, NULL, NULL, NULL, NULL, NULL, NULL, NULL, 1, 1, NULL, 0, NULL, NULL, '2018-10-28 03:21:37', NULL),
	(171, '1994004', NULL, NULL, 'PINCA', 'ELDINA B.', NULL, NULL, NULL, NULL, NULL, NULL, NULL, NULL, NULL, NULL, NULL, NULL, NULL, NULL, NULL, NULL, NULL, NULL, NULL, NULL, '', NULL, NULL, NULL, NULL, NULL, NULL, NULL, NULL, NULL, NULL, NULL, NULL, NULL, NULL, NULL, NULL, NULL, NULL, NULL, NULL, NULL, NULL, NULL, NULL, NULL, 1, 1, NULL, 0, NULL, NULL, '2018-10-28 03:21:49', NULL),
	(172, '2014007', NULL, NULL, 'PIOQUINTO', 'MORRIS D.R.', NULL, NULL, NULL, NULL, NULL, NULL, NULL, NULL, NULL, NULL, NULL, NULL, NULL, NULL, NULL, NULL, NULL, NULL, NULL, NULL, '', NULL, NULL, NULL, NULL, NULL, NULL, NULL, NULL, NULL, NULL, NULL, NULL, NULL, NULL, NULL, NULL, NULL, NULL, NULL, NULL, NULL, NULL, NULL, NULL, NULL, 1, 1, NULL, 0, NULL, NULL, '2018-10-28 03:22:00', NULL),
	(173, '2015004', NULL, NULL, 'PORLUCAS', 'LAILA R.', NULL, NULL, NULL, NULL, NULL, NULL, NULL, NULL, NULL, NULL, NULL, NULL, NULL, NULL, NULL, NULL, NULL, NULL, NULL, NULL, '', NULL, NULL, NULL, NULL, NULL, NULL, NULL, NULL, NULL, NULL, NULL, NULL, NULL, NULL, NULL, NULL, NULL, NULL, NULL, NULL, NULL, NULL, NULL, NULL, NULL, 1, 1, NULL, 0, NULL, NULL, '2018-10-28 03:22:10', NULL),
	(174, '1990003', NULL, NULL, 'PUERTO', 'JONATHAN Q.', NULL, NULL, NULL, NULL, NULL, NULL, NULL, NULL, NULL, NULL, NULL, NULL, NULL, NULL, NULL, NULL, NULL, NULL, NULL, NULL, '', NULL, NULL, NULL, NULL, NULL, NULL, NULL, NULL, NULL, NULL, NULL, NULL, NULL, NULL, NULL, NULL, NULL, NULL, NULL, NULL, NULL, NULL, NULL, NULL, NULL, 1, 1, NULL, 0, NULL, NULL, '2018-10-28 03:22:22', NULL),
	(175, '2011035', NULL, NULL, 'QUIBOT', 'OSRIC PRIMO BERN A.', NULL, NULL, NULL, NULL, NULL, NULL, NULL, NULL, NULL, NULL, NULL, NULL, NULL, NULL, NULL, NULL, NULL, NULL, NULL, NULL, '', NULL, NULL, NULL, NULL, NULL, NULL, NULL, NULL, NULL, NULL, NULL, NULL, NULL, NULL, NULL, NULL, NULL, NULL, NULL, NULL, NULL, NULL, NULL, NULL, NULL, 1, 1, NULL, 0, NULL, NULL, '2018-10-28 03:22:33', NULL),
	(176, '2015007', NULL, NULL, 'QUINGCO', 'JOHNNY', NULL, NULL, NULL, NULL, NULL, NULL, NULL, NULL, NULL, NULL, NULL, NULL, NULL, NULL, NULL, NULL, NULL, NULL, NULL, NULL, '', NULL, NULL, NULL, NULL, NULL, NULL, NULL, NULL, NULL, NULL, NULL, NULL, NULL, NULL, NULL, NULL, NULL, NULL, NULL, NULL, NULL, NULL, NULL, NULL, NULL, 1, 1, NULL, 0, NULL, NULL, '2018-10-28 03:22:44', NULL),
	(177, '1993007', NULL, NULL, 'RAFANAN', 'MARLENE R.', NULL, NULL, NULL, NULL, NULL, NULL, NULL, NULL, NULL, NULL, NULL, NULL, NULL, NULL, NULL, NULL, NULL, NULL, NULL, NULL, '', NULL, NULL, NULL, NULL, NULL, NULL, NULL, NULL, NULL, NULL, NULL, NULL, NULL, NULL, NULL, NULL, NULL, NULL, NULL, NULL, NULL, NULL, NULL, NULL, NULL, 1, 1, NULL, 0, NULL, NULL, '2018-10-28 03:22:53', NULL),
	(178, '1976001', NULL, NULL, 'RAGASA', 'BENSON A.', NULL, NULL, NULL, NULL, NULL, NULL, NULL, NULL, NULL, NULL, NULL, NULL, NULL, NULL, NULL, NULL, NULL, NULL, NULL, NULL, '', NULL, NULL, NULL, NULL, NULL, NULL, NULL, NULL, NULL, NULL, NULL, NULL, NULL, NULL, NULL, NULL, NULL, NULL, NULL, NULL, NULL, NULL, NULL, NULL, NULL, 1, 1, NULL, 0, NULL, NULL, '2018-10-28 03:23:03', NULL),
	(179, '1987007', NULL, NULL, 'RAMONES', 'MARLYN U.', NULL, NULL, NULL, NULL, NULL, NULL, NULL, NULL, NULL, NULL, NULL, NULL, NULL, NULL, NULL, NULL, NULL, NULL, NULL, NULL, '', NULL, NULL, NULL, NULL, NULL, NULL, NULL, NULL, NULL, NULL, NULL, NULL, NULL, NULL, NULL, NULL, NULL, NULL, NULL, NULL, NULL, NULL, NULL, NULL, NULL, 1, 1, NULL, 0, NULL, NULL, '2018-10-28 03:23:14', NULL),
	(180, '2016004', NULL, NULL, 'RASCO', 'CARLO U.', NULL, NULL, NULL, NULL, NULL, NULL, NULL, NULL, NULL, NULL, NULL, NULL, NULL, NULL, NULL, NULL, NULL, NULL, NULL, NULL, '', NULL, NULL, NULL, NULL, NULL, NULL, NULL, NULL, NULL, NULL, NULL, NULL, NULL, NULL, NULL, NULL, NULL, NULL, NULL, NULL, NULL, NULL, NULL, NULL, NULL, 1, 1, NULL, 0, NULL, NULL, '2018-10-28 03:23:22', NULL),
	(181, '2012002', NULL, NULL, 'REVILLA', 'MARY JOY C.', NULL, NULL, NULL, NULL, NULL, NULL, NULL, NULL, NULL, NULL, NULL, NULL, NULL, NULL, NULL, NULL, NULL, NULL, NULL, NULL, '', NULL, NULL, NULL, NULL, NULL, NULL, NULL, NULL, NULL, NULL, NULL, NULL, NULL, NULL, NULL, NULL, NULL, NULL, NULL, NULL, NULL, NULL, NULL, NULL, NULL, 1, 1, NULL, 0, NULL, NULL, '2018-10-28 03:23:33', NULL),
	(182, '1978003', NULL, NULL, 'REYES', 'JOHNNY U.', NULL, NULL, NULL, NULL, NULL, NULL, NULL, NULL, NULL, NULL, NULL, NULL, NULL, NULL, NULL, NULL, NULL, NULL, NULL, NULL, '', NULL, NULL, NULL, NULL, NULL, NULL, NULL, NULL, NULL, NULL, NULL, NULL, NULL, NULL, NULL, NULL, NULL, NULL, NULL, NULL, NULL, NULL, NULL, NULL, NULL, 1, 1, NULL, 0, NULL, NULL, '2018-10-28 03:23:42', NULL),
	(183, '1991001', NULL, NULL, 'RIVERA', 'LINDA G.', NULL, NULL, NULL, NULL, NULL, NULL, NULL, NULL, NULL, NULL, NULL, NULL, NULL, NULL, NULL, NULL, NULL, NULL, NULL, NULL, '', NULL, NULL, NULL, NULL, NULL, NULL, NULL, NULL, NULL, NULL, NULL, NULL, NULL, NULL, NULL, NULL, NULL, NULL, NULL, NULL, NULL, NULL, NULL, NULL, NULL, 1, 1, NULL, 0, NULL, NULL, '2018-10-28 03:23:51', NULL),
	(184, '2012003', NULL, NULL, 'ROA', 'GIL R.', NULL, NULL, NULL, NULL, NULL, NULL, NULL, NULL, NULL, NULL, NULL, NULL, NULL, NULL, NULL, NULL, NULL, NULL, NULL, NULL, '', NULL, NULL, NULL, NULL, NULL, NULL, NULL, NULL, NULL, NULL, NULL, NULL, NULL, NULL, NULL, NULL, NULL, NULL, NULL, NULL, NULL, NULL, NULL, NULL, NULL, 1, 1, NULL, 0, NULL, NULL, '2018-10-28 03:24:06', NULL),
	(185, '1979002', NULL, NULL, 'RODRIGUEZ', 'NATALIO L.', NULL, NULL, NULL, NULL, NULL, NULL, NULL, NULL, NULL, NULL, NULL, NULL, NULL, NULL, NULL, NULL, NULL, NULL, NULL, NULL, '', NULL, NULL, NULL, NULL, NULL, NULL, NULL, NULL, NULL, NULL, NULL, NULL, NULL, NULL, NULL, NULL, NULL, NULL, NULL, NULL, NULL, NULL, NULL, NULL, NULL, 1, 1, NULL, 0, NULL, NULL, '2018-10-28 03:24:17', NULL),
	(186, '2012004', NULL, NULL, 'ROGELIO', 'JAYSON P.', NULL, NULL, NULL, NULL, NULL, NULL, NULL, NULL, NULL, NULL, NULL, NULL, NULL, NULL, NULL, NULL, NULL, NULL, NULL, NULL, '', NULL, NULL, NULL, NULL, NULL, NULL, NULL, NULL, NULL, NULL, NULL, NULL, NULL, NULL, NULL, NULL, NULL, NULL, NULL, NULL, NULL, NULL, NULL, NULL, NULL, 1, 1, NULL, 0, NULL, NULL, '2018-10-28 03:24:27', NULL),
	(187, '1992008', NULL, NULL, 'ROMERO', 'JOSEPH A.', NULL, NULL, NULL, NULL, NULL, NULL, NULL, NULL, NULL, NULL, NULL, NULL, NULL, NULL, NULL, NULL, NULL, NULL, NULL, NULL, '', NULL, NULL, NULL, NULL, NULL, NULL, NULL, NULL, NULL, NULL, NULL, NULL, NULL, NULL, NULL, NULL, NULL, NULL, NULL, NULL, NULL, NULL, NULL, NULL, NULL, 1, 1, NULL, 0, NULL, NULL, '2018-10-28 03:24:36', NULL),
	(188, '1994005', NULL, NULL, 'RUBIS', 'LIGAYA M.', NULL, NULL, NULL, NULL, NULL, NULL, NULL, NULL, NULL, NULL, NULL, NULL, NULL, NULL, NULL, NULL, NULL, NULL, NULL, NULL, '', NULL, NULL, NULL, NULL, NULL, NULL, NULL, NULL, NULL, NULL, NULL, NULL, NULL, NULL, NULL, NULL, NULL, NULL, NULL, NULL, NULL, NULL, NULL, NULL, NULL, 1, 1, NULL, 0, NULL, NULL, '2018-10-28 03:24:49', NULL),
	(189, '1993003', NULL, NULL, 'RUILES', 'SALVACION V.', NULL, NULL, NULL, NULL, NULL, NULL, NULL, NULL, NULL, NULL, NULL, NULL, NULL, NULL, NULL, NULL, NULL, NULL, NULL, NULL, '', NULL, NULL, NULL, NULL, NULL, NULL, NULL, NULL, NULL, NULL, NULL, NULL, NULL, NULL, NULL, NULL, NULL, NULL, NULL, NULL, NULL, NULL, NULL, NULL, NULL, 1, 1, NULL, 0, NULL, NULL, '2018-10-28 03:24:58', NULL),
	(190, '1987011', NULL, NULL, 'SAGRADO', 'ROY C.', NULL, NULL, NULL, NULL, NULL, NULL, NULL, NULL, NULL, NULL, NULL, NULL, NULL, NULL, NULL, NULL, NULL, NULL, NULL, NULL, '', NULL, NULL, NULL, NULL, NULL, NULL, NULL, NULL, NULL, NULL, NULL, NULL, NULL, NULL, NULL, NULL, NULL, NULL, NULL, NULL, NULL, NULL, NULL, NULL, NULL, 1, 1, NULL, 0, NULL, NULL, '2018-10-28 03:25:08', NULL),
	(191, '2016001', NULL, NULL, 'SALUDES', 'JAN MICHAEL', NULL, NULL, NULL, NULL, NULL, NULL, NULL, NULL, NULL, NULL, NULL, NULL, NULL, NULL, NULL, NULL, NULL, NULL, NULL, NULL, '', NULL, NULL, NULL, NULL, NULL, NULL, NULL, NULL, NULL, NULL, NULL, NULL, NULL, NULL, NULL, NULL, NULL, NULL, NULL, NULL, NULL, NULL, NULL, NULL, NULL, 1, 1, NULL, 0, NULL, NULL, '2018-10-28 03:25:19', NULL),
	(192, '1985003', NULL, NULL, 'SANCHEZ', 'RONILO C.', NULL, NULL, NULL, NULL, NULL, NULL, NULL, NULL, NULL, NULL, NULL, NULL, NULL, NULL, NULL, NULL, NULL, NULL, NULL, NULL, '', NULL, NULL, NULL, NULL, NULL, NULL, NULL, NULL, NULL, NULL, NULL, NULL, NULL, NULL, NULL, NULL, NULL, NULL, NULL, NULL, NULL, NULL, NULL, NULL, NULL, 1, 1, NULL, 0, NULL, NULL, '2018-10-28 03:25:31', NULL),
	(193, '1990009', NULL, NULL, 'SANCON', 'ROSARIO  D.', NULL, NULL, NULL, NULL, NULL, NULL, NULL, NULL, NULL, NULL, NULL, NULL, NULL, NULL, NULL, NULL, NULL, NULL, NULL, NULL, '', NULL, NULL, NULL, NULL, NULL, NULL, NULL, NULL, NULL, NULL, NULL, NULL, NULL, NULL, NULL, NULL, NULL, NULL, NULL, NULL, NULL, NULL, NULL, NULL, NULL, 1, 1, NULL, 0, NULL, NULL, '2018-10-28 03:25:40', NULL),
	(194, '1978001', NULL, NULL, 'SEPAGAN', 'RUBEN L.', NULL, NULL, NULL, NULL, NULL, NULL, NULL, NULL, NULL, NULL, NULL, NULL, NULL, NULL, NULL, NULL, NULL, NULL, NULL, NULL, '', NULL, NULL, NULL, NULL, NULL, NULL, NULL, NULL, NULL, NULL, NULL, NULL, NULL, NULL, NULL, NULL, NULL, NULL, NULL, NULL, NULL, NULL, NULL, NULL, NULL, 1, 1, NULL, 0, NULL, NULL, '2018-10-28 03:25:49', NULL),
	(195, '1993005', NULL, NULL, 'SERNAL', 'ARIEL R.', NULL, NULL, NULL, NULL, NULL, NULL, NULL, NULL, NULL, NULL, NULL, NULL, NULL, NULL, NULL, NULL, NULL, NULL, NULL, NULL, '', NULL, NULL, NULL, NULL, NULL, NULL, NULL, NULL, NULL, NULL, NULL, NULL, NULL, NULL, NULL, NULL, NULL, NULL, NULL, NULL, NULL, NULL, NULL, NULL, NULL, 1, 1, NULL, 0, NULL, NULL, '2018-10-28 03:25:58', NULL),
	(196, '1979001', NULL, NULL, 'SERQUINA', 'RODOLFO C.', NULL, NULL, NULL, NULL, NULL, NULL, NULL, NULL, NULL, NULL, NULL, NULL, NULL, NULL, NULL, NULL, NULL, NULL, NULL, NULL, '', NULL, NULL, NULL, NULL, NULL, NULL, NULL, NULL, NULL, NULL, NULL, NULL, NULL, NULL, NULL, NULL, NULL, NULL, NULL, NULL, NULL, NULL, NULL, NULL, NULL, 1, 1, NULL, 0, NULL, NULL, '2018-10-28 03:26:08', NULL),
	(197, '2010013', NULL, NULL, 'SEVILLA', 'EDMUNDO C.', NULL, NULL, NULL, NULL, NULL, NULL, NULL, NULL, NULL, NULL, NULL, NULL, NULL, NULL, NULL, NULL, NULL, NULL, NULL, NULL, '', NULL, NULL, NULL, NULL, NULL, NULL, NULL, NULL, NULL, NULL, NULL, NULL, NULL, NULL, NULL, NULL, NULL, NULL, NULL, NULL, NULL, NULL, NULL, NULL, NULL, 1, 1, NULL, 0, NULL, NULL, '2018-10-28 03:26:17', NULL),
	(198, '2016012', NULL, NULL, 'SEVILLA', 'EDUARDO C.', NULL, NULL, NULL, NULL, NULL, NULL, NULL, NULL, NULL, NULL, NULL, NULL, NULL, NULL, NULL, NULL, NULL, NULL, NULL, NULL, '', NULL, NULL, NULL, NULL, NULL, NULL, NULL, NULL, NULL, NULL, NULL, NULL, NULL, NULL, NULL, NULL, NULL, NULL, NULL, NULL, NULL, NULL, NULL, NULL, NULL, 1, 1, NULL, 0, NULL, NULL, '2018-10-28 03:26:27', NULL),
	(199, '1978009', NULL, NULL, 'SIA', 'VILMA A.', NULL, NULL, NULL, NULL, NULL, NULL, NULL, NULL, NULL, NULL, NULL, NULL, NULL, NULL, NULL, NULL, NULL, NULL, NULL, NULL, '', NULL, NULL, NULL, NULL, NULL, NULL, NULL, NULL, NULL, NULL, NULL, NULL, NULL, NULL, NULL, NULL, NULL, NULL, NULL, NULL, NULL, NULL, NULL, NULL, NULL, 1, 1, NULL, 0, NULL, NULL, '2018-10-28 03:26:39', NULL),
	(200, '2014004', NULL, NULL, 'SIBAL', 'DIDDIER B.', NULL, NULL, NULL, NULL, NULL, NULL, NULL, NULL, NULL, NULL, NULL, NULL, NULL, NULL, NULL, NULL, NULL, NULL, NULL, NULL, '', NULL, NULL, NULL, NULL, NULL, NULL, NULL, NULL, NULL, NULL, NULL, NULL, NULL, NULL, NULL, NULL, NULL, NULL, NULL, NULL, NULL, NULL, NULL, NULL, NULL, 1, 1, NULL, 0, NULL, NULL, '2018-10-28 03:26:51', NULL),
	(201, '2018001', NULL, NULL, 'SONGAHID', 'RANDY E.', NULL, NULL, NULL, NULL, NULL, NULL, NULL, NULL, NULL, NULL, NULL, NULL, NULL, NULL, NULL, NULL, NULL, NULL, NULL, NULL, '', NULL, NULL, NULL, NULL, NULL, NULL, NULL, NULL, NULL, NULL, NULL, NULL, NULL, NULL, NULL, NULL, NULL, NULL, NULL, NULL, NULL, NULL, NULL, NULL, NULL, 1, 1, NULL, 0, NULL, NULL, '2018-10-28 03:27:03', NULL),
	(202, '1987005', NULL, NULL, 'TAGAL', 'AMADO D. JR,', NULL, NULL, NULL, NULL, NULL, NULL, NULL, NULL, NULL, NULL, NULL, NULL, NULL, NULL, NULL, NULL, NULL, NULL, NULL, NULL, '', NULL, NULL, NULL, NULL, NULL, NULL, NULL, NULL, NULL, NULL, NULL, NULL, NULL, NULL, NULL, NULL, NULL, NULL, NULL, NULL, NULL, NULL, NULL, NULL, NULL, 1, 1, NULL, 0, NULL, NULL, '2018-10-28 03:27:13', NULL),
	(203, '1987014', NULL, NULL, 'TAMAYO', 'RODNEL O.', NULL, NULL, NULL, NULL, NULL, NULL, NULL, NULL, NULL, NULL, NULL, NULL, NULL, NULL, NULL, NULL, NULL, NULL, NULL, NULL, '', NULL, NULL, NULL, NULL, NULL, NULL, NULL, NULL, NULL, NULL, NULL, NULL, NULL, NULL, NULL, NULL, NULL, NULL, NULL, NULL, NULL, NULL, NULL, NULL, NULL, 1, 1, NULL, 0, NULL, NULL, '2018-10-28 03:27:24', NULL),
	(204, '2011006', NULL, NULL, 'TEODOSIO', 'ELFRED C.', NULL, NULL, NULL, NULL, NULL, NULL, NULL, NULL, NULL, NULL, NULL, NULL, NULL, NULL, NULL, NULL, NULL, NULL, NULL, NULL, '', NULL, NULL, NULL, NULL, NULL, NULL, NULL, NULL, NULL, NULL, NULL, NULL, NULL, NULL, NULL, NULL, NULL, NULL, NULL, NULL, NULL, NULL, NULL, NULL, NULL, 1, 1, NULL, 0, NULL, NULL, '2018-10-28 03:27:34', NULL),
	(205, '2015013', NULL, NULL, 'TOLENTINO', 'TRACY ANN U.', NULL, NULL, NULL, NULL, NULL, NULL, NULL, NULL, NULL, NULL, NULL, NULL, NULL, NULL, NULL, NULL, NULL, NULL, NULL, NULL, '', NULL, NULL, NULL, NULL, NULL, NULL, NULL, NULL, NULL, NULL, NULL, NULL, NULL, NULL, NULL, NULL, NULL, NULL, NULL, NULL, NULL, NULL, NULL, NULL, NULL, 1, 1, NULL, 0, NULL, NULL, '2018-10-28 03:27:46', NULL),
	(206, '1984002', NULL, NULL, 'TOQUE', 'GENEROSO V.', NULL, NULL, NULL, NULL, NULL, NULL, NULL, NULL, NULL, NULL, NULL, NULL, NULL, NULL, NULL, NULL, NULL, NULL, NULL, NULL, '', NULL, NULL, NULL, NULL, NULL, NULL, NULL, NULL, NULL, NULL, NULL, NULL, NULL, NULL, NULL, NULL, NULL, NULL, NULL, NULL, NULL, NULL, NULL, NULL, NULL, 1, 1, NULL, 0, NULL, NULL, '2018-10-28 03:27:56', NULL),
	(207, '1995003', NULL, NULL, 'TUJON', 'ALFRED M.', NULL, NULL, NULL, NULL, NULL, NULL, NULL, NULL, NULL, NULL, NULL, NULL, NULL, NULL, NULL, NULL, NULL, NULL, NULL, NULL, '', NULL, NULL, NULL, NULL, NULL, NULL, NULL, NULL, NULL, NULL, NULL, NULL, NULL, NULL, NULL, NULL, NULL, NULL, NULL, NULL, NULL, NULL, NULL, NULL, NULL, 1, 1, NULL, 0, NULL, NULL, '2018-10-28 03:28:06', NULL),
	(208, '2018004', NULL, NULL, 'TUVILLO', 'ARNEL T.', NULL, NULL, NULL, NULL, NULL, NULL, NULL, NULL, NULL, NULL, NULL, NULL, NULL, NULL, NULL, NULL, NULL, NULL, NULL, NULL, '', NULL, NULL, NULL, NULL, NULL, NULL, NULL, NULL, NULL, NULL, NULL, NULL, NULL, NULL, NULL, NULL, NULL, NULL, NULL, NULL, NULL, NULL, NULL, NULL, NULL, 1, 1, NULL, 0, NULL, NULL, '2018-10-28 03:28:17', NULL),
	(209, '2011016', NULL, NULL, 'VELASCO', 'JENNY C.', NULL, NULL, NULL, NULL, NULL, NULL, NULL, NULL, NULL, NULL, NULL, NULL, NULL, NULL, NULL, NULL, NULL, NULL, NULL, NULL, '', NULL, NULL, NULL, NULL, NULL, NULL, NULL, NULL, NULL, NULL, NULL, NULL, NULL, NULL, NULL, NULL, NULL, NULL, NULL, NULL, NULL, NULL, NULL, NULL, NULL, 1, 1, NULL, 0, NULL, NULL, '2018-10-28 03:28:25', NULL),
	(210, '2011022', NULL, NULL, 'VELASCO', 'JOJIT M.', NULL, NULL, NULL, NULL, NULL, NULL, NULL, NULL, NULL, NULL, NULL, NULL, NULL, NULL, NULL, NULL, NULL, NULL, NULL, NULL, '', NULL, NULL, NULL, NULL, NULL, NULL, NULL, NULL, NULL, NULL, NULL, NULL, NULL, NULL, NULL, NULL, NULL, NULL, NULL, NULL, NULL, NULL, NULL, NULL, NULL, 1, 1, NULL, 0, NULL, NULL, '2018-10-28 03:28:37', NULL),
	(211, '2011007', NULL, NULL, 'VELUZ', 'TRIXIE HAZEL C.', NULL, NULL, NULL, NULL, NULL, NULL, NULL, NULL, NULL, NULL, NULL, NULL, NULL, NULL, NULL, NULL, NULL, NULL, NULL, NULL, '', NULL, NULL, NULL, NULL, NULL, NULL, NULL, NULL, NULL, NULL, NULL, NULL, NULL, NULL, NULL, NULL, NULL, NULL, NULL, NULL, NULL, NULL, NULL, NULL, NULL, 1, 1, NULL, 0, NULL, NULL, '2018-10-28 03:28:46', NULL),
	(212, '1989007', NULL, NULL, 'VIERNES', 'MILDRED J.', NULL, NULL, NULL, NULL, NULL, NULL, NULL, NULL, NULL, NULL, NULL, NULL, NULL, NULL, NULL, NULL, NULL, NULL, NULL, NULL, '', NULL, NULL, NULL, NULL, NULL, NULL, NULL, NULL, NULL, NULL, NULL, NULL, NULL, NULL, NULL, NULL, NULL, NULL, NULL, NULL, NULL, NULL, NULL, NULL, NULL, 1, 1, NULL, 0, NULL, NULL, '2018-10-28 03:28:55', NULL),
	(213, '2011004', NULL, NULL, 'VILLANUEVA', 'ARIANE MAE M.', NULL, NULL, NULL, NULL, NULL, NULL, NULL, NULL, NULL, NULL, NULL, NULL, NULL, NULL, NULL, NULL, NULL, NULL, NULL, NULL, '', NULL, NULL, NULL, NULL, NULL, NULL, NULL, NULL, NULL, NULL, NULL, NULL, NULL, NULL, NULL, NULL, NULL, NULL, NULL, NULL, NULL, NULL, NULL, NULL, NULL, 1, 1, NULL, 0, NULL, NULL, '2018-10-28 03:29:07', NULL),
	(214, '1987008', NULL, NULL, 'VILLOSO', 'TERESITA C.', NULL, NULL, NULL, NULL, NULL, NULL, NULL, NULL, NULL, NULL, NULL, NULL, NULL, NULL, NULL, NULL, NULL, NULL, NULL, NULL, '', NULL, NULL, NULL, NULL, NULL, NULL, NULL, NULL, NULL, NULL, NULL, NULL, NULL, NULL, NULL, NULL, NULL, NULL, NULL, NULL, NULL, NULL, NULL, NULL, NULL, 1, 1, NULL, 0, NULL, NULL, '2018-10-28 03:29:18', NULL),
	(215, '2011005', NULL, NULL, 'YSIT', 'SAMUEL A.', NULL, NULL, NULL, NULL, NULL, NULL, NULL, NULL, NULL, NULL, NULL, NULL, NULL, NULL, NULL, NULL, NULL, NULL, NULL, NULL, '', NULL, NULL, NULL, NULL, NULL, NULL, NULL, NULL, NULL, NULL, NULL, NULL, NULL, NULL, NULL, NULL, NULL, NULL, NULL, NULL, NULL, NULL, NULL, NULL, NULL, 1, 1, NULL, 0, NULL, NULL, '2018-10-28 03:29:27', NULL),
	(216, '3122', NULL, NULL, 'BOLIDO', 'CATHERINE E.', NULL, NULL, NULL, NULL, NULL, NULL, NULL, NULL, NULL, NULL, NULL, NULL, NULL, NULL, NULL, NULL, NULL, NULL, NULL, NULL, '', NULL, NULL, NULL, NULL, NULL, NULL, NULL, NULL, NULL, NULL, NULL, NULL, NULL, NULL, NULL, NULL, NULL, NULL, NULL, NULL, NULL, NULL, NULL, NULL, NULL, 0, 1, NULL, 2, NULL, NULL, '2018-08-27 12:10:33', NULL),
	(217, '3376', NULL, NULL, 'COMANDANTE', 'RENALYN P.', NULL, NULL, NULL, NULL, NULL, NULL, NULL, NULL, NULL, NULL, NULL, NULL, NULL, NULL, NULL, NULL, NULL, NULL, NULL, NULL, '', NULL, NULL, NULL, NULL, NULL, NULL, NULL, NULL, NULL, NULL, NULL, NULL, NULL, NULL, NULL, NULL, NULL, NULL, NULL, NULL, NULL, NULL, NULL, NULL, NULL, 0, 1, NULL, 2, NULL, NULL, '2018-08-27 12:11:03', NULL),
	(218, '3383', NULL, NULL, 'DE GUZMAN', 'MARY GRACE JOY A.', NULL, NULL, NULL, NULL, NULL, NULL, NULL, NULL, NULL, NULL, NULL, NULL, NULL, NULL, NULL, NULL, NULL, NULL, NULL, NULL, '', NULL, NULL, NULL, NULL, NULL, NULL, NULL, NULL, NULL, NULL, NULL, NULL, NULL, NULL, NULL, NULL, NULL, NULL, NULL, NULL, NULL, NULL, NULL, NULL, NULL, 0, 1, NULL, 2, NULL, NULL, '2018-08-27 12:11:15', NULL),
	(219, '3397', NULL, NULL, 'DOLOT', 'MAX JULIUS R.', NULL, NULL, NULL, NULL, NULL, NULL, NULL, NULL, NULL, NULL, NULL, NULL, NULL, NULL, NULL, NULL, NULL, NULL, NULL, NULL, '', NULL, NULL, NULL, NULL, NULL, NULL, NULL, NULL, NULL, NULL, NULL, NULL, NULL, NULL, NULL, NULL, NULL, NULL, NULL, NULL, NULL, NULL, NULL, NULL, NULL, 0, 1, NULL, 2, NULL, NULL, '2018-08-27 12:11:26', NULL),
	(220, '3312', NULL, NULL, 'FLORANTE', 'DENISE DARYL A.', NULL, NULL, NULL, NULL, NULL, NULL, NULL, NULL, NULL, NULL, NULL, NULL, NULL, NULL, NULL, NULL, NULL, NULL, NULL, NULL, '', NULL, NULL, NULL, NULL, NULL, NULL, NULL, NULL, NULL, NULL, NULL, NULL, NULL, NULL, NULL, NULL, NULL, NULL, NULL, NULL, NULL, NULL, NULL, NULL, NULL, 0, 1, NULL, 2, NULL, NULL, '2018-08-27 12:07:13', NULL),
	(221, '3338', NULL, NULL, 'GUTIERREZ', 'LOVELY Q.', NULL, NULL, NULL, NULL, NULL, NULL, NULL, NULL, NULL, NULL, NULL, NULL, NULL, NULL, NULL, NULL, NULL, NULL, NULL, NULL, '', NULL, NULL, NULL, NULL, NULL, NULL, NULL, NULL, NULL, NULL, NULL, NULL, NULL, NULL, NULL, NULL, NULL, NULL, NULL, NULL, NULL, NULL, NULL, NULL, NULL, 0, 1, NULL, 2, NULL, NULL, '2018-08-27 12:15:23', NULL),
	(222, '3359', NULL, NULL, 'RIVERA', 'MAYBELYN  D.', NULL, NULL, NULL, NULL, NULL, NULL, NULL, NULL, NULL, NULL, NULL, NULL, NULL, NULL, NULL, NULL, NULL, NULL, NULL, NULL, '', NULL, NULL, NULL, NULL, NULL, NULL, NULL, NULL, NULL, NULL, NULL, NULL, NULL, NULL, NULL, NULL, NULL, NULL, NULL, NULL, NULL, NULL, NULL, NULL, NULL, 0, 1, NULL, 2, NULL, NULL, '2018-08-27 12:15:50', NULL),
	(223, '3255', NULL, NULL, 'SALIDO', 'ROMANICO F.', NULL, NULL, NULL, NULL, NULL, NULL, NULL, NULL, NULL, NULL, NULL, NULL, NULL, NULL, NULL, NULL, NULL, NULL, NULL, NULL, '', NULL, NULL, NULL, NULL, NULL, NULL, NULL, NULL, NULL, NULL, NULL, NULL, NULL, NULL, NULL, NULL, NULL, NULL, NULL, NULL, NULL, NULL, NULL, NULL, NULL, 0, 1, NULL, 2, NULL, NULL, '2018-08-27 12:16:10', NULL),
	(224, '3363', NULL, NULL, 'SERAS', 'JUNESELLE E.', NULL, NULL, NULL, NULL, NULL, NULL, NULL, NULL, NULL, NULL, NULL, NULL, NULL, NULL, NULL, NULL, NULL, NULL, NULL, NULL, '', NULL, NULL, NULL, NULL, NULL, NULL, NULL, NULL, NULL, NULL, NULL, NULL, NULL, NULL, NULL, NULL, NULL, NULL, NULL, NULL, NULL, NULL, NULL, NULL, NULL, 0, 1, NULL, 2, NULL, NULL, '2018-08-27 12:16:28', NULL),
	(225, '3396', NULL, NULL, 'SOLAR', 'MARY EMMAN ROSE  G.', NULL, NULL, NULL, NULL, NULL, NULL, NULL, NULL, NULL, NULL, NULL, NULL, NULL, NULL, NULL, NULL, NULL, NULL, NULL, NULL, '', NULL, NULL, NULL, NULL, NULL, NULL, NULL, NULL, NULL, NULL, NULL, NULL, NULL, NULL, NULL, NULL, NULL, NULL, NULL, NULL, NULL, NULL, NULL, NULL, NULL, 0, 1, NULL, 2, NULL, NULL, '2018-08-27 12:16:44', NULL),
	(226, '3365', NULL, NULL, 'TIBON', 'MARK ANDREW JR. S.', NULL, NULL, NULL, NULL, NULL, NULL, NULL, NULL, NULL, NULL, NULL, NULL, NULL, NULL, NULL, NULL, NULL, NULL, NULL, NULL, '', NULL, NULL, NULL, NULL, NULL, NULL, NULL, NULL, NULL, NULL, NULL, NULL, NULL, NULL, NULL, NULL, NULL, NULL, NULL, NULL, NULL, NULL, NULL, NULL, NULL, 0, 1, NULL, 2, NULL, NULL, '2018-08-27 12:10:13', NULL),
	(227, '3226', NULL, NULL, 'ABULENCIA', 'GEOFFREY .', NULL, NULL, NULL, NULL, NULL, NULL, NULL, NULL, NULL, NULL, NULL, NULL, NULL, NULL, NULL, NULL, NULL, NULL, NULL, NULL, '', NULL, NULL, NULL, NULL, NULL, NULL, NULL, NULL, NULL, NULL, NULL, NULL, NULL, NULL, NULL, NULL, NULL, NULL, NULL, NULL, NULL, NULL, NULL, NULL, NULL, 0, 1, NULL, 2, NULL, NULL, '2018-08-27 12:32:52', NULL),
	(228, '3214', NULL, NULL, 'ANDRADA', 'LEILA G.', NULL, NULL, NULL, NULL, NULL, NULL, NULL, NULL, NULL, NULL, NULL, NULL, NULL, NULL, NULL, NULL, NULL, NULL, NULL, NULL, '', NULL, NULL, NULL, NULL, NULL, NULL, NULL, NULL, NULL, NULL, NULL, NULL, NULL, NULL, NULL, NULL, NULL, NULL, NULL, NULL, NULL, NULL, NULL, NULL, NULL, 0, 1, NULL, 2, NULL, NULL, '2018-08-27 12:34:12', NULL),
	(229, '3262', NULL, NULL, 'BAUTISTA', 'LEOPOLDO .', NULL, NULL, NULL, NULL, NULL, NULL, NULL, NULL, NULL, NULL, NULL, NULL, NULL, NULL, NULL, NULL, NULL, NULL, NULL, NULL, '', NULL, NULL, NULL, NULL, NULL, NULL, NULL, NULL, NULL, NULL, NULL, NULL, NULL, NULL, NULL, NULL, NULL, NULL, NULL, NULL, NULL, NULL, NULL, NULL, NULL, 0, 1, NULL, 2, NULL, NULL, '2018-08-27 12:34:45', NULL),
	(230, '3368', NULL, NULL, 'ESCULTURA', 'SHIELA E.', NULL, NULL, NULL, NULL, NULL, NULL, NULL, NULL, NULL, NULL, NULL, NULL, NULL, NULL, NULL, NULL, NULL, NULL, NULL, NULL, '', NULL, NULL, NULL, NULL, NULL, NULL, NULL, NULL, NULL, NULL, NULL, NULL, NULL, NULL, NULL, NULL, NULL, NULL, NULL, NULL, NULL, NULL, NULL, NULL, NULL, 0, 1, NULL, 2, NULL, NULL, '2018-08-27 12:35:59', NULL),
	(231, '9004', NULL, NULL, 'ESPENA', 'GLEN  D.', NULL, NULL, NULL, NULL, NULL, NULL, NULL, NULL, NULL, NULL, NULL, NULL, NULL, NULL, NULL, NULL, NULL, NULL, NULL, NULL, '', NULL, NULL, NULL, NULL, NULL, NULL, NULL, NULL, NULL, NULL, NULL, NULL, NULL, NULL, NULL, NULL, NULL, NULL, NULL, NULL, NULL, NULL, NULL, NULL, NULL, 0, 1, NULL, 2, NULL, NULL, '2018-08-27 12:36:29', NULL),
	(232, '9011', NULL, NULL, 'EVANGELISTA', 'NOMER T.', NULL, NULL, NULL, NULL, NULL, NULL, NULL, NULL, NULL, NULL, NULL, NULL, NULL, NULL, NULL, NULL, NULL, NULL, NULL, NULL, '', NULL, NULL, NULL, NULL, NULL, NULL, NULL, NULL, NULL, NULL, NULL, NULL, NULL, NULL, NULL, NULL, NULL, NULL, NULL, NULL, NULL, NULL, NULL, NULL, NULL, 0, 1, NULL, 2, NULL, NULL, '2018-08-27 12:36:58', NULL),
	(233, '3331', NULL, NULL, 'GALOLA', 'AARON JULEEZER  E.', NULL, NULL, NULL, NULL, NULL, NULL, NULL, NULL, NULL, NULL, NULL, NULL, NULL, NULL, NULL, NULL, NULL, NULL, NULL, NULL, '', NULL, NULL, NULL, NULL, NULL, NULL, NULL, NULL, NULL, NULL, NULL, NULL, NULL, NULL, NULL, NULL, NULL, NULL, NULL, NULL, NULL, NULL, NULL, NULL, NULL, 0, 1, NULL, 2, NULL, NULL, '2018-11-06 06:53:59', NULL),
	(234, '3193', NULL, NULL, 'IBUIG ', 'ROLANDO F.', NULL, NULL, NULL, NULL, NULL, NULL, NULL, NULL, NULL, NULL, NULL, NULL, NULL, NULL, NULL, NULL, NULL, NULL, NULL, NULL, '', NULL, NULL, NULL, NULL, NULL, NULL, NULL, NULL, NULL, NULL, NULL, NULL, NULL, NULL, NULL, NULL, NULL, NULL, NULL, NULL, NULL, NULL, NULL, NULL, NULL, 1, 1, NULL, 0, NULL, NULL, NULL, NULL),
	(235, '3109', NULL, NULL, 'MALILA ', 'CATHERINE .', NULL, NULL, NULL, NULL, NULL, NULL, NULL, NULL, NULL, NULL, NULL, NULL, NULL, NULL, NULL, NULL, NULL, NULL, NULL, NULL, '', NULL, NULL, NULL, NULL, NULL, NULL, NULL, NULL, NULL, NULL, NULL, NULL, NULL, NULL, NULL, NULL, NULL, NULL, NULL, NULL, NULL, NULL, NULL, NULL, NULL, 1, 1, NULL, 0, NULL, NULL, NULL, NULL),
	(236, '3061', NULL, NULL, 'MAURICIO ', 'EDWARD C.', NULL, NULL, NULL, NULL, NULL, NULL, NULL, NULL, NULL, NULL, NULL, NULL, NULL, NULL, NULL, NULL, NULL, NULL, NULL, NULL, '', NULL, NULL, NULL, NULL, NULL, NULL, NULL, NULL, NULL, NULL, NULL, NULL, NULL, NULL, NULL, NULL, NULL, NULL, NULL, NULL, NULL, NULL, NULL, NULL, NULL, 1, 1, NULL, 0, NULL, NULL, NULL, NULL),
	(237, '3060', NULL, NULL, 'MUSICO ', 'SILVESTRE V.', NULL, NULL, NULL, NULL, NULL, NULL, NULL, NULL, NULL, NULL, NULL, NULL, NULL, NULL, NULL, NULL, NULL, NULL, NULL, NULL, '', NULL, NULL, NULL, NULL, NULL, NULL, NULL, NULL, NULL, NULL, NULL, NULL, NULL, NULL, NULL, NULL, NULL, NULL, NULL, NULL, NULL, NULL, NULL, NULL, NULL, 1, 1, NULL, 0, NULL, NULL, NULL, NULL),
	(238, '3333', NULL, NULL, 'RATON  ', 'PAULO G.', NULL, NULL, NULL, NULL, NULL, NULL, NULL, NULL, NULL, NULL, NULL, NULL, NULL, NULL, NULL, NULL, NULL, NULL, NULL, NULL, '', NULL, NULL, NULL, NULL, NULL, NULL, NULL, NULL, NULL, NULL, NULL, NULL, NULL, NULL, NULL, NULL, NULL, NULL, NULL, NULL, NULL, NULL, NULL, NULL, NULL, 1, 1, NULL, 0, NULL, NULL, NULL, NULL),
	(239, '9012', NULL, NULL, 'SALUNA ', 'LI ANN B.', NULL, NULL, NULL, NULL, NULL, NULL, NULL, NULL, NULL, NULL, NULL, NULL, NULL, NULL, NULL, NULL, NULL, NULL, NULL, NULL, '', NULL, NULL, NULL, NULL, NULL, NULL, NULL, NULL, NULL, NULL, NULL, NULL, NULL, NULL, NULL, NULL, NULL, NULL, NULL, NULL, NULL, NULL, NULL, NULL, NULL, 1, 1, NULL, 0, NULL, NULL, NULL, NULL),
	(240, '9013', NULL, NULL, 'SANTIANO ', 'DONDON D.', NULL, NULL, NULL, NULL, NULL, NULL, NULL, NULL, NULL, NULL, NULL, NULL, NULL, NULL, NULL, NULL, NULL, NULL, NULL, NULL, '', NULL, NULL, NULL, NULL, NULL, NULL, NULL, NULL, NULL, NULL, NULL, NULL, NULL, NULL, NULL, NULL, NULL, NULL, NULL, NULL, NULL, NULL, NULL, NULL, NULL, 1, 1, NULL, 0, NULL, NULL, NULL, NULL),
	(241, '3221', NULL, NULL, 'SANTOS ', 'JONATHAN T.', NULL, NULL, NULL, NULL, NULL, NULL, NULL, NULL, NULL, NULL, NULL, NULL, NULL, NULL, NULL, NULL, NULL, NULL, NULL, NULL, '', NULL, NULL, NULL, NULL, NULL, NULL, NULL, NULL, NULL, NULL, NULL, NULL, NULL, NULL, NULL, NULL, NULL, NULL, NULL, NULL, NULL, NULL, NULL, NULL, NULL, 1, 1, NULL, 0, NULL, NULL, NULL, NULL),
	(242, '3364', NULL, NULL, 'SORIANO ', 'ROBERT ANTHONIE C.', NULL, NULL, NULL, NULL, NULL, NULL, NULL, NULL, NULL, NULL, NULL, NULL, NULL, NULL, NULL, NULL, NULL, NULL, NULL, NULL, '', NULL, NULL, NULL, NULL, NULL, NULL, NULL, NULL, NULL, NULL, NULL, NULL, NULL, NULL, NULL, NULL, NULL, NULL, NULL, NULL, NULL, NULL, NULL, NULL, NULL, 1, 1, NULL, 0, NULL, NULL, NULL, NULL),
	(243, '3386', NULL, NULL, 'TAGABAN ', 'HERIDONVI A.', NULL, NULL, NULL, NULL, NULL, NULL, NULL, NULL, NULL, NULL, NULL, NULL, NULL, NULL, NULL, NULL, NULL, NULL, NULL, NULL, '', NULL, NULL, NULL, NULL, NULL, NULL, NULL, NULL, NULL, NULL, NULL, NULL, NULL, NULL, NULL, NULL, NULL, NULL, NULL, NULL, NULL, NULL, NULL, NULL, NULL, 1, 1, NULL, 0, NULL, NULL, NULL, NULL),
	(244, '9014', NULL, NULL, 'VALDEZ ', 'CHARLEMAGNE P.', NULL, NULL, NULL, NULL, NULL, NULL, NULL, NULL, NULL, NULL, NULL, NULL, NULL, NULL, NULL, NULL, NULL, NULL, NULL, NULL, '', NULL, NULL, NULL, NULL, NULL, NULL, NULL, NULL, NULL, NULL, NULL, NULL, NULL, NULL, NULL, NULL, NULL, NULL, NULL, NULL, NULL, NULL, NULL, NULL, NULL, 1, 1, NULL, 0, NULL, NULL, NULL, NULL),
	(245, '9001', NULL, NULL, 'ABELLAR ', 'SHAREL SHYATEZA M.', NULL, NULL, NULL, NULL, NULL, NULL, NULL, NULL, NULL, NULL, NULL, NULL, NULL, NULL, NULL, NULL, NULL, NULL, NULL, NULL, '', NULL, NULL, NULL, NULL, NULL, NULL, NULL, NULL, NULL, NULL, NULL, NULL, NULL, NULL, NULL, NULL, NULL, NULL, NULL, NULL, NULL, NULL, NULL, NULL, NULL, 1, 1, NULL, 0, NULL, NULL, NULL, NULL),
	(246, '3387', NULL, NULL, 'ALARDE ', 'VIANN P.', NULL, NULL, NULL, NULL, NULL, NULL, NULL, NULL, NULL, NULL, NULL, NULL, NULL, NULL, NULL, NULL, NULL, NULL, NULL, NULL, '', NULL, NULL, NULL, NULL, NULL, NULL, NULL, NULL, NULL, NULL, NULL, NULL, NULL, NULL, NULL, NULL, NULL, NULL, NULL, NULL, NULL, NULL, NULL, NULL, NULL, 1, 1, NULL, 0, NULL, NULL, NULL, NULL),
	(247, '3253', NULL, NULL, 'ALBERTO ', 'MANUEL JR O.', NULL, NULL, NULL, NULL, NULL, NULL, NULL, NULL, NULL, NULL, NULL, NULL, NULL, NULL, NULL, NULL, NULL, NULL, NULL, NULL, '', NULL, NULL, NULL, NULL, NULL, NULL, NULL, NULL, NULL, NULL, NULL, NULL, NULL, NULL, NULL, NULL, NULL, NULL, NULL, NULL, NULL, NULL, NULL, NULL, NULL, 1, 1, NULL, 0, NULL, NULL, NULL, NULL),
	(248, '3251', NULL, NULL, 'ALFARO ', 'ANDREW MIKE I.', NULL, NULL, NULL, NULL, NULL, NULL, NULL, NULL, NULL, NULL, NULL, NULL, NULL, NULL, NULL, NULL, NULL, NULL, NULL, NULL, '', NULL, NULL, NULL, NULL, NULL, NULL, NULL, NULL, NULL, NULL, NULL, NULL, NULL, NULL, NULL, NULL, NULL, NULL, NULL, NULL, NULL, NULL, NULL, NULL, NULL, 1, 1, NULL, 0, NULL, NULL, NULL, NULL),
	(249, '3395', NULL, NULL, 'AMARO ', 'NICOLE GIAN  A.', NULL, NULL, NULL, NULL, NULL, NULL, NULL, NULL, NULL, NULL, NULL, NULL, NULL, NULL, NULL, NULL, NULL, NULL, NULL, NULL, '', NULL, NULL, NULL, NULL, NULL, NULL, NULL, NULL, NULL, NULL, NULL, NULL, NULL, NULL, NULL, NULL, NULL, NULL, NULL, NULL, NULL, NULL, NULL, NULL, NULL, 1, 1, NULL, 0, NULL, NULL, NULL, NULL),
	(250, '9002', NULL, NULL, 'ANTE ', 'ULYSSES  B.', NULL, NULL, NULL, NULL, NULL, NULL, NULL, NULL, NULL, NULL, NULL, NULL, NULL, NULL, NULL, NULL, NULL, NULL, NULL, NULL, '', NULL, NULL, NULL, NULL, NULL, NULL, NULL, NULL, NULL, NULL, NULL, NULL, NULL, NULL, NULL, NULL, NULL, NULL, NULL, NULL, NULL, NULL, NULL, NULL, NULL, 1, 1, NULL, 0, NULL, NULL, NULL, NULL),
	(251, '3332', NULL, NULL, 'BABALA ', 'ROWENA B.', NULL, NULL, NULL, NULL, NULL, NULL, NULL, NULL, NULL, NULL, NULL, NULL, NULL, NULL, NULL, NULL, NULL, NULL, NULL, NULL, '', NULL, NULL, NULL, NULL, NULL, NULL, NULL, NULL, NULL, NULL, NULL, NULL, NULL, NULL, NULL, NULL, NULL, NULL, NULL, NULL, NULL, NULL, NULL, NULL, NULL, 1, 1, NULL, 0, NULL, NULL, NULL, NULL),
	(252, '3216', NULL, NULL, 'BALOLOY ', 'WILLIAM M.', NULL, NULL, NULL, NULL, NULL, NULL, NULL, NULL, NULL, NULL, NULL, NULL, NULL, NULL, NULL, NULL, NULL, NULL, NULL, NULL, '', NULL, NULL, NULL, NULL, NULL, NULL, NULL, NULL, NULL, NULL, NULL, NULL, NULL, NULL, NULL, NULL, NULL, NULL, NULL, NULL, NULL, NULL, NULL, NULL, NULL, 1, 1, NULL, 0, NULL, NULL, NULL, NULL),
	(253, '3099', NULL, NULL, 'BANAGA ', 'CRISTINA V.', NULL, NULL, NULL, NULL, NULL, NULL, NULL, NULL, NULL, NULL, NULL, NULL, NULL, NULL, NULL, NULL, NULL, NULL, NULL, NULL, '', NULL, NULL, NULL, NULL, NULL, NULL, NULL, NULL, NULL, NULL, NULL, NULL, NULL, NULL, NULL, NULL, NULL, NULL, NULL, NULL, NULL, NULL, NULL, NULL, NULL, 1, 1, NULL, 0, NULL, NULL, NULL, NULL),
	(254, '3372', NULL, NULL, 'BANCUYO ', 'MARK CARLO L.', NULL, NULL, NULL, NULL, NULL, NULL, NULL, NULL, NULL, NULL, NULL, NULL, NULL, NULL, NULL, NULL, NULL, NULL, NULL, NULL, '', NULL, NULL, NULL, NULL, NULL, NULL, NULL, NULL, NULL, NULL, NULL, NULL, NULL, NULL, NULL, NULL, NULL, NULL, NULL, NULL, NULL, NULL, NULL, NULL, NULL, 1, 1, NULL, 0, NULL, NULL, NULL, NULL),
	(255, '3154', NULL, NULL, 'BUENA ', 'DENNIS S.', NULL, NULL, NULL, NULL, NULL, NULL, NULL, NULL, NULL, NULL, NULL, NULL, NULL, NULL, NULL, NULL, NULL, NULL, NULL, NULL, '', NULL, NULL, NULL, NULL, NULL, NULL, NULL, NULL, NULL, NULL, NULL, NULL, NULL, NULL, NULL, NULL, NULL, NULL, NULL, NULL, NULL, NULL, NULL, NULL, NULL, 1, 1, NULL, 0, NULL, NULL, NULL, NULL),
	(256, '9003', NULL, NULL, 'BUISON ', 'ALVIN  M.', NULL, NULL, NULL, NULL, NULL, NULL, NULL, NULL, NULL, NULL, NULL, NULL, NULL, NULL, NULL, NULL, NULL, NULL, NULL, NULL, '', NULL, NULL, NULL, NULL, NULL, NULL, NULL, NULL, NULL, NULL, NULL, NULL, NULL, NULL, NULL, NULL, NULL, NULL, NULL, NULL, NULL, NULL, NULL, NULL, NULL, 1, 1, NULL, 0, NULL, NULL, NULL, NULL),
	(257, '3064', NULL, NULL, 'CARPENA ', 'MARVIN LOUISE B.', NULL, NULL, NULL, NULL, NULL, NULL, NULL, NULL, NULL, NULL, NULL, NULL, NULL, NULL, NULL, NULL, NULL, NULL, NULL, NULL, '', NULL, NULL, NULL, NULL, NULL, NULL, NULL, NULL, NULL, NULL, NULL, NULL, NULL, NULL, NULL, NULL, NULL, NULL, NULL, NULL, NULL, NULL, NULL, NULL, NULL, 1, 1, NULL, 0, NULL, NULL, NULL, NULL),
	(258, '3321', NULL, NULL, 'ESTILLOSO ', 'FELIPE R.', NULL, NULL, NULL, NULL, NULL, NULL, NULL, NULL, NULL, NULL, NULL, NULL, NULL, NULL, NULL, NULL, NULL, NULL, NULL, NULL, '', NULL, NULL, NULL, NULL, NULL, NULL, NULL, NULL, NULL, NULL, NULL, NULL, NULL, NULL, NULL, NULL, NULL, NULL, NULL, NULL, NULL, NULL, NULL, NULL, NULL, 1, 1, NULL, 0, NULL, NULL, NULL, NULL),
	(259, '3245', NULL, NULL, 'FLORES ', 'CHRISTOFER R.', NULL, NULL, NULL, NULL, NULL, NULL, NULL, NULL, NULL, NULL, NULL, NULL, NULL, NULL, NULL, NULL, NULL, NULL, NULL, NULL, '', NULL, NULL, NULL, NULL, NULL, NULL, NULL, NULL, NULL, NULL, NULL, NULL, NULL, NULL, NULL, NULL, NULL, NULL, NULL, NULL, NULL, NULL, NULL, NULL, NULL, 1, 1, NULL, 0, NULL, NULL, NULL, NULL),
	(260, '3130', NULL, NULL, 'GUEVARRA ', 'JEROME .', NULL, NULL, NULL, NULL, NULL, NULL, NULL, NULL, NULL, NULL, NULL, NULL, NULL, NULL, NULL, NULL, NULL, NULL, NULL, NULL, '', NULL, NULL, NULL, NULL, NULL, NULL, NULL, NULL, NULL, NULL, NULL, NULL, NULL, NULL, NULL, NULL, NULL, NULL, NULL, NULL, NULL, NULL, NULL, NULL, NULL, 1, 1, NULL, 0, NULL, NULL, NULL, NULL),
	(261, '3380', NULL, NULL, 'LOPEZ ', 'JAMES PATRICK  L.', NULL, NULL, NULL, NULL, NULL, NULL, NULL, NULL, NULL, NULL, NULL, NULL, NULL, NULL, NULL, NULL, NULL, NULL, NULL, NULL, '', NULL, NULL, NULL, NULL, NULL, NULL, NULL, NULL, NULL, NULL, NULL, NULL, NULL, NULL, NULL, NULL, NULL, NULL, NULL, NULL, NULL, NULL, NULL, NULL, NULL, 1, 1, NULL, 0, NULL, NULL, NULL, NULL),
	(262, '3389', NULL, NULL, 'MALLORCA ', 'MONROE C.', NULL, NULL, NULL, NULL, NULL, NULL, NULL, NULL, NULL, NULL, NULL, NULL, NULL, NULL, NULL, NULL, NULL, NULL, NULL, NULL, '', NULL, NULL, NULL, NULL, NULL, NULL, NULL, NULL, NULL, NULL, NULL, NULL, NULL, NULL, NULL, NULL, NULL, NULL, NULL, NULL, NULL, NULL, NULL, NULL, NULL, 1, 1, NULL, 0, NULL, NULL, NULL, NULL),
	(263, '3288', NULL, NULL, 'MORALES ', 'MEYCE A.', NULL, NULL, NULL, NULL, NULL, NULL, NULL, NULL, NULL, NULL, NULL, NULL, NULL, NULL, NULL, NULL, NULL, NULL, NULL, NULL, '', NULL, NULL, NULL, NULL, NULL, NULL, NULL, NULL, NULL, NULL, NULL, NULL, NULL, NULL, NULL, NULL, NULL, NULL, NULL, NULL, NULL, NULL, NULL, NULL, NULL, 1, 1, NULL, 0, NULL, NULL, NULL, NULL),
	(264, '9009', NULL, NULL, 'MUTUC ', 'ELLJAY P.', NULL, NULL, NULL, NULL, NULL, NULL, NULL, NULL, NULL, NULL, NULL, NULL, NULL, NULL, NULL, NULL, NULL, NULL, NULL, NULL, '', NULL, NULL, NULL, NULL, NULL, NULL, NULL, NULL, NULL, NULL, NULL, NULL, NULL, NULL, NULL, NULL, NULL, NULL, NULL, NULL, NULL, NULL, NULL, NULL, NULL, 1, 1, NULL, 0, NULL, NULL, NULL, NULL),
	(265, '9010', NULL, NULL, 'NARDO ', 'GODFREYSON J.', NULL, NULL, NULL, NULL, NULL, NULL, NULL, NULL, NULL, NULL, NULL, NULL, NULL, NULL, NULL, NULL, NULL, NULL, NULL, NULL, '', NULL, NULL, NULL, NULL, NULL, NULL, NULL, NULL, NULL, NULL, NULL, NULL, NULL, NULL, NULL, NULL, NULL, NULL, NULL, NULL, NULL, NULL, NULL, NULL, NULL, 1, 1, NULL, 0, NULL, NULL, NULL, NULL),
	(266, '3353', NULL, NULL, 'NOGOY ', 'ANTHONY B.', NULL, NULL, NULL, NULL, NULL, NULL, NULL, NULL, NULL, NULL, NULL, NULL, NULL, NULL, NULL, NULL, NULL, NULL, NULL, NULL, '', NULL, NULL, NULL, NULL, NULL, NULL, NULL, NULL, NULL, NULL, NULL, NULL, NULL, NULL, NULL, NULL, NULL, NULL, NULL, NULL, NULL, NULL, NULL, NULL, NULL, 1, 1, NULL, 0, NULL, NULL, NULL, NULL),
	(267, '3180', NULL, NULL, 'OCAMPO ', 'JOYCE .', NULL, NULL, NULL, NULL, NULL, NULL, NULL, NULL, NULL, NULL, NULL, NULL, NULL, NULL, NULL, NULL, NULL, NULL, NULL, NULL, '', NULL, NULL, NULL, NULL, NULL, NULL, NULL, NULL, NULL, NULL, NULL, NULL, NULL, NULL, NULL, NULL, NULL, NULL, NULL, NULL, NULL, NULL, NULL, NULL, NULL, 1, 1, NULL, 0, NULL, NULL, NULL, NULL),
	(268, '3135', NULL, NULL, 'ONG ', 'LESTER JOHN .', NULL, NULL, NULL, NULL, NULL, NULL, NULL, NULL, NULL, NULL, NULL, NULL, NULL, NULL, NULL, NULL, NULL, NULL, NULL, NULL, '', NULL, NULL, NULL, NULL, NULL, NULL, NULL, NULL, NULL, NULL, NULL, NULL, NULL, NULL, NULL, NULL, NULL, NULL, NULL, NULL, NULL, NULL, NULL, NULL, NULL, 1, 1, NULL, 0, NULL, NULL, NULL, NULL),
	(269, '3398', NULL, NULL, 'PUNONGBAYAN ', 'KATHERINE  A.', NULL, NULL, NULL, NULL, NULL, NULL, NULL, NULL, NULL, NULL, NULL, NULL, NULL, NULL, NULL, NULL, NULL, NULL, NULL, NULL, '', NULL, NULL, NULL, NULL, NULL, NULL, NULL, NULL, NULL, NULL, NULL, NULL, NULL, NULL, NULL, NULL, NULL, NULL, NULL, NULL, NULL, NULL, NULL, NULL, NULL, 1, 1, NULL, 0, NULL, NULL, NULL, NULL),
	(270, '3392', NULL, NULL, 'REYES ', 'MARIE ANN S.', NULL, NULL, NULL, NULL, NULL, NULL, NULL, NULL, NULL, NULL, NULL, NULL, NULL, NULL, NULL, NULL, NULL, NULL, NULL, NULL, '', NULL, NULL, NULL, NULL, NULL, NULL, NULL, NULL, NULL, NULL, NULL, NULL, NULL, NULL, NULL, NULL, NULL, NULL, NULL, NULL, NULL, NULL, NULL, NULL, NULL, 1, 1, NULL, 0, NULL, NULL, NULL, NULL),
	(271, '3301', NULL, NULL, 'RICAFORT ', 'CARMELO O.', NULL, NULL, NULL, NULL, NULL, NULL, NULL, NULL, NULL, NULL, NULL, NULL, NULL, NULL, NULL, NULL, NULL, NULL, NULL, NULL, '', NULL, NULL, NULL, NULL, NULL, NULL, NULL, NULL, NULL, NULL, NULL, NULL, NULL, NULL, NULL, NULL, NULL, NULL, NULL, NULL, NULL, NULL, NULL, NULL, NULL, 1, 1, NULL, 0, NULL, NULL, NULL, NULL),
	(272, '3375', NULL, NULL, 'SABARIZA ', 'JEFFREY .', NULL, NULL, NULL, NULL, NULL, NULL, NULL, NULL, NULL, NULL, NULL, NULL, NULL, NULL, NULL, NULL, NULL, NULL, NULL, NULL, '', NULL, NULL, NULL, NULL, NULL, NULL, NULL, NULL, NULL, NULL, NULL, NULL, NULL, NULL, NULL, NULL, NULL, NULL, NULL, NULL, NULL, NULL, NULL, NULL, NULL, 1, 1, NULL, 0, NULL, NULL, NULL, NULL),
	(273, '3229', NULL, NULL, 'SANTOS ', 'LIEZL J.', NULL, NULL, NULL, NULL, NULL, NULL, NULL, NULL, NULL, NULL, NULL, NULL, NULL, NULL, NULL, NULL, NULL, NULL, NULL, NULL, '', NULL, NULL, NULL, NULL, NULL, NULL, NULL, NULL, NULL, NULL, NULL, NULL, NULL, NULL, NULL, NULL, NULL, NULL, NULL, NULL, NULL, NULL, NULL, NULL, NULL, 1, 1, NULL, 0, NULL, NULL, NULL, NULL),
	(274, '3203', NULL, NULL, 'SANTOS ', 'TRINICRIS D.', NULL, NULL, NULL, NULL, NULL, NULL, NULL, NULL, NULL, NULL, NULL, NULL, NULL, NULL, NULL, NULL, NULL, NULL, NULL, NULL, '', NULL, NULL, NULL, NULL, NULL, NULL, NULL, NULL, NULL, NULL, NULL, NULL, NULL, NULL, NULL, NULL, NULL, NULL, NULL, NULL, NULL, NULL, NULL, NULL, NULL, 1, 1, NULL, 0, NULL, NULL, NULL, NULL),
	(275, '3382', NULL, NULL, 'SERRANO ', 'BEATRE MAE  C.', NULL, NULL, NULL, NULL, NULL, NULL, NULL, NULL, NULL, NULL, NULL, NULL, NULL, NULL, NULL, NULL, NULL, NULL, NULL, NULL, '', NULL, NULL, NULL, NULL, NULL, NULL, NULL, NULL, NULL, NULL, NULL, NULL, NULL, NULL, NULL, NULL, NULL, NULL, NULL, NULL, NULL, NULL, NULL, NULL, NULL, 1, 1, NULL, 0, NULL, NULL, NULL, NULL),
	(276, '3384', NULL, NULL, 'SINAG ', 'CLAUDINE R.', NULL, NULL, NULL, NULL, NULL, NULL, NULL, NULL, NULL, NULL, NULL, NULL, NULL, NULL, NULL, NULL, NULL, NULL, NULL, NULL, '', NULL, NULL, NULL, NULL, NULL, NULL, NULL, NULL, NULL, NULL, NULL, NULL, NULL, NULL, NULL, NULL, NULL, NULL, NULL, NULL, NULL, NULL, NULL, NULL, NULL, 1, 1, NULL, 0, NULL, NULL, NULL, NULL),
	(277, '3394', NULL, NULL, 'TUYAY ', 'REGINA .', NULL, NULL, NULL, NULL, NULL, NULL, NULL, NULL, NULL, NULL, NULL, NULL, NULL, NULL, NULL, NULL, NULL, NULL, NULL, NULL, '', NULL, NULL, NULL, NULL, NULL, NULL, NULL, NULL, NULL, NULL, NULL, NULL, NULL, NULL, NULL, NULL, NULL, NULL, NULL, NULL, NULL, NULL, NULL, NULL, NULL, 1, 1, NULL, 0, NULL, NULL, NULL, NULL),
	(278, '3393', NULL, NULL, 'VIERNES ', 'MARIELLE ALMIRA J.', NULL, NULL, NULL, NULL, NULL, NULL, NULL, NULL, NULL, NULL, NULL, NULL, NULL, NULL, NULL, NULL, NULL, NULL, NULL, NULL, '', NULL, NULL, NULL, NULL, NULL, NULL, NULL, NULL, NULL, NULL, NULL, NULL, NULL, NULL, NULL, NULL, NULL, NULL, NULL, NULL, NULL, NULL, NULL, NULL, NULL, 1, 1, NULL, 0, NULL, NULL, NULL, NULL),
	(279, '3391', NULL, NULL, 'VILLOSO ', 'MARVIC THERESE C.', NULL, NULL, NULL, NULL, NULL, NULL, NULL, NULL, NULL, NULL, NULL, NULL, NULL, NULL, NULL, NULL, NULL, NULL, NULL, NULL, '', NULL, NULL, NULL, NULL, NULL, NULL, NULL, NULL, NULL, NULL, NULL, NULL, NULL, NULL, NULL, NULL, NULL, NULL, NULL, NULL, NULL, NULL, NULL, NULL, NULL, 1, 1, NULL, 0, NULL, NULL, NULL, NULL),
	(280, NULL, NULL, NULL, 'FLORANTE', 'DENISE DARYL', ' A.', NULL, NULL, NULL, NULL, NULL, NULL, NULL, NULL, NULL, NULL, NULL, NULL, NULL, NULL, NULL, NULL, NULL, NULL, NULL, '', NULL, NULL, NULL, NULL, NULL, NULL, NULL, NULL, NULL, NULL, NULL, NULL, NULL, NULL, NULL, NULL, NULL, NULL, NULL, NULL, NULL, NULL, NULL, NULL, NULL, 1, 1, NULL, 0, NULL, NULL, NULL, NULL),
	(281, NULL, NULL, NULL, 'TIBON', 'MARK ANDREW', ' S. JR', NULL, NULL, NULL, NULL, NULL, NULL, NULL, NULL, NULL, NULL, NULL, NULL, NULL, NULL, NULL, NULL, NULL, NULL, NULL, '', NULL, NULL, NULL, NULL, NULL, NULL, NULL, NULL, NULL, NULL, NULL, NULL, NULL, NULL, NULL, NULL, NULL, NULL, NULL, NULL, NULL, NULL, NULL, NULL, NULL, 1, 1, NULL, 0, NULL, NULL, NULL, NULL),
	(282, NULL, NULL, NULL, 'GUTIERREZ', 'LOVELY', ' Q.', NULL, NULL, NULL, NULL, NULL, NULL, NULL, NULL, NULL, NULL, NULL, NULL, NULL, NULL, NULL, NULL, NULL, NULL, NULL, '', NULL, NULL, NULL, NULL, NULL, NULL, NULL, NULL, NULL, NULL, NULL, NULL, NULL, NULL, NULL, NULL, NULL, NULL, NULL, NULL, NULL, NULL, NULL, NULL, NULL, 1, 1, NULL, 0, NULL, NULL, NULL, NULL),
	(283, NULL, NULL, NULL, 'SOLAR', 'MARY EMMANROSE', '', NULL, NULL, NULL, NULL, NULL, NULL, NULL, NULL, NULL, NULL, NULL, NULL, NULL, NULL, NULL, NULL, NULL, NULL, NULL, '', NULL, NULL, NULL, NULL, NULL, NULL, NULL, NULL, NULL, NULL, NULL, NULL, NULL, NULL, NULL, NULL, NULL, NULL, NULL, NULL, NULL, NULL, NULL, NULL, NULL, 1, 1, NULL, 0, NULL, NULL, NULL, NULL),
	(284, NULL, NULL, NULL, 'COMANDANTE', 'RENALYN', ' P.', NULL, NULL, NULL, NULL, NULL, NULL, NULL, NULL, NULL, NULL, NULL, NULL, NULL, NULL, NULL, NULL, NULL, NULL, NULL, '', NULL, NULL, NULL, NULL, NULL, NULL, NULL, NULL, NULL, NULL, NULL, NULL, NULL, NULL, NULL, NULL, NULL, NULL, NULL, NULL, NULL, NULL, NULL, NULL, NULL, 1, 1, NULL, 0, NULL, NULL, NULL, NULL),
	(285, NULL, NULL, NULL, 'SERAS', 'JUNESELLE ', ' E', NULL, NULL, NULL, NULL, NULL, NULL, NULL, NULL, NULL, NULL, NULL, NULL, NULL, NULL, NULL, NULL, NULL, NULL, NULL, '', NULL, NULL, NULL, NULL, NULL, NULL, NULL, NULL, NULL, NULL, NULL, NULL, NULL, NULL, NULL, NULL, NULL, NULL, NULL, NULL, NULL, NULL, NULL, NULL, NULL, 1, 1, NULL, 0, NULL, NULL, NULL, NULL),
	(286, NULL, NULL, NULL, 'Bolido', 'Catherine', ' E.', NULL, NULL, NULL, NULL, NULL, NULL, NULL, NULL, NULL, NULL, NULL, NULL, NULL, NULL, NULL, NULL, NULL, NULL, NULL, '', NULL, NULL, NULL, NULL, NULL, NULL, NULL, NULL, NULL, NULL, NULL, NULL, NULL, NULL, NULL, NULL, NULL, NULL, NULL, NULL, NULL, NULL, NULL, NULL, NULL, 1, 1, NULL, 0, NULL, NULL, NULL, NULL),
	(287, NULL, NULL, NULL, 'Romanico', 'Salido', ' F. ', NULL, NULL, NULL, NULL, NULL, NULL, NULL, NULL, NULL, NULL, NULL, NULL, NULL, NULL, NULL, NULL, NULL, NULL, NULL, '', NULL, NULL, NULL, NULL, NULL, NULL, NULL, NULL, NULL, NULL, NULL, NULL, NULL, NULL, NULL, NULL, NULL, NULL, NULL, NULL, NULL, NULL, NULL, NULL, NULL, 1, 1, NULL, 0, NULL, NULL, NULL, NULL),
	(288, NULL, NULL, NULL, 'De Guzman', 'Mary Grace Joy', '', NULL, NULL, NULL, NULL, NULL, NULL, NULL, NULL, NULL, NULL, NULL, NULL, NULL, NULL, NULL, NULL, NULL, NULL, NULL, '', NULL, NULL, NULL, NULL, NULL, NULL, NULL, NULL, NULL, NULL, NULL, NULL, NULL, NULL, NULL, NULL, NULL, NULL, NULL, NULL, NULL, NULL, NULL, NULL, NULL, 1, 1, NULL, 0, NULL, NULL, NULL, NULL),
	(289, NULL, NULL, NULL, 'RIVERA', 'MAYBELYN', ' D.', NULL, NULL, NULL, NULL, NULL, NULL, NULL, NULL, NULL, NULL, NULL, NULL, NULL, NULL, NULL, NULL, NULL, NULL, NULL, '', NULL, NULL, NULL, NULL, NULL, NULL, NULL, NULL, NULL, NULL, NULL, NULL, NULL, NULL, NULL, NULL, NULL, NULL, NULL, NULL, NULL, NULL, NULL, NULL, NULL, 1, 1, NULL, 0, NULL, NULL, NULL, NULL),
	(290, NULL, NULL, NULL, 'Dolot', 'Max Julius', ' R.', NULL, NULL, NULL, NULL, NULL, NULL, NULL, NULL, NULL, NULL, NULL, NULL, NULL, NULL, NULL, NULL, NULL, NULL, NULL, '', NULL, NULL, NULL, NULL, NULL, NULL, NULL, NULL, NULL, NULL, NULL, NULL, NULL, NULL, NULL, NULL, NULL, NULL, NULL, NULL, NULL, NULL, NULL, NULL, NULL, 1, 1, NULL, 0, NULL, NULL, NULL, NULL),
	(291, NULL, NULL, NULL, 'SORIANO', 'ROBERT ANTHONIE', ' C. ', NULL, NULL, NULL, NULL, NULL, NULL, NULL, NULL, NULL, NULL, NULL, NULL, NULL, NULL, NULL, NULL, NULL, NULL, NULL, '', NULL, NULL, NULL, NULL, NULL, NULL, NULL, NULL, NULL, NULL, NULL, NULL, NULL, NULL, NULL, NULL, NULL, NULL, NULL, NULL, NULL, NULL, NULL, NULL, NULL, 1, 1, NULL, 0, NULL, NULL, NULL, NULL),
	(292, NULL, NULL, NULL, 'ESCULTURA', 'SHIELA', ' E.', NULL, NULL, NULL, NULL, NULL, NULL, NULL, NULL, NULL, NULL, NULL, NULL, NULL, NULL, NULL, NULL, NULL, NULL, NULL, '', NULL, NULL, NULL, NULL, NULL, NULL, NULL, NULL, NULL, NULL, NULL, NULL, NULL, NULL, NULL, NULL, NULL, NULL, NULL, NULL, NULL, NULL, NULL, NULL, NULL, 1, 1, NULL, 0, NULL, NULL, NULL, NULL),
	(293, NULL, NULL, NULL, 'TAGABAN', 'HERIDONVI', ' A.', NULL, NULL, NULL, NULL, NULL, NULL, NULL, NULL, NULL, NULL, NULL, NULL, NULL, NULL, NULL, NULL, NULL, NULL, NULL, '', NULL, NULL, NULL, NULL, NULL, NULL, NULL, NULL, NULL, NULL, NULL, NULL, NULL, NULL, NULL, NULL, NULL, NULL, NULL, NULL, NULL, NULL, NULL, NULL, NULL, 1, 1, NULL, 0, NULL, NULL, NULL, NULL),
	(294, NULL, NULL, NULL, 'ABULENCIA', 'GEOFFREY', ' L.', NULL, NULL, NULL, NULL, NULL, NULL, NULL, NULL, NULL, NULL, NULL, NULL, NULL, NULL, NULL, NULL, NULL, NULL, NULL, '', NULL, NULL, NULL, NULL, NULL, NULL, NULL, NULL, NULL, NULL, NULL, NULL, NULL, NULL, NULL, NULL, NULL, NULL, NULL, NULL, NULL, NULL, NULL, NULL, NULL, 1, 1, NULL, 0, NULL, NULL, NULL, NULL),
	(295, NULL, NULL, NULL, 'ANDRADA', 'LEILA', ' G.', NULL, NULL, NULL, NULL, NULL, NULL, NULL, NULL, NULL, NULL, NULL, NULL, NULL, NULL, NULL, NULL, NULL, NULL, NULL, '', NULL, NULL, NULL, NULL, NULL, NULL, NULL, NULL, NULL, NULL, NULL, NULL, NULL, NULL, NULL, NULL, NULL, NULL, NULL, NULL, NULL, NULL, NULL, NULL, NULL, 1, 1, NULL, 0, NULL, NULL, NULL, NULL),
	(296, NULL, NULL, NULL, 'BAUTISTA', 'LEOPOLDO', ' B.', NULL, NULL, NULL, NULL, NULL, NULL, NULL, NULL, NULL, NULL, NULL, NULL, NULL, NULL, NULL, NULL, NULL, NULL, NULL, '', NULL, NULL, NULL, NULL, NULL, NULL, NULL, NULL, NULL, NULL, NULL, NULL, NULL, NULL, NULL, NULL, NULL, NULL, NULL, NULL, NULL, NULL, NULL, NULL, NULL, 1, 1, NULL, 0, NULL, NULL, NULL, NULL),
	(297, NULL, NULL, NULL, 'ESPE?A', 'GLEN', ' D. ', NULL, NULL, NULL, NULL, NULL, NULL, NULL, NULL, NULL, NULL, NULL, NULL, NULL, NULL, NULL, NULL, NULL, NULL, NULL, '', NULL, NULL, NULL, NULL, NULL, NULL, NULL, NULL, NULL, NULL, NULL, NULL, NULL, NULL, NULL, NULL, NULL, NULL, NULL, NULL, NULL, NULL, NULL, NULL, NULL, 1, 1, NULL, 0, NULL, NULL, NULL, NULL),
	(298, NULL, NULL, NULL, 'GALOLA', 'AARON JULEZEER', ' E.', NULL, NULL, NULL, NULL, NULL, NULL, NULL, NULL, NULL, NULL, NULL, NULL, NULL, NULL, NULL, NULL, NULL, NULL, NULL, '', NULL, NULL, NULL, NULL, NULL, NULL, NULL, NULL, NULL, NULL, NULL, NULL, NULL, NULL, NULL, NULL, NULL, NULL, NULL, NULL, NULL, NULL, NULL, NULL, NULL, 1, 1, NULL, 0, NULL, NULL, NULL, NULL),
	(299, NULL, NULL, NULL, 'IBUIG', 'ROLANDO', ' F.', NULL, NULL, NULL, NULL, NULL, NULL, NULL, NULL, NULL, NULL, NULL, NULL, NULL, NULL, NULL, NULL, NULL, NULL, NULL, '', NULL, NULL, NULL, NULL, NULL, NULL, NULL, NULL, NULL, NULL, NULL, NULL, NULL, NULL, NULL, NULL, NULL, NULL, NULL, NULL, NULL, NULL, NULL, NULL, NULL, 1, 1, NULL, 0, NULL, NULL, NULL, NULL),
	(300, NULL, NULL, NULL, 'MALILA', 'CATHERINE', ' E.', NULL, NULL, NULL, NULL, NULL, NULL, NULL, NULL, NULL, NULL, NULL, NULL, NULL, NULL, NULL, NULL, NULL, NULL, NULL, '', NULL, NULL, NULL, NULL, NULL, NULL, NULL, NULL, NULL, NULL, NULL, NULL, NULL, NULL, NULL, NULL, NULL, NULL, NULL, NULL, NULL, NULL, NULL, NULL, NULL, 1, 1, NULL, 0, NULL, NULL, NULL, NULL),
	(301, NULL, NULL, NULL, 'MAURICIO', 'EDWARD', ' C.', NULL, NULL, NULL, NULL, NULL, NULL, NULL, NULL, NULL, NULL, NULL, NULL, NULL, NULL, NULL, NULL, NULL, NULL, NULL, '', NULL, NULL, NULL, NULL, NULL, NULL, NULL, NULL, NULL, NULL, NULL, NULL, NULL, NULL, NULL, NULL, NULL, NULL, NULL, NULL, NULL, NULL, NULL, NULL, NULL, 1, 1, NULL, 0, NULL, NULL, NULL, NULL),
	(302, NULL, NULL, NULL, 'MUSICO', 'SILVESTRE', ' V.', NULL, NULL, NULL, NULL, NULL, NULL, NULL, NULL, NULL, NULL, NULL, NULL, NULL, NULL, NULL, NULL, NULL, NULL, NULL, '', NULL, NULL, NULL, NULL, NULL, NULL, NULL, NULL, NULL, NULL, NULL, NULL, NULL, NULL, NULL, NULL, NULL, NULL, NULL, NULL, NULL, NULL, NULL, NULL, NULL, 1, 1, NULL, 0, NULL, NULL, NULL, NULL),
	(303, NULL, NULL, NULL, 'RATON', 'PAULO', ' G.', NULL, NULL, NULL, NULL, NULL, NULL, NULL, NULL, NULL, NULL, NULL, NULL, NULL, NULL, NULL, NULL, NULL, NULL, NULL, '', NULL, NULL, NULL, NULL, NULL, NULL, NULL, NULL, NULL, NULL, NULL, NULL, NULL, NULL, NULL, NULL, NULL, NULL, NULL, NULL, NULL, NULL, NULL, NULL, NULL, 1, 1, NULL, 0, NULL, NULL, NULL, NULL),
	(304, NULL, NULL, NULL, 'SANTOS', 'JONATHAN', ' T.', NULL, NULL, NULL, NULL, NULL, NULL, NULL, NULL, NULL, NULL, NULL, NULL, NULL, NULL, NULL, NULL, NULL, NULL, NULL, '', NULL, NULL, NULL, NULL, NULL, NULL, NULL, NULL, NULL, NULL, NULL, NULL, NULL, NULL, NULL, NULL, NULL, NULL, NULL, NULL, NULL, NULL, NULL, NULL, NULL, 1, 1, NULL, 0, NULL, NULL, NULL, NULL),
	(305, NULL, NULL, NULL, 'EVANGELISTA', 'NOMER', ' T.', NULL, NULL, NULL, NULL, NULL, NULL, NULL, NULL, NULL, NULL, NULL, NULL, NULL, NULL, NULL, NULL, NULL, NULL, NULL, '', NULL, NULL, NULL, NULL, NULL, NULL, NULL, NULL, NULL, NULL, NULL, NULL, NULL, NULL, NULL, NULL, NULL, NULL, NULL, NULL, NULL, NULL, NULL, NULL, NULL, 1, 1, NULL, 0, NULL, NULL, NULL, NULL),
	(306, NULL, NULL, NULL, 'SANTIANO', 'DONDON', ' D.', NULL, NULL, NULL, NULL, NULL, NULL, NULL, NULL, NULL, NULL, NULL, NULL, NULL, NULL, NULL, NULL, NULL, NULL, NULL, '', NULL, NULL, NULL, NULL, NULL, NULL, NULL, NULL, NULL, NULL, NULL, NULL, NULL, NULL, NULL, NULL, NULL, NULL, NULL, NULL, NULL, NULL, NULL, NULL, NULL, 1, 1, NULL, 0, NULL, NULL, NULL, NULL),
	(307, NULL, NULL, NULL, 'VALDEZ', 'CHARLEMAGNE', ' P.', NULL, NULL, NULL, NULL, NULL, NULL, NULL, NULL, NULL, NULL, NULL, NULL, NULL, NULL, NULL, NULL, NULL, NULL, NULL, '', NULL, NULL, NULL, NULL, NULL, NULL, NULL, NULL, NULL, NULL, NULL, NULL, NULL, NULL, NULL, NULL, NULL, NULL, NULL, NULL, NULL, NULL, NULL, NULL, NULL, 1, 1, NULL, 0, NULL, NULL, NULL, NULL),
	(308, NULL, NULL, NULL, 'SALUNA', 'LI ANN', 'B.', NULL, NULL, NULL, NULL, NULL, NULL, NULL, NULL, NULL, NULL, NULL, NULL, NULL, NULL, NULL, NULL, NULL, NULL, NULL, '', NULL, NULL, NULL, NULL, NULL, NULL, NULL, NULL, NULL, NULL, NULL, NULL, NULL, NULL, NULL, NULL, NULL, NULL, NULL, NULL, NULL, NULL, NULL, NULL, NULL, 1, 1, NULL, 2, NULL, NULL, '2018-08-27 07:10:35', NULL);
/*!40000 ALTER TABLE `pms_employees` ENABLE KEYS */;

-- Dumping structure for table mirdc.pms_employee_information
DROP TABLE IF EXISTS `pms_employee_information`;
CREATE TABLE IF NOT EXISTS `pms_employee_information` (
  `id` int(10) unsigned NOT NULL AUTO_INCREMENT,
  `item_number` varchar(225) COLLATE utf8mb4_unicode_ci DEFAULT NULL,
  `employee_number` varchar(225) COLLATE utf8mb4_unicode_ci DEFAULT NULL,
  `employee_id` int(11) DEFAULT NULL,
  `company_id` int(11) DEFAULT NULL,
  `division_id` int(11) DEFAULT NULL,
  `department_id` int(11) DEFAULT NULL,
  `office_id` int(11) DEFAULT NULL,
  `employee_status_id` int(11) DEFAULT NULL,
  `position_id` int(11) DEFAULT NULL,
  `hired_date` date DEFAULT NULL,
  `assumption_date` date DEFAULT NULL,
  `resigned_date` date DEFAULT NULL,
  `rehired_date` date DEFAULT NULL,
  `start_date` date DEFAULT NULL,
  `end_date` date DEFAULT NULL,
  `pay_period` varchar(255) COLLATE utf8mb4_unicode_ci DEFAULT NULL,
  `pay_rate_id` int(11) DEFAULT NULL,
  `work_schedule_id` int(11) DEFAULT NULL,
  `appointment_status_id` int(11) DEFAULT NULL,
  `designation_id` int(11) DEFAULT NULL,
  `created_by` int(11) DEFAULT NULL,
  `updated_by` int(11) DEFAULT NULL,
  `created_at` timestamp NULL DEFAULT NULL,
  `updated_at` timestamp NULL DEFAULT NULL,
  `deleted_at` timestamp NULL DEFAULT NULL,
  PRIMARY KEY (`id`)
) ENGINE=InnoDB AUTO_INCREMENT=309 DEFAULT CHARSET=utf8mb4 COLLATE=utf8mb4_unicode_ci;

-- Dumping data for table mirdc.pms_employee_information: ~308 rows (approximately)
/*!40000 ALTER TABLE `pms_employee_information` DISABLE KEYS */;
INSERT INTO `pms_employee_information` (`id`, `item_number`, `employee_number`, `employee_id`, `company_id`, `division_id`, `department_id`, `office_id`, `employee_status_id`, `position_id`, `hired_date`, `assumption_date`, `resigned_date`, `rehired_date`, `start_date`, `end_date`, `pay_period`, `pay_rate_id`, `work_schedule_id`, `appointment_status_id`, `designation_id`, `created_by`, `updated_by`, `created_at`, `updated_at`, `deleted_at`) VALUES
	(1, 'MIRDCB-PLO5-8-2010 ', '1985005', 1, NULL, 5, NULL, NULL, 1, 56, NULL, '1985-07-01', NULL, NULL, NULL, NULL, NULL, NULL, NULL, NULL, NULL, NULL, NULL, NULL, NULL, NULL),
	(2, 'MIRDCB-SRSRS-6-1998 ', '2005001', 2, NULL, 3, NULL, NULL, 1, 66, NULL, '2005-09-15', NULL, NULL, NULL, NULL, NULL, NULL, NULL, NULL, NULL, NULL, NULL, NULL, NULL, NULL),
	(3, 'MIRDCB-DFM4-2-1998 ', '1990008', 3, NULL, 6, NULL, NULL, 1, 20, NULL, '1990-05-24', NULL, NULL, NULL, NULL, NULL, NULL, NULL, NULL, NULL, NULL, NULL, NULL, NULL, NULL),
	(4, 'MIRDCB-SVSRS-4-2010 ', '1996003', 4, NULL, 7, NULL, NULL, 1, 70, NULL, '1996-07-10', NULL, NULL, NULL, NULL, NULL, NULL, NULL, NULL, NULL, NULL, NULL, NULL, NULL, NULL),
	(5, 'MIRDCB-SRSRS-12-1998 ', '2015001', 5, NULL, 1, NULL, NULL, 1, 66, NULL, '2015-01-06', NULL, NULL, NULL, NULL, NULL, NULL, NULL, NULL, NULL, NULL, NULL, NULL, NULL, NULL),
	(6, 'MIRDCB-TRNSP1-1-1998 ', '2011008', 6, NULL, 7, NULL, NULL, 1, 71, NULL, '2011-01-17', NULL, NULL, NULL, NULL, NULL, NULL, NULL, NULL, NULL, NULL, NULL, NULL, NULL, NULL),
	(7, 'MIRDCB-MTEK4-3-1998 ', '1984001', 7, NULL, 3, NULL, NULL, 1, 40, NULL, '1984-08-09', NULL, NULL, NULL, NULL, NULL, NULL, NULL, NULL, NULL, NULL, NULL, NULL, NULL, NULL),
	(8, 'MIRDCB-MTEK5-1-1998 ', '1983003', 8, NULL, 3, NULL, NULL, 1, 50, NULL, '1983-08-01', NULL, NULL, NULL, NULL, NULL, NULL, NULL, NULL, NULL, NULL, NULL, NULL, NULL, NULL),
	(9, 'MIRDCB-ADAS5-117-2004 ', '2003001', 9, NULL, 7, NULL, NULL, 1, 8, NULL, '2003-05-16', NULL, NULL, NULL, NULL, NULL, NULL, NULL, NULL, NULL, NULL, NULL, NULL, NULL, NULL),
	(10, 'MIRDCB-SRAS2-5-1998 ', '2010016', 10, NULL, 6, NULL, NULL, 1, 63, NULL, '2010-12-06', NULL, NULL, NULL, NULL, NULL, NULL, NULL, NULL, NULL, NULL, NULL, NULL, NULL, NULL),
	(11, 'MIRDCB-LABI2-7-1998', '2012005', 11, NULL, 1, NULL, NULL, 1, 33, NULL, '2012-03-15', NULL, NULL, NULL, NULL, NULL, NULL, NULL, NULL, NULL, NULL, NULL, NULL, NULL, NULL),
	(12, 'MIRDCB-ECET4-1-2005 ', '1981002', 12, NULL, 1, NULL, NULL, 1, 22, NULL, '1981-05-18', NULL, NULL, NULL, NULL, NULL, NULL, NULL, NULL, NULL, NULL, NULL, NULL, NULL, NULL),
	(13, 'MIRDCB-PLO3-12-2010 ', '2013006', 13, NULL, 5, NULL, NULL, 1, 54, NULL, '2013-07-02', NULL, NULL, NULL, NULL, NULL, NULL, NULL, NULL, NULL, NULL, NULL, NULL, NULL, NULL),
	(14, 'MIRDCB-LABI1-2-1998 ', '2011019', 14, NULL, 6, NULL, NULL, 1, 32, NULL, '2011-02-15', NULL, NULL, NULL, NULL, NULL, NULL, NULL, NULL, NULL, NULL, NULL, NULL, NULL, NULL),
	(15, 'MIRDCB-ADA3-114-2004', '1985004', 15, NULL, 7, NULL, NULL, 1, 3, NULL, '1985-05-27', NULL, NULL, NULL, NULL, NULL, NULL, NULL, NULL, NULL, NULL, NULL, NULL, NULL, NULL),
	(16, 'MIRDCB-MTEK3-3-1998 ', '1992007', 16, NULL, 6, NULL, NULL, 1, 39, NULL, '1992-07-06', NULL, NULL, NULL, NULL, NULL, NULL, NULL, NULL, NULL, NULL, NULL, NULL, NULL, NULL),
	(17, 'MIRDCB-SRSRS-20-2010 ', '2011018', 17, NULL, 3, NULL, NULL, 1, 66, NULL, '2011-02-14', NULL, NULL, NULL, NULL, NULL, NULL, NULL, NULL, NULL, NULL, NULL, NULL, NULL, NULL),
	(18, 'MIRDCB-MTEK4-12-1998 ', '1987004', 18, NULL, 6, NULL, NULL, 1, 40, NULL, '1987-08-03', NULL, NULL, NULL, NULL, NULL, NULL, NULL, NULL, NULL, NULL, NULL, NULL, NULL, NULL),
	(19, 'MIRDCB-PPCO1-3-1998 ', '2010005', 19, NULL, 1, NULL, NULL, 1, 57, NULL, '2010-09-24', NULL, NULL, NULL, NULL, NULL, NULL, NULL, NULL, NULL, NULL, NULL, NULL, NULL, NULL),
	(20, 'MIRDCB-MTEK5-3-1998 ', '1977001', 20, NULL, 6, NULL, NULL, 1, 50, NULL, '1977-04-01', NULL, NULL, NULL, NULL, NULL, NULL, NULL, NULL, NULL, NULL, NULL, NULL, NULL, NULL),
	(21, 'MIRDCB-SRAS2-8-2010', '2010002', 21, NULL, 1, NULL, NULL, 1, 22, NULL, '2010-01-04', NULL, NULL, NULL, NULL, NULL, NULL, NULL, NULL, NULL, NULL, NULL, NULL, NULL, NULL),
	(22, 'MIRDCB-MTEK2-14-1998 ', '1993004', 22, NULL, 3, NULL, NULL, 1, 39, NULL, '1993-11-16', NULL, NULL, NULL, NULL, NULL, NULL, NULL, NULL, NULL, NULL, NULL, NULL, NULL, NULL),
	(23, 'MIRDCB-MTEK1-6-1998 ', '2011020', 23, NULL, 6, NULL, NULL, 1, 37, NULL, '2011-04-01', NULL, NULL, NULL, NULL, NULL, NULL, NULL, NULL, NULL, NULL, NULL, NULL, NULL, NULL),
	(24, 'MIRDCB-SRAS2-9-2010 ', '1993002', 24, NULL, 3, NULL, NULL, 1, 63, NULL, '1993-10-18', NULL, NULL, NULL, NULL, NULL, NULL, NULL, NULL, NULL, NULL, NULL, NULL, NULL, NULL),
	(25, 'MIRDCB-ADA4-126-2004 ', '2016009', 25, NULL, 2, NULL, NULL, 1, 2, NULL, '2016-07-18', NULL, NULL, NULL, NULL, NULL, NULL, NULL, NULL, NULL, NULL, NULL, NULL, NULL, NULL),
	(26, 'MIRDCB-ADOF4-1-2010 ', '2018005', 26, NULL, NULL, NULL, NULL, 1, NULL, NULL, '2018-04-16', NULL, NULL, NULL, NULL, NULL, NULL, NULL, NULL, NULL, NULL, NULL, NULL, NULL, NULL),
	(27, 'MIRDCB-SRSRS-9-1998 ', '1995005', 27, NULL, 6, NULL, NULL, 1, 66, NULL, '1995-03-23', NULL, NULL, NULL, NULL, NULL, NULL, NULL, NULL, NULL, NULL, NULL, NULL, NULL, NULL),
	(28, 'MIRDCB-MTEK2-15-1998 ', '1992003', 28, NULL, 3, NULL, NULL, 1, 40, NULL, '1992-04-13', NULL, NULL, NULL, NULL, NULL, NULL, NULL, NULL, NULL, NULL, NULL, NULL, NULL, NULL),
	(29, 'MIRDCB-ADOF3-112-2004 ', '1987013', 29, NULL, 2, NULL, NULL, 1, 14, NULL, '1987-12-07', NULL, NULL, NULL, NULL, NULL, NULL, NULL, NULL, NULL, NULL, NULL, NULL, NULL, NULL),
	(30, 'MIRDCB-LABI1-5-1998 ', '2011023', 30, NULL, 1, NULL, NULL, 1, 32, NULL, '2011-04-11', NULL, NULL, NULL, NULL, NULL, NULL, NULL, NULL, NULL, NULL, NULL, NULL, NULL, NULL),
	(31, 'MIRDCB-ADAS1-18-2010 ', '2011017', 31, NULL, 6, NULL, NULL, 1, 66, NULL, '2014-02-17', NULL, NULL, NULL, NULL, NULL, NULL, NULL, NULL, NULL, NULL, NULL, NULL, NULL, NULL),
	(32, 'MIRDCB-SRSRS-8-2010 ', '2015003', 32, NULL, 7, NULL, NULL, 1, 42, NULL, '2011-02-08', NULL, NULL, NULL, NULL, NULL, NULL, NULL, NULL, NULL, 2, NULL, NULL, '2018-11-06 01:56:09', NULL),
	(33, 'MIRDCB-TRNSP1-3-1998 ', '2011033', 33, NULL, 7, NULL, NULL, 1, 33, NULL, '2015-04-13', NULL, NULL, NULL, NULL, NULL, NULL, NULL, NULL, NULL, NULL, NULL, NULL, NULL, NULL),
	(34, 'MIRDCB-LABI2-8-1998', '2015005', 34, NULL, 2, NULL, NULL, 1, 24, NULL, '2011-08-01', NULL, NULL, NULL, NULL, NULL, NULL, NULL, NULL, NULL, NULL, NULL, NULL, NULL, NULL),
	(35, 'MIRDCB-ENG2-24-1998 ', '2010011', 35, NULL, 5, NULL, NULL, 1, 15, NULL, '2015-05-11', NULL, NULL, NULL, NULL, NULL, NULL, NULL, NULL, NULL, NULL, NULL, NULL, NULL, NULL),
	(36, 'MIRDCB-ADOF4-2-2010 ', '2018008', 36, NULL, NULL, NULL, NULL, 1, NULL, NULL, '2010-11-02', NULL, NULL, NULL, NULL, NULL, NULL, NULL, NULL, NULL, 2, NULL, NULL, '2018-11-06 02:16:40', NULL),
	(37, 'MIRDCB-MTEK4-1-1998 ', '1985001', 37, NULL, 3, NULL, NULL, 1, 40, NULL, '1985-03-20', NULL, NULL, NULL, NULL, NULL, NULL, NULL, NULL, NULL, NULL, NULL, NULL, NULL, NULL),
	(38, 'MIRDCB-ADOF5-112-2004 ', '1989005', 38, NULL, 2, NULL, NULL, 1, 16, NULL, '1989-09-15', NULL, NULL, NULL, NULL, NULL, NULL, NULL, NULL, NULL, NULL, NULL, NULL, NULL, NULL),
	(39, 'MIRDCB-COMPRO3-22-2010 ', '2016010', 39, NULL, 5, NULL, NULL, 1, 16, NULL, '2016-10-03', NULL, NULL, NULL, NULL, NULL, NULL, NULL, NULL, NULL, NULL, NULL, NULL, NULL, NULL),
	(40, 'MIRDCB-MTEK3-10-1998 ', '2010014', 40, NULL, 6, NULL, NULL, 1, 38, NULL, '2010-12-06', NULL, NULL, NULL, NULL, NULL, NULL, NULL, NULL, NULL, NULL, NULL, NULL, NULL, NULL),
	(41, 'MIRDCB-ADOF2-110-2004 ', '2011002', 41, NULL, 2, NULL, NULL, 1, 3, NULL, '2011-01-04', NULL, NULL, NULL, NULL, NULL, NULL, NULL, NULL, NULL, NULL, NULL, NULL, NULL, NULL),
	(42, 'MIRDCB-PCE2-1-1998 ', '2011037', 42, NULL, 3, NULL, NULL, 1, 39, NULL, '2011-02-01', NULL, NULL, NULL, NULL, NULL, NULL, NULL, NULL, NULL, NULL, NULL, NULL, NULL, NULL),
	(43, 'MIRDCB-SRAS2-4-2010 ', '2013002', 43, NULL, 1, NULL, NULL, 1, 63, NULL, '2013-03-18', NULL, NULL, NULL, NULL, NULL, NULL, NULL, NULL, NULL, NULL, NULL, NULL, NULL, NULL),
	(44, 'MIRDCB-ADOF4-3-2010 ', '2014009', 44, NULL, 2, NULL, NULL, 1, 15, NULL, '2014-11-03', NULL, NULL, NULL, NULL, NULL, NULL, NULL, NULL, NULL, NULL, NULL, NULL, NULL, NULL),
	(45, '0', '2011028', 45, NULL, NULL, NULL, NULL, 1, NULL, NULL, NULL, NULL, NULL, NULL, NULL, NULL, NULL, NULL, NULL, NULL, 2, NULL, NULL, '2018-11-06 02:18:13', NULL),
	(46, 'MIRDCB-ADOF5-114-2004 ', '1979003', 46, NULL, 2, NULL, NULL, 1, 16, NULL, '1979-11-19', NULL, NULL, NULL, NULL, NULL, NULL, NULL, NULL, NULL, NULL, NULL, NULL, NULL, NULL),
	(47, 'MIRDCB-ENG3-23-1998 ', '2012012', 47, NULL, 2, NULL, NULL, 1, 25, NULL, '2012-12-17', NULL, NULL, NULL, NULL, NULL, NULL, NULL, NULL, NULL, NULL, NULL, NULL, NULL, NULL),
	(48, '0', '2018006', 48, NULL, NULL, NULL, NULL, 1, NULL, NULL, NULL, NULL, NULL, NULL, NULL, NULL, NULL, NULL, NULL, NULL, 2, NULL, NULL, '2018-11-06 02:23:47', NULL),
	(49, 'MIRDCB-ADOF5-104-2004 ', '1989006', 49, NULL, 5, NULL, NULL, 1, 16, NULL, '1989-09-28', NULL, NULL, NULL, NULL, NULL, NULL, NULL, NULL, NULL, NULL, NULL, NULL, NULL, NULL),
	(50, 'MIRDCB-MTEK3-11-1998 ', '1987009', 50, NULL, 6, NULL, NULL, 1, 39, NULL, '1987-11-16', NULL, NULL, NULL, NULL, NULL, NULL, NULL, NULL, NULL, NULL, NULL, NULL, NULL, NULL),
	(51, 'MIRDCB-ADAS3-113-2004 ', '2015008', 51, NULL, 4, NULL, NULL, 1, 9, NULL, '2015-08-03', NULL, NULL, NULL, NULL, NULL, NULL, NULL, NULL, NULL, NULL, NULL, NULL, NULL, NULL),
	(52, 'MIRDCB-INFOSA3-1-1998 ', '2011032', 52, NULL, 5, NULL, NULL, 1, 28, NULL, '2003-06-26', NULL, NULL, NULL, NULL, NULL, NULL, NULL, NULL, NULL, NULL, NULL, NULL, NULL, NULL),
	(53, 'MIRDCB-PLO3-1-1998 ', '2012011', 53, NULL, 5, NULL, NULL, 1, 54, NULL, '2012-10-10', NULL, NULL, NULL, NULL, NULL, NULL, NULL, NULL, NULL, NULL, NULL, NULL, NULL, NULL),
	(54, 'MIRDCB-SVSRS-4-1998 ', '1993001', 54, NULL, 1, NULL, NULL, 1, 70, NULL, '1993-10-18', NULL, NULL, NULL, NULL, NULL, NULL, NULL, NULL, NULL, NULL, NULL, NULL, NULL, NULL),
	(55, 'MIRDCB-SVSRS-7-2010 ', '1993006', 55, NULL, 1, NULL, NULL, 1, 70, NULL, '1993-11-22', NULL, NULL, NULL, NULL, NULL, NULL, NULL, NULL, NULL, NULL, NULL, NULL, NULL, NULL),
	(56, 'MIRDCB-LABT1-3-1998 ', '2013003', 56, NULL, 1, NULL, NULL, 1, 63, NULL, '2013-03-19', NULL, NULL, NULL, NULL, NULL, NULL, NULL, NULL, NULL, NULL, NULL, NULL, NULL, NULL),
	(57, 'MIRDCB-SADAS1-114-2004 ', '1978007', 57, NULL, 2, NULL, NULL, 1, 64, NULL, '1978-08-17', NULL, NULL, NULL, NULL, NULL, NULL, NULL, NULL, NULL, NULL, NULL, NULL, NULL, NULL),
	(58, 'MIRDCB-ENG1-2-2012 ', '2017006', 58, NULL, 2, NULL, NULL, 1, 24, NULL, '2017-11-06', NULL, NULL, NULL, NULL, NULL, NULL, NULL, NULL, NULL, NULL, NULL, NULL, NULL, NULL),
	(59, 'MIRDCB-ADAS3-127-2004 ', '2016005', 59, NULL, 6, NULL, NULL, 1, 63, NULL, '2016-03-01', NULL, NULL, NULL, NULL, NULL, NULL, NULL, NULL, NULL, NULL, NULL, NULL, NULL, NULL),
	(60, 'MIRDCB-SVSRS-3-2010 ', '1995007', 60, NULL, 1, NULL, NULL, 1, 70, NULL, '1995-07-17', NULL, NULL, NULL, NULL, NULL, NULL, NULL, NULL, NULL, NULL, NULL, NULL, NULL, NULL),
	(61, 'MIRDCB-TRNSP2-1-1998 ', '1990013', 61, NULL, 7, NULL, NULL, 1, 72, NULL, '1990-10-29', NULL, NULL, NULL, NULL, NULL, NULL, NULL, NULL, NULL, NULL, NULL, NULL, NULL, NULL),
	(62, 'MIRDCB-SADAS2-11-2010 ', '1976004', 62, NULL, 7, NULL, NULL, 1, 65, NULL, '1976-12-01', NULL, NULL, NULL, NULL, NULL, NULL, NULL, NULL, NULL, NULL, NULL, NULL, NULL, NULL),
	(63, 'MIRDCB-MTEK5-6-1998 ', '1985007', 63, NULL, 6, NULL, NULL, 1, 50, NULL, '1985-10-01', NULL, NULL, NULL, NULL, NULL, NULL, NULL, NULL, NULL, NULL, NULL, NULL, NULL, NULL),
	(64, 'MIRDCB-MTEK2-6-1998 ', '1987010', 64, NULL, 6, NULL, NULL, 1, 38, NULL, '1987-11-16', NULL, NULL, NULL, NULL, NULL, NULL, NULL, NULL, NULL, NULL, NULL, NULL, NULL, NULL),
	(65, '0', '2011011', 65, NULL, 3, NULL, NULL, 1, 63, NULL, NULL, NULL, NULL, NULL, NULL, NULL, NULL, NULL, NULL, NULL, NULL, NULL, NULL, NULL, NULL),
	(66, 'MIRDCB-SRAS2-6-2010 ', '1993008', 66, NULL, 6, NULL, NULL, 1, 63, NULL, '1993-12-17', NULL, NULL, NULL, NULL, NULL, NULL, NULL, NULL, NULL, NULL, NULL, NULL, NULL, NULL),
	(67, 'MIRDCB-TRNSP4-1-1998 ', '1990001', 67, NULL, 7, NULL, NULL, 1, 74, NULL, '1990-01-23', NULL, NULL, NULL, NULL, NULL, NULL, NULL, NULL, NULL, NULL, NULL, NULL, NULL, NULL),
	(68, 'MIRDCB-SRSRS-14-2010 ', '1990007', 68, NULL, 7, NULL, NULL, 1, 66, NULL, '1990-04-18', NULL, NULL, NULL, NULL, NULL, NULL, NULL, NULL, NULL, NULL, NULL, NULL, NULL, NULL),
	(69, 'MIRDCB-MTEK5-5-2010 ', '1981003', 69, NULL, 6, NULL, NULL, 1, 50, NULL, '1981-05-18', NULL, NULL, NULL, NULL, NULL, NULL, NULL, NULL, NULL, NULL, NULL, NULL, NULL, NULL),
	(70, 'MIRDCB-LABI3-4-1998 ', '1995001', 70, NULL, 1, NULL, NULL, 1, 34, NULL, '1995-03-14', NULL, NULL, NULL, NULL, NULL, NULL, NULL, NULL, NULL, NULL, NULL, NULL, NULL, NULL),
	(71, 'MIRDCB-MTEK3-13-1998 ', '1987001', 71, NULL, 1, NULL, NULL, 1, 39, NULL, '1987-03-16', NULL, NULL, NULL, NULL, NULL, NULL, NULL, NULL, NULL, NULL, NULL, NULL, NULL, NULL),
	(72, 'MIRDCB-SVSRS-3-1998 ', '1990011', 72, NULL, 6, NULL, NULL, 1, 70, NULL, '1990-07-09', NULL, NULL, NULL, NULL, NULL, NULL, NULL, NULL, NULL, NULL, NULL, NULL, NULL, NULL),
	(73, 'MIRDCB-TRNSP3-3-1998 ', '1988001', 73, NULL, 7, NULL, NULL, 1, 70, NULL, '1988-03-23', NULL, NULL, NULL, NULL, NULL, NULL, NULL, NULL, NULL, NULL, NULL, NULL, NULL, NULL),
	(74, 'MIRDCB-LAB1-4-1998', '2012001', 74, NULL, 1, NULL, NULL, 1, 32, NULL, '2012-01-02', NULL, NULL, NULL, NULL, NULL, NULL, NULL, NULL, NULL, NULL, NULL, NULL, NULL, NULL),
	(75, 'MIRDCB-EXED3-1-1998', '2016002', 75, NULL, 4, NULL, NULL, 1, 26, NULL, '2010-09-23', NULL, NULL, NULL, NULL, NULL, NULL, NULL, NULL, NULL, NULL, NULL, NULL, NULL, NULL),
	(76, 'MIRDCB-MTEK2-8-1998 ', '2016003', 76, NULL, 3, NULL, NULL, 1, 39, NULL, '2016-02-22', NULL, NULL, NULL, NULL, NULL, NULL, NULL, NULL, NULL, NULL, NULL, NULL, NULL, NULL),
	(77, 'MIRDCB-TRNSP2-3-1998 ', '2015006', 77, NULL, 7, NULL, NULL, 1, 73, NULL, '2015-05-18', NULL, NULL, NULL, NULL, NULL, NULL, NULL, NULL, NULL, NULL, NULL, NULL, NULL, NULL),
	(78, 'MIRDCB-EI2-1-1998', '2011021', 78, NULL, 1, NULL, NULL, 1, 3, NULL, '2011-04-04', NULL, NULL, NULL, NULL, NULL, NULL, NULL, NULL, NULL, NULL, NULL, NULL, NULL, NULL),
	(79, 'MIRDCB-ADA6-122-2004 ', '1983001', 79, NULL, 2, NULL, NULL, 1, 3, NULL, '1985-05-20', NULL, NULL, NULL, NULL, NULL, NULL, NULL, NULL, NULL, NULL, NULL, NULL, NULL, NULL),
	(80, 'MIRDCB-MTEK4-13-1998 ', '1983002', 80, NULL, 6, NULL, NULL, 1, 40, NULL, '1983-07-18', NULL, NULL, NULL, NULL, NULL, NULL, NULL, NULL, NULL, NULL, NULL, NULL, NULL, NULL),
	(81, 'MIRDCB-ADOF5-106-2004 ', '2010019', 81, NULL, 2, NULL, NULL, 1, 16, NULL, '2010-12-20', NULL, NULL, NULL, NULL, NULL, NULL, NULL, NULL, NULL, NULL, NULL, NULL, NULL, NULL),
	(82, 'MIRDCB-ADOF2-113-2004 ', '2010010', 82, NULL, 7, NULL, NULL, 1, 16, NULL, '2010-10-26', NULL, NULL, NULL, NULL, NULL, NULL, NULL, NULL, NULL, NULL, NULL, NULL, NULL, NULL),
	(83, 'MIRDCB-ADOF1-6-2010 ', '1977004', 83, NULL, 7, NULL, NULL, 1, 12, NULL, '1977-10-18', NULL, NULL, NULL, NULL, NULL, NULL, NULL, NULL, NULL, NULL, NULL, NULL, NULL, NULL),
	(84, 'MIRDCB-SRSRS-17-2010 ', '1997001', 84, NULL, 1, NULL, NULL, 1, 66, NULL, '1997-09-22', NULL, NULL, NULL, NULL, NULL, NULL, NULL, NULL, NULL, NULL, NULL, NULL, NULL, NULL),
	(85, 'MIRDCB-LABI3-5-1998 ', '1987002', 85, NULL, 1, NULL, NULL, 1, 34, NULL, '1987-03-16', NULL, NULL, NULL, NULL, NULL, NULL, NULL, NULL, NULL, NULL, NULL, NULL, NULL, NULL),
	(86, 'MIRDCB-ADAS1-113-2004 ', '2015011', 86, NULL, 1, NULL, NULL, 1, 4, NULL, '2015-10-08', NULL, NULL, NULL, NULL, NULL, NULL, NULL, NULL, NULL, NULL, NULL, NULL, NULL, NULL),
	(87, 'MIRDCB-SVSRS-2-1998 ', '2015010', 87, NULL, 5, NULL, NULL, 1, 27, NULL, '1980-05-12', NULL, NULL, NULL, NULL, NULL, NULL, NULL, NULL, NULL, NULL, NULL, NULL, NULL, NULL),
	(88, 'MIRDCB-INFOSA1-9-2010 ', '1980001', 88, NULL, 6, NULL, NULL, 1, 70, NULL, '2015-09-05', NULL, NULL, NULL, NULL, NULL, NULL, NULL, NULL, NULL, NULL, NULL, NULL, NULL, NULL),
	(89, 'MIRDCB-ADAS1-112-2004', '2012006', 89, NULL, 1, NULL, NULL, 1, 4, NULL, '2012-03-15', NULL, NULL, NULL, NULL, NULL, NULL, NULL, NULL, NULL, NULL, NULL, NULL, NULL, NULL),
	(90, 'MIRDCB-MTEK3-17-1998 ', '1992006', 90, NULL, 1, NULL, NULL, 1, 39, NULL, '1992-07-06', NULL, NULL, NULL, NULL, NULL, NULL, NULL, NULL, NULL, NULL, NULL, NULL, NULL, NULL),
	(91, 'MIRDCB-ADAS3-117-2004 ', '2011024', 91, NULL, 1, NULL, NULL, 1, 5, NULL, '2011-05-02', NULL, NULL, NULL, NULL, NULL, NULL, NULL, NULL, NULL, NULL, NULL, NULL, NULL, NULL),
	(92, 'MIRDCB-MTEK4-2-1998 ', '1987003', 92, NULL, 6, NULL, NULL, 1, 40, NULL, '1987-03-16', NULL, NULL, NULL, NULL, NULL, NULL, NULL, NULL, NULL, NULL, NULL, NULL, NULL, NULL),
	(93, 'MIRDCB-DED3-2-1998 ', '1989003', 93, NULL, 4, NULL, NULL, 1, 18, NULL, '1989-08-25', NULL, NULL, NULL, NULL, NULL, NULL, NULL, NULL, NULL, NULL, NULL, NULL, NULL, NULL),
	(94, 'MIRDCB-PLO4-1-1998 ', '2011013', 94, NULL, 5, NULL, NULL, 1, 55, NULL, '2011-02-01', NULL, NULL, NULL, NULL, NULL, NULL, NULL, NULL, NULL, NULL, NULL, NULL, NULL, NULL),
	(95, 'MIRDCB-MTEK3-14-1998 ', '1985002', 95, NULL, 3, NULL, NULL, 1, 39, NULL, '1985-03-20', NULL, NULL, NULL, NULL, NULL, NULL, NULL, NULL, NULL, NULL, NULL, NULL, NULL, NULL),
	(96, 'MIRDCB-SRAS2-1-1998 ', '2011034', 96, NULL, 3, NULL, NULL, 1, 63, NULL, '2011-09-12', NULL, NULL, NULL, NULL, NULL, NULL, NULL, NULL, NULL, NULL, NULL, NULL, NULL, NULL),
	(97, 'MIRDCB-ADAS3-1-2005 ', '2011015', 97, NULL, 4, NULL, NULL, 1, 10, NULL, '2011-02-04', NULL, NULL, NULL, NULL, NULL, NULL, NULL, NULL, NULL, NULL, NULL, NULL, NULL, NULL),
	(98, 'MIRDCB-PLO2-1-1998 ', '2010004', 98, NULL, 6, NULL, NULL, 1, 66, NULL, '1988-08-01', NULL, NULL, NULL, NULL, NULL, NULL, NULL, NULL, NULL, NULL, NULL, NULL, NULL, NULL),
	(99, 'MIRDCB-SRSRS-3-1998 ', '1988002', 99, NULL, 2, NULL, NULL, 1, 17, NULL, '2010-02-15', NULL, NULL, NULL, NULL, NULL, NULL, NULL, NULL, NULL, NULL, NULL, NULL, NULL, NULL),
	(100, ' MIRDCB-ADAS3-123-2004 ', '1976002', 100, NULL, 6, NULL, NULL, 1, 6, NULL, '1977-04-01', NULL, NULL, NULL, NULL, NULL, NULL, NULL, NULL, NULL, NULL, NULL, NULL, NULL, NULL),
	(101, ' MIRDCB-ADOF4-112-2004 ', '1987006', 101, NULL, 2, NULL, NULL, 1, 15, NULL, '1987-09-21', NULL, NULL, NULL, NULL, NULL, NULL, NULL, NULL, NULL, NULL, NULL, NULL, NULL, NULL),
	(102, ' MIRDCB-SRAS2-3-2010 ', '2011027', 102, NULL, 7, NULL, NULL, 1, 63, NULL, '2011-05-10', NULL, NULL, NULL, NULL, NULL, NULL, NULL, NULL, NULL, NULL, NULL, NULL, NULL, NULL),
	(103, ' MIRDCB-ADAS3-112-2004 ', '2013004', 103, NULL, 7, NULL, NULL, 1, 6, NULL, '2013-07-01', NULL, NULL, NULL, NULL, NULL, NULL, NULL, NULL, NULL, NULL, NULL, NULL, NULL, NULL),
	(104, ' MIRDCB-PLO3-11-2010 ', '2016006', 104, NULL, 5, NULL, NULL, 1, 54, NULL, '2016-03-14', NULL, NULL, NULL, NULL, NULL, NULL, NULL, NULL, NULL, NULL, NULL, NULL, NULL, NULL),
	(105, ' MIRDCB-ADAS3-122-2004 ', '1977002', 105, NULL, 2, NULL, NULL, 1, 10, NULL, '1977-08-23', NULL, NULL, NULL, NULL, NULL, NULL, NULL, NULL, NULL, NULL, NULL, NULL, NULL, NULL),
	(106, 'MIRDCB-SRSRS-9-2010', '2010017', 106, NULL, 7, NULL, NULL, 1, 66, NULL, '2010-12-10', NULL, NULL, NULL, NULL, NULL, NULL, NULL, NULL, NULL, NULL, NULL, NULL, NULL, NULL),
	(107, ' MIRDCB-MTEK2-12-1998 ', '2017001', 107, NULL, 3, NULL, NULL, 1, 38, NULL, '2017-03-01', NULL, NULL, NULL, NULL, NULL, NULL, NULL, NULL, NULL, NULL, NULL, NULL, NULL, NULL),
	(108, '0', '2018007', 108, NULL, NULL, NULL, NULL, 1, NULL, NULL, NULL, NULL, NULL, NULL, NULL, NULL, NULL, NULL, NULL, NULL, 2, NULL, NULL, '2018-11-06 02:25:00', NULL),
	(109, ' MIRDCB-SRSRS-7-1998 ', '1990012', 109, NULL, 6, NULL, NULL, 1, 66, NULL, '1990-07-16', NULL, NULL, NULL, NULL, NULL, NULL, NULL, NULL, NULL, NULL, NULL, NULL, NULL, NULL),
	(110, ' MIRDCB-TRNSP3-1-1998 ', '1989004', 110, NULL, 7, NULL, NULL, 1, 73, NULL, '1989-09-11', NULL, NULL, NULL, NULL, NULL, NULL, NULL, NULL, NULL, NULL, NULL, NULL, NULL, NULL),
	(111, ' MIRDCB-ADA6-111-2004 ', '1994003', 111, NULL, 2, NULL, NULL, 1, 3, NULL, '1994-10-17', NULL, NULL, NULL, NULL, NULL, NULL, NULL, NULL, NULL, NULL, NULL, NULL, NULL, NULL),
	(112, ' MIRDCB-ADAS3-111-2004 ', '2011009', 112, NULL, 6, NULL, NULL, 1, 6, NULL, '2011-01-17', NULL, NULL, NULL, NULL, NULL, NULL, NULL, NULL, NULL, NULL, NULL, NULL, NULL, NULL),
	(113, ' MIRDCB-SRAS2-14-2010 ', '2012013', 113, NULL, 1, NULL, NULL, 1, 24, NULL, '2012-12-17', NULL, NULL, NULL, NULL, NULL, NULL, NULL, NULL, NULL, NULL, NULL, NULL, NULL, NULL),
	(114, ' MIRDCB-ADAS3-107-2004 ', '1978002', 114, NULL, 2, NULL, NULL, 1, 6, NULL, '1978-02-13', NULL, NULL, NULL, NULL, NULL, NULL, NULL, NULL, NULL, NULL, NULL, NULL, NULL, NULL),
	(115, ' MIRDCB-ADAS3-108-2004 ', '1981001', 115, NULL, 2, NULL, NULL, 1, 6, NULL, '1981-03-24', NULL, NULL, NULL, NULL, NULL, NULL, NULL, NULL, NULL, NULL, NULL, NULL, NULL, NULL),
	(116, ' MIRDCB-MTEK3-15-1998 ', '1992009', 116, NULL, 3, NULL, NULL, 1, 39, NULL, '1992-07-09', NULL, NULL, NULL, NULL, NULL, NULL, NULL, NULL, NULL, NULL, NULL, NULL, NULL, NULL),
	(117, ' MIRDCB-MTEK3-16-1998 ', '1989002', 117, NULL, 6, NULL, NULL, 1, 39, NULL, '1989-06-01', NULL, NULL, NULL, NULL, NULL, NULL, NULL, NULL, NULL, NULL, NULL, NULL, NULL, NULL),
	(118, ' MIRDCB-ADOF5-115-2004 ', '1990006', 118, NULL, 2, NULL, NULL, 1, 16, NULL, '1990-04-16', NULL, NULL, NULL, NULL, NULL, NULL, NULL, NULL, NULL, NULL, NULL, NULL, NULL, NULL),
	(119, ' MIRDCB-SVSRS-2-2010 ', '1992001', 119, NULL, 3, NULL, NULL, 1, 70, NULL, '1992-03-16', NULL, NULL, NULL, NULL, NULL, NULL, NULL, NULL, NULL, NULL, NULL, NULL, NULL, NULL),
	(120, '  MIRDCB-SRSRS-18-2010 ', '2016007', 120, NULL, 1, NULL, NULL, 1, 66, NULL, '2016-07-01', NULL, NULL, NULL, NULL, NULL, NULL, NULL, NULL, NULL, NULL, NULL, NULL, NULL, NULL),
	(121, ' MIRDCB-SRSRS-22-2010 ', '2014008', 121, NULL, 1, NULL, NULL, 1, 66, NULL, '2014-09-01', NULL, NULL, NULL, NULL, NULL, NULL, NULL, NULL, NULL, NULL, NULL, NULL, NULL, NULL),
	(122, ' MIRDCB-ADAS3-120-2004 ', '1980002', 122, NULL, 3, NULL, NULL, 1, 6, NULL, '1980-05-12', NULL, NULL, NULL, NULL, NULL, NULL, NULL, NULL, NULL, NULL, NULL, NULL, NULL, NULL),
	(123, ' MIRDCB-SRSRS-13-2010 ', '1988003', 123, NULL, 7, NULL, NULL, 1, 6, NULL, '1989-01-02', NULL, NULL, NULL, NULL, NULL, NULL, NULL, NULL, NULL, NULL, NULL, NULL, NULL, NULL),
	(124, ' MIRDCB-SRAS2-21-2010 ', '2011025', 124, NULL, 6, NULL, NULL, 1, 63, NULL, '2011-05-02', NULL, NULL, NULL, NULL, NULL, NULL, NULL, NULL, NULL, NULL, NULL, NULL, NULL, NULL),
	(125, ' MIRDCB-CSRS-21-2010 ', '1992004', 125, NULL, 6, NULL, NULL, 1, 20, NULL, '1992-04-20', NULL, NULL, NULL, NULL, NULL, NULL, NULL, NULL, NULL, NULL, NULL, NULL, NULL, NULL),
	(126, ' MIRDCB-ADOF3-113-2004 ', '2010021', 126, NULL, 2, NULL, NULL, 1, 12, NULL, '2010-12-29', NULL, NULL, NULL, NULL, NULL, NULL, NULL, NULL, NULL, NULL, NULL, NULL, NULL, NULL),
	(127, ' MIRDCB-ADAS3-114-2004 ', '1984003', 127, NULL, 7, NULL, NULL, 1, 6, NULL, '1984-09-16', NULL, NULL, NULL, NULL, NULL, NULL, NULL, NULL, NULL, NULL, NULL, NULL, NULL, NULL),
	(128, ' MIRDCB-SRAS2-17-2010 ', '2011010', 128, NULL, 6, NULL, NULL, 1, 63, NULL, '2011-01-17', NULL, NULL, NULL, NULL, NULL, NULL, NULL, NULL, NULL, NULL, NULL, NULL, NULL, NULL),
	(129, ' MIRDCB-MTEK3-5-1998 ', '2015012', 129, NULL, 6, NULL, NULL, 1, 39, NULL, '2015-10-27', NULL, NULL, NULL, NULL, NULL, NULL, NULL, NULL, NULL, NULL, NULL, NULL, NULL, NULL),
	(130, ' MIRDCB-ADAS1-17-2010 ', '2017004', 130, NULL, 4, NULL, NULL, 1, 9, NULL, '2017-10-16', NULL, NULL, NULL, NULL, NULL, NULL, NULL, NULL, NULL, NULL, NULL, NULL, NULL, NULL),
	(131, ' MIRDCB-PCE3-2-1998 ', '2018003', 131, NULL, NULL, NULL, NULL, 1, NULL, NULL, '1987-10-30', NULL, NULL, NULL, NULL, NULL, NULL, NULL, NULL, NULL, 2, NULL, NULL, '2018-11-06 02:26:47', NULL),
	(132, ' MIRDCB-LABI1-2-1998 ', '1990002', 132, NULL, 6, NULL, NULL, 1, 19, NULL, '2018-02-05', NULL, NULL, NULL, NULL, NULL, NULL, NULL, NULL, NULL, NULL, NULL, NULL, NULL, NULL),
	(133, ' MIRDCB-ENG1-2-2012 ', '2017003', 133, NULL, 2, NULL, NULL, 1, 14, NULL, '2017-09-04', NULL, NULL, NULL, NULL, NULL, NULL, NULL, NULL, NULL, NULL, NULL, NULL, NULL, NULL),
	(134, ' MIRDCB-TRNSP1-3-1998 ', '2018002', 134, NULL, NULL, NULL, NULL, 1, NULL, NULL, '2018-02-05', NULL, NULL, NULL, NULL, NULL, NULL, NULL, NULL, NULL, NULL, NULL, NULL, NULL, NULL),
	(135, ' MIRDCB-ADAS1-113-2004 ', '2017007', 135, NULL, 1, NULL, NULL, 1, 35, NULL, '2017-12-18', NULL, NULL, NULL, NULL, NULL, NULL, NULL, NULL, NULL, NULL, NULL, NULL, NULL, NULL),
	(136, ' MIRDCB-SRSRS-8-1998 ', '2011036', 136, NULL, 6, NULL, NULL, 1, 66, NULL, '2011-09-26', NULL, NULL, NULL, NULL, NULL, NULL, NULL, NULL, NULL, NULL, NULL, NULL, NULL, NULL),
	(137, 'MIRDCB-SRAS2-12-2010', '2011014', 137, NULL, 1, NULL, NULL, 1, 66, NULL, '2011-02-01', NULL, NULL, NULL, NULL, NULL, NULL, NULL, NULL, NULL, NULL, NULL, NULL, NULL, NULL),
	(138, ' MIRDCB-MTEK3-1-1998 ', '1985008', 138, NULL, 3, NULL, NULL, 1, 39, NULL, '1985-10-10', NULL, NULL, NULL, NULL, NULL, NULL, NULL, NULL, NULL, NULL, NULL, NULL, NULL, NULL),
	(139, ' MIRDCB-SRAS2-15-2010 ', '2012007', 139, NULL, 6, NULL, NULL, 1, 63, NULL, '2012-04-02', NULL, NULL, NULL, NULL, NULL, NULL, NULL, NULL, NULL, NULL, NULL, NULL, NULL, NULL),
	(140, ' MIRDCB-MTEK3-7-1998 ', '1990005', 140, NULL, 6, NULL, NULL, 1, 39, NULL, '1990-03-01', NULL, NULL, NULL, NULL, NULL, NULL, NULL, NULL, NULL, NULL, NULL, NULL, NULL, NULL),
	(141, ' MIRDCB-SRAS2-15-2010 ', '2015002', 141, NULL, 7, NULL, NULL, 1, NULL, NULL, '2015-03-25', NULL, NULL, NULL, NULL, NULL, NULL, NULL, NULL, NULL, NULL, NULL, NULL, NULL, NULL),
	(142, ' MIRDCB-SRAS2-13-2010 ', '2011001', 142, NULL, 7, NULL, NULL, 1, 63, NULL, '1996-12-06', NULL, NULL, NULL, NULL, NULL, NULL, NULL, NULL, NULL, NULL, NULL, NULL, NULL, NULL),
	(143, 'MIRDCB-MTEK5-4-1998', '1978005', 143, NULL, 6, NULL, NULL, 1, 50, NULL, '1978-05-02', NULL, NULL, NULL, NULL, NULL, NULL, NULL, NULL, NULL, NULL, NULL, NULL, NULL, NULL),
	(144, ' MIRDCB-PLO3-10-2010 ', '2014010', 144, NULL, 5, NULL, NULL, 1, 53, NULL, '2014-12-16', NULL, NULL, NULL, NULL, NULL, NULL, NULL, NULL, NULL, NULL, NULL, NULL, NULL, NULL),
	(145, ' MIRDCB-SVSRS-5-2010 ', '1994001', 145, NULL, 6, NULL, NULL, 1, 70, NULL, '1994-06-01', NULL, NULL, NULL, NULL, NULL, NULL, NULL, NULL, NULL, NULL, NULL, NULL, NULL, NULL),
	(146, ' MIRDCB-SVSRS-6-2010 ', '1994002', 146, NULL, 7, NULL, NULL, 1, 70, NULL, '1994-08-15', NULL, NULL, NULL, NULL, NULL, NULL, NULL, NULL, NULL, NULL, NULL, NULL, NULL, NULL),
	(147, ' MIRDCB-ADA6-123-2004 ', '2012009', 147, NULL, 2, NULL, NULL, 1, 3, NULL, '2012-09-10', NULL, NULL, NULL, NULL, NULL, NULL, NULL, NULL, NULL, NULL, NULL, NULL, NULL, NULL),
	(148, ' MIRDCB-MTEK4-11-1998 ', '1992002', 148, NULL, 6, NULL, NULL, 1, 40, NULL, '1992-03-24', NULL, NULL, NULL, NULL, NULL, NULL, NULL, NULL, NULL, NULL, NULL, NULL, NULL, NULL),
	(149, ' MIRDCB-CADOF-1-2012 ', '2014006', 149, NULL, 2, NULL, NULL, 1, 19, NULL, '1993-10-18', NULL, NULL, NULL, NULL, NULL, NULL, NULL, NULL, NULL, NULL, NULL, NULL, NULL, NULL),
	(150, ' MIRDCB-PLO2-10-2010 ', '2014002', 150, NULL, 5, NULL, NULL, 1, 53, NULL, '2014-04-01', NULL, NULL, NULL, NULL, NULL, NULL, NULL, NULL, NULL, NULL, NULL, NULL, NULL, NULL),
	(151, ' MIRDCB-ADA3-112-2004 ', '2017002', 151, NULL, 2, NULL, NULL, 1, 3, NULL, '2017-09-04', NULL, NULL, NULL, NULL, NULL, NULL, NULL, NULL, NULL, NULL, NULL, NULL, NULL, NULL),
	(152, ' MIRDCB-ADAS3-109-2004 ', '2011030', 152, NULL, 3, NULL, NULL, 1, NULL, NULL, '2011-05-17', NULL, NULL, NULL, NULL, NULL, NULL, NULL, NULL, NULL, NULL, NULL, NULL, NULL, NULL),
	(153, ' MIRDCB-SRAS2-10-2010 ', '2011026', 153, NULL, 3, NULL, NULL, 1, 63, NULL, '2011-05-09', NULL, NULL, NULL, NULL, NULL, NULL, NULL, NULL, NULL, NULL, NULL, NULL, NULL, NULL),
	(154, ' MIRDCB-ADA4-124-2004 ', '2016011', 154, NULL, 2, NULL, NULL, 1, 2, NULL, '2016-12-01', NULL, NULL, NULL, NULL, NULL, NULL, NULL, NULL, NULL, NULL, NULL, NULL, NULL, NULL),
	(155, ' MIRDCB-LABI2-5-1998 ', '2010003', 155, NULL, 1, NULL, NULL, 1, 33, NULL, '2010-02-01', NULL, NULL, NULL, NULL, NULL, NULL, NULL, NULL, NULL, NULL, NULL, NULL, NULL, NULL),
	(156, ' MIRDCB-TRNSP2-4-1998 ', '2015014', 156, NULL, 7, NULL, NULL, 1, 72, NULL, '2015-12-21', NULL, NULL, NULL, NULL, NULL, NULL, NULL, NULL, NULL, NULL, NULL, NULL, NULL, NULL),
	(157, ' MIRDCB-ADAS4-123-2004 ', '2013007', 157, NULL, 2, NULL, NULL, 1, 7, NULL, '2013-07-11', NULL, NULL, NULL, NULL, NULL, NULL, NULL, NULL, NULL, NULL, NULL, NULL, NULL, NULL),
	(158, ' MIRDCB-ADOF1-117-2004 ', '2017005', 158, NULL, 2, NULL, NULL, 1, 12, NULL, '2017-10-19', NULL, NULL, NULL, NULL, NULL, NULL, NULL, NULL, NULL, NULL, NULL, NULL, NULL, NULL),
	(159, ' MIRDCB-SADOF-104-2004 ', '2003002', 159, NULL, 2, NULL, NULL, 1, 69, NULL, '2003-06-02', NULL, NULL, NULL, NULL, NULL, NULL, NULL, NULL, NULL, NULL, NULL, NULL, NULL, NULL),
	(160, ' MIRDCB-SRSRS-12-2010 ', '1992005', 160, NULL, 7, NULL, NULL, 1, 66, NULL, '1992-04-27', NULL, NULL, NULL, NULL, NULL, NULL, NULL, NULL, NULL, NULL, NULL, NULL, NULL, NULL),
	(161, ' MIRDCB-SRSRS-16-2010 ', '2013001', 161, NULL, 1, NULL, NULL, 1, 66, NULL, '2013-03-18', NULL, NULL, NULL, NULL, NULL, NULL, NULL, NULL, NULL, NULL, NULL, NULL, NULL, NULL),
	(162, ' MIRDCB-CSRS-2-1998 ', '1990014', 162, NULL, 1, NULL, NULL, 1, 20, NULL, '1990-12-18', NULL, NULL, NULL, NULL, NULL, NULL, NULL, NULL, NULL, NULL, NULL, NULL, NULL, NULL),
	(163, ' MIRDCB-ADOF4-111-2004 ', '2016008', 163, NULL, 2, NULL, NULL, 1, 15, NULL, '2004-12-29', NULL, NULL, NULL, NULL, NULL, NULL, NULL, NULL, NULL, NULL, NULL, NULL, NULL, NULL),
	(164, ' MIRDCB-DCTL2-6-2010 ', '1989001', 164, NULL, 5, NULL, NULL, 1, 17, NULL, '1989-04-24', NULL, NULL, NULL, NULL, NULL, NULL, NULL, NULL, NULL, NULL, NULL, NULL, NULL, NULL),
	(165, ' MIRDCB-SRSRS-7-2010 ', '2008003', 165, NULL, 3, NULL, NULL, 1, 66, NULL, '2008-11-03', NULL, NULL, NULL, NULL, NULL, NULL, NULL, NULL, NULL, NULL, NULL, NULL, NULL, NULL),
	(166, ' MIRDCB-MTEK3-12-2010 ', '1995004', 166, NULL, 7, NULL, NULL, 1, 39, NULL, '1995-03-23', NULL, NULL, NULL, NULL, NULL, NULL, NULL, NULL, NULL, NULL, NULL, NULL, NULL, NULL),
	(167, ' MIRDCB-ADA3-116-2004 ', '2010012', 167, NULL, 2, NULL, NULL, 1, 3, NULL, '2010-11-22', NULL, NULL, NULL, NULL, NULL, NULL, NULL, NULL, NULL, NULL, NULL, NULL, NULL, NULL),
	(168, ' MIRDCB-ADOF5-113-2004 ', '1995006', 168, NULL, 2, NULL, NULL, 1, 16, NULL, '1995-06-13', NULL, NULL, NULL, NULL, NULL, NULL, NULL, NULL, NULL, NULL, NULL, NULL, NULL, NULL),
	(169, ' MIRDCB-CSRS-22-2010 ', '1996001', 169, NULL, 1, NULL, NULL, 1, 38, NULL, '1990-02-26', NULL, NULL, NULL, NULL, NULL, NULL, NULL, NULL, NULL, NULL, NULL, NULL, NULL, NULL),
	(170, ' MIRDCB-MTEK2-9-1998 ', '1990004', 170, NULL, 7, NULL, NULL, 1, 38, NULL, '1996-03-01', NULL, NULL, NULL, NULL, NULL, NULL, NULL, NULL, NULL, NULL, NULL, NULL, NULL, NULL),
	(171, ' MIRDCB-SRSRS-21-2010 ', '1994004', 171, NULL, 7, NULL, NULL, 1, 66, NULL, '1994-12-16', NULL, NULL, NULL, NULL, NULL, NULL, NULL, NULL, NULL, NULL, NULL, NULL, NULL, NULL),
	(172, ' MIRDCB-SRAS2-19-2010 ', '2014007', 172, NULL, 1, NULL, NULL, 1, 63, NULL, '2014-08-04', NULL, NULL, NULL, NULL, NULL, NULL, NULL, NULL, NULL, NULL, NULL, NULL, NULL, NULL),
	(173, ' MIRDCB-ADOF4-108-2004 ', '2015004', 173, NULL, 2, NULL, NULL, 1, 15, NULL, '2010-03-25', NULL, NULL, NULL, NULL, NULL, NULL, NULL, NULL, NULL, NULL, NULL, NULL, NULL, NULL),
	(174, 'MIRDCB-DED3-1-1998', '1990003', 174, NULL, 4, NULL, NULL, 1, 18, NULL, '1990-02-26', NULL, NULL, NULL, NULL, NULL, NULL, NULL, NULL, NULL, NULL, NULL, NULL, NULL, NULL),
	(175, 'MIRDCB-SRSRS-10-2010', '2011035', 175, NULL, 7, NULL, NULL, 1, 63, NULL, '2011-09-26', NULL, NULL, NULL, NULL, NULL, NULL, NULL, NULL, NULL, NULL, NULL, NULL, NULL, NULL),
	(176, ' MIRDCB-A4-1-1998 ', '2015007', 176, NULL, 2, NULL, NULL, 1, 1, NULL, '2013-10-01', NULL, NULL, NULL, NULL, NULL, NULL, NULL, NULL, NULL, NULL, NULL, NULL, NULL, NULL),
	(177, ' MIRDCB-ADOF4-109-2004 ', '1993007', 177, NULL, 2, NULL, NULL, 1, 15, NULL, '1993-12-16', NULL, NULL, NULL, NULL, NULL, NULL, NULL, NULL, NULL, NULL, NULL, NULL, NULL, NULL),
	(178, ' MIRDCB-ADAS3-126-2004 ', '1976001', 178, NULL, 3, NULL, NULL, 1, 6, NULL, '1977-04-01', NULL, NULL, NULL, NULL, NULL, NULL, NULL, NULL, NULL, NULL, NULL, NULL, NULL, NULL),
	(179, ' MIRDCB-ADOF2-114-2004 ', '1987007', 179, NULL, 7, NULL, NULL, 1, 14, NULL, '1987-09-21', NULL, NULL, NULL, NULL, NULL, NULL, NULL, NULL, NULL, NULL, NULL, NULL, NULL, NULL),
	(180, ' MIRDCB-MTEK2-3-1998 ', '2016004', 180, NULL, 3, NULL, NULL, 1, 38, NULL, '2016-02-22', NULL, NULL, NULL, NULL, NULL, NULL, NULL, NULL, NULL, NULL, NULL, NULL, NULL, NULL),
	(181, 'MIRDCB-LABT1-4-1998', '2012002', 181, NULL, 1, NULL, NULL, 1, 35, NULL, '2012-01-02', NULL, NULL, NULL, NULL, NULL, NULL, NULL, NULL, NULL, NULL, NULL, NULL, NULL, NULL),
	(182, ' MIRDCB-ADAS5-121-2004 ', '1978003', 182, NULL, 2, NULL, NULL, 1, 11, NULL, '1978-03-01', NULL, NULL, NULL, NULL, NULL, NULL, NULL, NULL, NULL, NULL, NULL, NULL, NULL, NULL),
	(183, ' MIRDCB-SRSRS-13-1998 ', '1991001', 183, NULL, 1, NULL, NULL, 1, 66, NULL, '1991-08-16', NULL, NULL, NULL, NULL, NULL, NULL, NULL, NULL, NULL, NULL, NULL, NULL, NULL, NULL),
	(184, ' MIRDCB-ADAS3-119-2004 ', '2012003', 184, NULL, 5, NULL, NULL, 1, 10, NULL, '2012-01-05', NULL, NULL, NULL, NULL, NULL, NULL, NULL, NULL, NULL, NULL, NULL, NULL, NULL, NULL),
	(185, ' MIRDCB-ADOF5-110-2004 ', '1979002', 185, NULL, 2, NULL, NULL, 1, 16, NULL, '1979-05-14', NULL, NULL, NULL, NULL, NULL, NULL, NULL, NULL, NULL, NULL, NULL, NULL, NULL, NULL),
	(186, 'MIRDCB-SRSRS-19-2010', '2012004', 186, NULL, 6, NULL, NULL, 1, 66, NULL, '2012-02-15', NULL, NULL, NULL, NULL, NULL, NULL, NULL, NULL, NULL, NULL, NULL, NULL, NULL, NULL),
	(187, ' MIRDCB-MTEK2-17-1998 ', '1992008', 187, NULL, 3, NULL, NULL, 1, 38, NULL, '1992-07-06', NULL, NULL, NULL, NULL, NULL, NULL, NULL, NULL, NULL, NULL, NULL, NULL, NULL, NULL),
	(188, ' MIRDCB-ADOF4-110-2004 ', '1994005', 188, NULL, 2, NULL, NULL, 1, 15, NULL, '1994-12-16', NULL, NULL, NULL, NULL, NULL, NULL, NULL, NULL, NULL, NULL, NULL, NULL, NULL, NULL),
	(189, ' MIRDCB-ADAS3-110-2004 ', '1993003', 189, NULL, 3, NULL, NULL, 1, 10, NULL, '1993-10-18', NULL, NULL, NULL, NULL, NULL, NULL, NULL, NULL, NULL, NULL, NULL, NULL, NULL, NULL),
	(190, 'MIRDCB-SRSRS-11-2010', '1987011', 190, NULL, 7, NULL, NULL, 1, 66, NULL, '1987-11-26', NULL, NULL, NULL, NULL, NULL, NULL, NULL, NULL, NULL, NULL, NULL, NULL, NULL, NULL),
	(191, ' MIRDCB-MTEK2-16-1998 ', '2016001', 191, NULL, 6, NULL, NULL, 1, 38, NULL, '2016-01-07', NULL, NULL, NULL, NULL, NULL, NULL, NULL, NULL, NULL, NULL, NULL, NULL, NULL, NULL),
	(192, ' MIRDCB-MTEK4-8-1998 ', '1985003', 192, NULL, 1, NULL, NULL, 1, 40, NULL, '1985-03-21', NULL, NULL, NULL, NULL, NULL, NULL, NULL, NULL, NULL, NULL, NULL, NULL, NULL, NULL),
	(193, ' MIRDCB-ADOF5-107-2004 ', '1990009', 193, NULL, 2, NULL, NULL, 1, 16, NULL, '1990-06-21', NULL, NULL, NULL, NULL, NULL, NULL, NULL, NULL, NULL, NULL, NULL, NULL, NULL, NULL),
	(194, ' MIRDCB-ADAS5-12-2010 ', '1978001', 194, NULL, 6, NULL, NULL, 1, 8, NULL, '1978-01-27', NULL, NULL, NULL, NULL, NULL, NULL, NULL, NULL, NULL, NULL, NULL, NULL, NULL, NULL),
	(195, ' MIRDCB-MTEK4-9-1998 ', '1993005', 195, NULL, 3, NULL, NULL, 1, 40, NULL, '1993-11-16', NULL, NULL, NULL, NULL, NULL, NULL, NULL, NULL, NULL, NULL, NULL, NULL, NULL, NULL),
	(196, ' MIRDCB-ADAS3-121-2004 ', '1979001', 196, NULL, 6, NULL, NULL, 1, 6, NULL, '1979-04-27', NULL, NULL, NULL, NULL, NULL, NULL, NULL, NULL, NULL, NULL, NULL, NULL, NULL, NULL),
	(197, ' MIRDCB-ADA4-125-2004 ', '2010013', 197, NULL, 2, NULL, NULL, 1, 3, NULL, '2010-12-01', NULL, NULL, NULL, NULL, NULL, NULL, NULL, NULL, NULL, NULL, NULL, NULL, NULL, NULL),
	(198, ' MIRDCB-ADA4-125-2004 ', '2016012', 198, NULL, 2, NULL, NULL, 1, 3, NULL, '2016-12-01', NULL, NULL, NULL, NULL, NULL, NULL, NULL, NULL, NULL, NULL, NULL, NULL, NULL, NULL),
	(199, ' MIRDCB-ADOF4-113-2004 ', '1978009', 199, NULL, 7, NULL, NULL, 1, 15, NULL, '1978-12-01', NULL, NULL, NULL, NULL, NULL, NULL, NULL, NULL, NULL, NULL, NULL, NULL, NULL, NULL),
	(200, ' MIRDCB-PLO1-6-2010 ', '2014004', 200, NULL, 5, NULL, NULL, 1, 52, NULL, '2014-05-15', NULL, NULL, NULL, NULL, NULL, NULL, NULL, NULL, NULL, NULL, NULL, NULL, NULL, NULL),
	(201, ' MIRDCB-ADA6-121-2004 ', '2018001', 201, NULL, NULL, NULL, NULL, 1, NULL, NULL, '2018-02-05', NULL, NULL, NULL, NULL, NULL, NULL, NULL, NULL, NULL, NULL, NULL, NULL, NULL, NULL),
	(202, ' MIRDCB-MTEK3-8-1998 ', '1987005', 202, NULL, 6, NULL, NULL, 1, 40, NULL, '1987-08-17', NULL, NULL, NULL, NULL, NULL, NULL, NULL, NULL, NULL, NULL, NULL, NULL, NULL, NULL),
	(203, ' MIRDCB-CSRS-1-2001 ', '1987014', 203, NULL, 3, NULL, NULL, 1, 70, NULL, '1987-12-01', NULL, NULL, NULL, NULL, NULL, NULL, NULL, NULL, NULL, NULL, NULL, NULL, NULL, NULL),
	(204, ' MIRDCB-MTEK1-8-1998 ', '2011006', 204, NULL, 3, NULL, NULL, 1, 37, NULL, '2011-01-13', NULL, NULL, NULL, NULL, NULL, NULL, NULL, NULL, NULL, NULL, NULL, NULL, NULL, NULL),
	(205, ' MIRDCB-ADAS1-110-2004 ', '2015013', 205, NULL, 6, NULL, NULL, 1, 6, NULL, '2015-11-03', NULL, NULL, NULL, NULL, NULL, NULL, NULL, NULL, NULL, NULL, NULL, NULL, NULL, NULL),
	(206, ' MIRDCB-MTEK3-12-1998 ', '1984002', 206, NULL, 3, NULL, NULL, 1, 39, NULL, '1984-09-05', NULL, NULL, NULL, NULL, NULL, NULL, NULL, NULL, NULL, NULL, NULL, NULL, NULL, NULL),
	(207, ' MIRDCB-MTEK3-9-1998 ', '1995003', 207, NULL, 6, NULL, NULL, 1, 39, NULL, '1995-03-16', NULL, NULL, NULL, NULL, NULL, NULL, NULL, NULL, NULL, NULL, NULL, NULL, NULL, NULL),
	(208, ' MIRDCB-ADA6-115-2004 ', '2018004', 208, NULL, 3, NULL, NULL, 1, 66, NULL, '2018-02-05', NULL, NULL, NULL, NULL, NULL, NULL, NULL, NULL, NULL, NULL, NULL, NULL, NULL, NULL),
	(209, ' MIRDCB-SRAS2-3-1998 ', '2011016', 209, NULL, 6, NULL, NULL, 1, 63, NULL, '2011-04-04', NULL, NULL, NULL, NULL, NULL, NULL, NULL, NULL, NULL, NULL, NULL, NULL, NULL, NULL),
	(210, 'MIRDCB-SRAS2-2-1998', '2011022', 210, NULL, 3, NULL, NULL, 1, 63, NULL, '2011-02-07', NULL, NULL, NULL, NULL, NULL, NULL, NULL, NULL, NULL, NULL, NULL, NULL, NULL, NULL),
	(211, ' MIRDCB-ATY4-1-2010 ', '2011007', 211, NULL, 4, NULL, NULL, 1, 18, NULL, '2011-01-17', NULL, NULL, NULL, NULL, NULL, NULL, NULL, NULL, NULL, NULL, NULL, NULL, NULL, NULL),
	(212, ' MIRDCB-INFOSA2-8-2010 ', '1989007', 212, NULL, 7, NULL, NULL, 1, 68, NULL, '1989-11-02', NULL, NULL, NULL, NULL, NULL, NULL, NULL, NULL, NULL, NULL, NULL, NULL, NULL, NULL),
	(213, ' MIRDCB-ADOF2-111-2004 ', '2011004', 213, NULL, 2, NULL, NULL, 1, 13, NULL, '2011-01-12', NULL, NULL, NULL, NULL, NULL, NULL, NULL, NULL, NULL, NULL, NULL, NULL, NULL, NULL),
	(214, ' MIRDCB-ADOF2-115-2004 ', '1987008', 214, NULL, 7, NULL, NULL, 1, 71, NULL, '1987-10-08', NULL, NULL, NULL, NULL, NULL, NULL, NULL, NULL, NULL, NULL, NULL, NULL, NULL, NULL),
	(215, 'MIRDCB-ECET3-2-2005', '2011005', 215, NULL, 1, NULL, NULL, 1, 23, NULL, '2011-01-12', NULL, NULL, NULL, NULL, NULL, NULL, NULL, NULL, NULL, NULL, NULL, NULL, NULL, NULL),
	(216, '0', '3122', 216, NULL, NULL, NULL, NULL, 11, NULL, NULL, NULL, NULL, NULL, NULL, NULL, NULL, NULL, NULL, NULL, NULL, 2, NULL, NULL, '2018-08-27 12:10:33', NULL),
	(217, '0', '3376', 217, NULL, NULL, NULL, NULL, 11, NULL, NULL, NULL, NULL, NULL, NULL, NULL, NULL, NULL, NULL, NULL, NULL, 2, NULL, NULL, '2018-08-27 12:11:04', NULL),
	(218, '0', '3383', 218, NULL, NULL, NULL, NULL, 11, NULL, NULL, NULL, NULL, NULL, NULL, NULL, NULL, NULL, NULL, NULL, NULL, 2, NULL, NULL, '2018-08-27 12:11:15', NULL),
	(219, '0', '3397', 219, NULL, NULL, NULL, NULL, 11, NULL, NULL, NULL, NULL, NULL, NULL, NULL, NULL, NULL, NULL, NULL, NULL, 2, NULL, NULL, '2018-08-27 12:11:26', NULL),
	(220, '0', '3312', 220, NULL, NULL, NULL, NULL, 11, NULL, NULL, NULL, NULL, NULL, NULL, NULL, NULL, NULL, NULL, NULL, NULL, 2, NULL, NULL, '2018-08-27 12:07:14', NULL),
	(221, '0', '3338', 221, NULL, NULL, NULL, NULL, 11, NULL, NULL, NULL, NULL, NULL, NULL, NULL, NULL, NULL, NULL, NULL, NULL, 2, NULL, NULL, '2018-08-27 12:15:25', NULL),
	(222, '0', '3359', 222, NULL, NULL, NULL, NULL, 11, NULL, NULL, NULL, NULL, NULL, NULL, NULL, NULL, NULL, NULL, NULL, NULL, 2, NULL, NULL, '2018-08-27 12:15:50', NULL),
	(223, '0', '3255', 223, NULL, NULL, NULL, NULL, 11, NULL, NULL, NULL, NULL, NULL, NULL, NULL, NULL, NULL, NULL, NULL, NULL, 2, NULL, NULL, '2018-08-27 12:16:11', NULL),
	(224, '0', '3363', 224, NULL, NULL, NULL, NULL, 11, NULL, NULL, NULL, NULL, NULL, NULL, NULL, NULL, NULL, NULL, NULL, NULL, 2, NULL, NULL, '2018-08-27 12:16:28', NULL),
	(225, '0', '3396', 225, NULL, NULL, NULL, NULL, 11, NULL, NULL, NULL, NULL, NULL, NULL, NULL, NULL, NULL, NULL, NULL, NULL, 2, NULL, NULL, '2018-08-27 12:16:45', NULL),
	(226, '0', '3365', 226, NULL, NULL, NULL, NULL, 11, NULL, NULL, NULL, NULL, NULL, NULL, NULL, NULL, NULL, NULL, NULL, NULL, 2, NULL, NULL, '2018-08-27 12:10:15', NULL),
	(227, '0', '3226', 227, NULL, NULL, NULL, NULL, 12, NULL, NULL, NULL, NULL, NULL, NULL, NULL, NULL, NULL, NULL, NULL, NULL, 2, NULL, NULL, '2018-08-27 12:32:52', NULL),
	(228, '0', '3214', 228, NULL, NULL, NULL, NULL, 12, NULL, NULL, NULL, NULL, NULL, NULL, NULL, NULL, NULL, NULL, NULL, NULL, 2, NULL, NULL, '2018-08-27 12:34:12', NULL),
	(229, '0', '3262', 229, NULL, 1, NULL, NULL, 12, 33, NULL, NULL, NULL, NULL, NULL, NULL, NULL, NULL, NULL, NULL, NULL, 2, NULL, NULL, '2018-08-27 12:34:46', NULL),
	(230, '0', '3368', 230, NULL, NULL, NULL, NULL, 12, NULL, NULL, NULL, NULL, NULL, NULL, NULL, NULL, NULL, NULL, NULL, NULL, 2, NULL, NULL, '2018-08-27 12:35:59', NULL),
	(231, '0', '9004', 231, NULL, NULL, NULL, NULL, 12, NULL, NULL, NULL, NULL, NULL, NULL, NULL, NULL, NULL, NULL, NULL, NULL, 2, NULL, NULL, '2018-08-27 12:36:29', NULL),
	(232, '0', '9011', 232, NULL, NULL, NULL, NULL, 12, NULL, NULL, NULL, NULL, NULL, NULL, NULL, NULL, NULL, NULL, NULL, NULL, 2, NULL, NULL, '2018-08-27 12:36:58', NULL),
	(233, '0', '3331', 233, NULL, NULL, NULL, NULL, 12, NULL, NULL, NULL, NULL, NULL, NULL, NULL, NULL, NULL, NULL, NULL, NULL, 2, NULL, NULL, '2018-11-06 06:53:59', NULL),
	(234, '0', '3193', 234, NULL, NULL, NULL, NULL, 12, NULL, NULL, NULL, NULL, NULL, NULL, NULL, NULL, NULL, NULL, NULL, NULL, NULL, NULL, NULL, NULL, NULL),
	(235, '0', '3109', 235, NULL, NULL, NULL, NULL, 12, NULL, NULL, NULL, NULL, NULL, NULL, NULL, NULL, NULL, NULL, NULL, NULL, NULL, NULL, NULL, NULL, NULL),
	(236, '0', '3061', 236, NULL, NULL, NULL, NULL, 12, NULL, NULL, NULL, NULL, NULL, NULL, NULL, NULL, NULL, NULL, NULL, NULL, NULL, NULL, NULL, NULL, NULL),
	(237, '0', '3060', 237, NULL, NULL, NULL, NULL, 12, NULL, NULL, NULL, NULL, NULL, NULL, NULL, NULL, NULL, NULL, NULL, NULL, NULL, NULL, NULL, NULL, NULL),
	(238, '0', '3333', 238, NULL, NULL, NULL, NULL, 12, NULL, NULL, NULL, NULL, NULL, NULL, NULL, NULL, NULL, NULL, NULL, NULL, NULL, NULL, NULL, NULL, NULL),
	(239, '0', '9012', 239, NULL, NULL, NULL, NULL, 12, NULL, NULL, NULL, NULL, NULL, NULL, NULL, NULL, NULL, NULL, NULL, NULL, NULL, NULL, NULL, NULL, NULL),
	(240, '0', '9013', 240, NULL, NULL, NULL, NULL, 12, NULL, NULL, NULL, NULL, NULL, NULL, NULL, NULL, NULL, NULL, NULL, NULL, NULL, NULL, NULL, NULL, NULL),
	(241, '0', '3221', 241, NULL, NULL, NULL, NULL, 12, NULL, NULL, NULL, NULL, NULL, NULL, NULL, NULL, NULL, NULL, NULL, NULL, NULL, NULL, NULL, NULL, NULL),
	(242, '0', '3364', 242, NULL, NULL, NULL, NULL, 12, NULL, NULL, NULL, NULL, NULL, NULL, NULL, NULL, NULL, NULL, NULL, NULL, NULL, NULL, NULL, NULL, NULL),
	(243, '0', '3386', 243, NULL, NULL, NULL, NULL, 12, NULL, NULL, NULL, NULL, NULL, NULL, NULL, NULL, NULL, NULL, NULL, NULL, NULL, NULL, NULL, NULL, NULL),
	(244, '0', '9014', 244, NULL, NULL, NULL, NULL, 12, NULL, NULL, NULL, NULL, NULL, NULL, NULL, NULL, NULL, NULL, NULL, NULL, NULL, NULL, NULL, NULL, NULL),
	(245, '0', '9001', 245, NULL, 3, NULL, NULL, 3, 67, NULL, NULL, NULL, NULL, NULL, NULL, NULL, NULL, NULL, NULL, NULL, NULL, NULL, NULL, NULL, NULL),
	(246, '0', '3387', 246, NULL, 7, NULL, NULL, 3, 61, NULL, NULL, NULL, NULL, NULL, NULL, NULL, NULL, NULL, NULL, NULL, NULL, NULL, NULL, NULL, NULL),
	(247, '0', '3253', 247, NULL, 3, NULL, NULL, 3, 62, NULL, NULL, NULL, NULL, NULL, NULL, NULL, NULL, NULL, NULL, NULL, NULL, NULL, NULL, NULL, NULL),
	(248, '0', '3251', 248, NULL, 6, NULL, NULL, 3, 38, NULL, NULL, NULL, NULL, NULL, NULL, NULL, NULL, NULL, NULL, NULL, NULL, NULL, NULL, NULL, NULL),
	(249, '0', '3395', 249, NULL, 2, NULL, NULL, 3, 2, NULL, NULL, NULL, NULL, NULL, NULL, NULL, NULL, NULL, NULL, NULL, NULL, NULL, NULL, NULL, NULL),
	(250, '0', '9002', 250, NULL, 6, NULL, NULL, 3, 67, NULL, NULL, NULL, NULL, NULL, NULL, NULL, NULL, NULL, NULL, NULL, NULL, NULL, NULL, NULL, NULL),
	(251, '0', '3332', 251, NULL, 3, NULL, NULL, 3, 67, NULL, NULL, NULL, NULL, NULL, NULL, NULL, NULL, NULL, NULL, NULL, NULL, NULL, NULL, NULL, NULL),
	(252, '0', '3216', 252, NULL, 3, NULL, NULL, 3, 31, NULL, NULL, NULL, NULL, NULL, NULL, NULL, NULL, NULL, NULL, NULL, NULL, NULL, NULL, NULL, NULL),
	(253, '0', '3099', 253, NULL, 2, NULL, NULL, 3, 13, NULL, NULL, NULL, NULL, NULL, NULL, NULL, NULL, NULL, NULL, NULL, NULL, NULL, NULL, NULL, NULL),
	(254, '0', '3372', 254, NULL, 2, NULL, NULL, 3, 13, NULL, NULL, NULL, NULL, NULL, NULL, NULL, NULL, NULL, NULL, NULL, NULL, NULL, NULL, NULL, NULL),
	(255, '0', '3154', 255, NULL, 1, NULL, NULL, 3, 31, NULL, NULL, NULL, NULL, NULL, NULL, NULL, NULL, NULL, NULL, NULL, NULL, NULL, NULL, NULL, NULL),
	(256, '0', '9003', 256, NULL, 6, NULL, NULL, 3, 67, NULL, NULL, NULL, NULL, NULL, NULL, NULL, NULL, NULL, NULL, NULL, NULL, NULL, NULL, NULL, NULL),
	(257, '0', '3064', 257, NULL, 3, NULL, NULL, 3, 31, NULL, NULL, NULL, NULL, NULL, NULL, NULL, NULL, NULL, NULL, NULL, NULL, NULL, NULL, NULL, NULL),
	(258, '0', '3321', 258, NULL, 3, NULL, NULL, 3, 30, NULL, NULL, NULL, NULL, NULL, NULL, NULL, NULL, NULL, NULL, NULL, NULL, NULL, NULL, NULL, NULL),
	(259, '0', '3245', 259, NULL, 6, NULL, NULL, 3, 21, NULL, NULL, NULL, NULL, NULL, NULL, NULL, NULL, NULL, NULL, NULL, NULL, NULL, NULL, NULL, NULL),
	(260, '0', '3130', 260, NULL, 3, NULL, NULL, 3, 31, NULL, NULL, NULL, NULL, NULL, NULL, NULL, NULL, NULL, NULL, NULL, NULL, NULL, NULL, NULL, NULL),
	(261, '0', '3380', 261, NULL, 1, NULL, NULL, 3, 63, NULL, NULL, NULL, NULL, NULL, NULL, NULL, NULL, NULL, NULL, NULL, NULL, NULL, NULL, NULL, NULL),
	(262, '0', '3389', 262, NULL, 7, NULL, NULL, 3, 21, NULL, NULL, NULL, NULL, NULL, NULL, NULL, NULL, NULL, NULL, NULL, NULL, NULL, NULL, NULL, NULL),
	(263, '0', '3288', 263, NULL, 2, NULL, NULL, 3, 15, NULL, NULL, NULL, NULL, NULL, NULL, NULL, NULL, NULL, NULL, NULL, NULL, NULL, NULL, NULL, NULL),
	(264, '0', '9009', 264, NULL, 3, NULL, NULL, 3, 60, NULL, NULL, NULL, NULL, NULL, NULL, NULL, NULL, NULL, NULL, NULL, NULL, NULL, NULL, NULL, NULL),
	(265, '0', '9010', 265, NULL, 3, NULL, NULL, 3, 67, NULL, NULL, NULL, NULL, NULL, NULL, NULL, NULL, NULL, NULL, NULL, NULL, NULL, NULL, NULL, NULL),
	(266, '0', '3353', 266, NULL, 1, NULL, NULL, 3, 36, NULL, NULL, NULL, NULL, NULL, NULL, NULL, NULL, NULL, NULL, NULL, NULL, NULL, NULL, NULL, NULL),
	(267, '0', '3180', 267, NULL, 2, NULL, NULL, 3, 58, NULL, NULL, NULL, NULL, NULL, NULL, NULL, NULL, NULL, NULL, NULL, NULL, NULL, NULL, NULL, NULL),
	(268, '0', '3135', 268, NULL, 1, NULL, NULL, 3, 36, NULL, NULL, NULL, NULL, NULL, NULL, NULL, NULL, NULL, NULL, NULL, NULL, NULL, NULL, NULL, NULL),
	(269, '0', '3398', 269, NULL, 7, NULL, NULL, 3, 61, NULL, NULL, NULL, NULL, NULL, NULL, NULL, NULL, NULL, NULL, NULL, NULL, NULL, NULL, NULL, NULL),
	(270, '0', '3392', 270, NULL, 6, NULL, NULL, 3, 22, NULL, NULL, NULL, NULL, NULL, NULL, NULL, NULL, NULL, NULL, NULL, NULL, NULL, NULL, NULL, NULL),
	(271, '0', '3301', 271, NULL, 1, NULL, NULL, 3, 31, NULL, NULL, NULL, NULL, NULL, NULL, NULL, NULL, NULL, NULL, NULL, NULL, NULL, NULL, NULL, NULL),
	(272, '0', '3375', 272, NULL, 3, NULL, NULL, 3, 62, NULL, NULL, NULL, NULL, NULL, NULL, NULL, NULL, NULL, NULL, NULL, NULL, NULL, NULL, NULL, NULL),
	(273, '0', '3229', 273, NULL, 8, NULL, NULL, 3, 22, NULL, NULL, NULL, NULL, NULL, NULL, NULL, NULL, NULL, NULL, NULL, NULL, NULL, NULL, NULL, NULL),
	(274, '0', '3203', 274, NULL, 3, NULL, NULL, 3, 59, NULL, NULL, NULL, NULL, NULL, NULL, NULL, NULL, NULL, NULL, NULL, NULL, NULL, NULL, NULL, NULL),
	(275, '0', '3382', 275, NULL, 2, NULL, NULL, 3, 14, NULL, NULL, NULL, NULL, NULL, NULL, NULL, NULL, NULL, NULL, NULL, NULL, NULL, NULL, NULL, NULL),
	(276, '0', '3384', 276, NULL, 2, NULL, NULL, 3, 22, NULL, NULL, NULL, NULL, NULL, NULL, NULL, NULL, NULL, NULL, NULL, NULL, NULL, NULL, NULL, NULL),
	(277, '0', '3394', 277, NULL, 2, NULL, NULL, 3, 22, NULL, NULL, NULL, NULL, NULL, NULL, NULL, NULL, NULL, NULL, NULL, NULL, NULL, NULL, NULL, NULL),
	(278, '0', '3393', 278, NULL, 5, NULL, NULL, 3, 29, NULL, NULL, NULL, NULL, NULL, NULL, NULL, NULL, NULL, NULL, NULL, NULL, NULL, NULL, NULL, NULL),
	(279, '0', '3391', 279, NULL, 7, NULL, NULL, 3, 14, NULL, NULL, NULL, NULL, NULL, NULL, NULL, NULL, NULL, NULL, NULL, NULL, NULL, NULL, NULL, NULL),
	(280, '0', NULL, 280, NULL, NULL, 1, NULL, 10, NULL, NULL, NULL, NULL, NULL, NULL, NULL, NULL, NULL, NULL, NULL, NULL, NULL, NULL, NULL, NULL, NULL),
	(281, '0', NULL, 281, NULL, NULL, 1, NULL, 10, NULL, NULL, NULL, NULL, NULL, NULL, NULL, NULL, NULL, NULL, NULL, NULL, NULL, NULL, NULL, NULL, NULL),
	(282, '0', NULL, 282, NULL, NULL, 2, NULL, 10, NULL, NULL, NULL, NULL, NULL, NULL, NULL, NULL, NULL, NULL, NULL, NULL, NULL, NULL, NULL, NULL, NULL),
	(283, '0', NULL, 283, NULL, NULL, 2, NULL, 10, NULL, NULL, NULL, NULL, NULL, NULL, NULL, NULL, NULL, NULL, NULL, NULL, NULL, NULL, NULL, NULL, NULL),
	(284, '0', NULL, 284, NULL, NULL, 2, NULL, 10, NULL, NULL, NULL, NULL, NULL, NULL, NULL, NULL, NULL, NULL, NULL, NULL, NULL, NULL, NULL, NULL, NULL),
	(285, '0', NULL, 285, NULL, NULL, 3, NULL, 10, NULL, NULL, NULL, NULL, NULL, NULL, NULL, NULL, NULL, NULL, NULL, NULL, NULL, NULL, NULL, NULL, NULL),
	(286, '0', NULL, 286, NULL, NULL, 4, NULL, 10, NULL, NULL, NULL, NULL, NULL, NULL, NULL, NULL, NULL, NULL, NULL, NULL, NULL, NULL, NULL, NULL, NULL),
	(287, '0', NULL, 287, NULL, NULL, 5, NULL, 10, NULL, NULL, NULL, NULL, NULL, NULL, NULL, NULL, NULL, NULL, NULL, NULL, NULL, NULL, NULL, NULL, NULL),
	(288, '0', NULL, 288, NULL, NULL, 5, NULL, 10, NULL, NULL, NULL, NULL, NULL, NULL, NULL, NULL, NULL, NULL, NULL, NULL, NULL, NULL, NULL, NULL, NULL),
	(289, '0', NULL, 289, NULL, NULL, 6, NULL, 10, NULL, NULL, NULL, NULL, NULL, NULL, NULL, NULL, NULL, NULL, NULL, NULL, NULL, NULL, NULL, NULL, NULL),
	(290, '0', NULL, 290, NULL, NULL, 7, NULL, 10, NULL, NULL, NULL, NULL, NULL, NULL, NULL, NULL, NULL, NULL, NULL, NULL, NULL, NULL, NULL, NULL, NULL),
	(291, '0', NULL, 291, NULL, NULL, 8, NULL, 10, NULL, NULL, NULL, NULL, NULL, NULL, NULL, NULL, NULL, NULL, NULL, NULL, NULL, NULL, NULL, NULL, NULL),
	(292, '0', NULL, 292, NULL, NULL, 8, NULL, 10, NULL, NULL, NULL, NULL, NULL, NULL, NULL, NULL, NULL, NULL, NULL, NULL, NULL, NULL, NULL, NULL, NULL),
	(293, '0', NULL, 293, NULL, NULL, 8, NULL, 10, NULL, NULL, NULL, NULL, NULL, NULL, NULL, NULL, NULL, NULL, NULL, NULL, NULL, NULL, NULL, NULL, NULL),
	(294, '0', NULL, 294, NULL, NULL, 9, NULL, 10, NULL, NULL, NULL, NULL, NULL, NULL, NULL, NULL, NULL, NULL, NULL, NULL, NULL, NULL, NULL, NULL, NULL),
	(295, '0', NULL, 295, NULL, NULL, 9, NULL, 10, NULL, NULL, NULL, NULL, NULL, NULL, NULL, NULL, NULL, NULL, NULL, NULL, NULL, NULL, NULL, NULL, NULL),
	(296, '0', NULL, 296, NULL, NULL, 9, NULL, 10, NULL, NULL, NULL, NULL, NULL, NULL, NULL, NULL, NULL, NULL, NULL, NULL, NULL, NULL, NULL, NULL, NULL),
	(297, '0', NULL, 297, NULL, NULL, 9, NULL, 10, NULL, NULL, NULL, NULL, NULL, NULL, NULL, NULL, NULL, NULL, NULL, NULL, NULL, NULL, NULL, NULL, NULL),
	(298, '0', NULL, 298, NULL, NULL, 9, NULL, 10, NULL, NULL, NULL, NULL, NULL, NULL, NULL, NULL, NULL, NULL, NULL, NULL, NULL, NULL, NULL, NULL, NULL),
	(299, '0', NULL, 299, NULL, NULL, 9, NULL, 10, NULL, NULL, NULL, NULL, NULL, NULL, NULL, NULL, NULL, NULL, NULL, NULL, NULL, NULL, NULL, NULL, NULL),
	(300, '0', NULL, 300, NULL, NULL, 9, NULL, 10, NULL, NULL, NULL, NULL, NULL, NULL, NULL, NULL, NULL, NULL, NULL, NULL, NULL, NULL, NULL, NULL, NULL),
	(301, '0', NULL, 301, NULL, NULL, 9, NULL, 10, NULL, NULL, NULL, NULL, NULL, NULL, NULL, NULL, NULL, NULL, NULL, NULL, NULL, NULL, NULL, NULL, NULL),
	(302, '0', NULL, 302, NULL, NULL, 9, NULL, 10, NULL, NULL, NULL, NULL, NULL, NULL, NULL, NULL, NULL, NULL, NULL, NULL, NULL, NULL, NULL, NULL, NULL),
	(303, '0', NULL, 303, NULL, NULL, 9, NULL, 10, NULL, NULL, NULL, NULL, NULL, NULL, NULL, NULL, NULL, NULL, NULL, NULL, NULL, NULL, NULL, NULL, NULL),
	(304, '0', NULL, 304, NULL, NULL, 9, NULL, 10, NULL, NULL, NULL, NULL, NULL, NULL, NULL, NULL, NULL, NULL, NULL, NULL, NULL, NULL, NULL, NULL, NULL),
	(305, '0', NULL, 305, NULL, NULL, 9, NULL, 10, NULL, NULL, NULL, NULL, NULL, NULL, NULL, NULL, NULL, NULL, NULL, NULL, NULL, NULL, NULL, NULL, NULL),
	(306, '0', NULL, 306, NULL, NULL, 9, NULL, 10, NULL, NULL, NULL, NULL, NULL, NULL, NULL, NULL, NULL, NULL, NULL, NULL, NULL, NULL, NULL, NULL, NULL),
	(307, '0', NULL, 307, NULL, NULL, 9, NULL, 10, NULL, NULL, NULL, NULL, NULL, NULL, NULL, NULL, NULL, NULL, NULL, NULL, NULL, NULL, NULL, NULL, NULL),
	(308, '0', NULL, 308, NULL, NULL, 9, NULL, 10, NULL, NULL, NULL, NULL, NULL, NULL, NULL, NULL, NULL, NULL, NULL, NULL, 2, NULL, NULL, '2018-08-27 07:10:35', NULL);
/*!40000 ALTER TABLE `pms_employee_information` ENABLE KEYS */;

-- Dumping structure for table mirdc.pms_employee_status
DROP TABLE IF EXISTS `pms_employee_status`;
CREATE TABLE IF NOT EXISTS `pms_employee_status` (
  `id` int(11) NOT NULL AUTO_INCREMENT,
  `code` varchar(50) DEFAULT NULL,
  `name` varchar(225) DEFAULT NULL,
  `category` int(11) DEFAULT NULL,
  `created_at` timestamp NULL DEFAULT NULL,
  `updated_at` timestamp NULL DEFAULT NULL,
  `created_by` int(11) DEFAULT NULL,
  `updated_by` int(11) DEFAULT NULL,
  PRIMARY KEY (`id`)
) ENGINE=InnoDB AUTO_INCREMENT=14 DEFAULT CHARSET=latin1;

-- Dumping data for table mirdc.pms_employee_status: ~13 rows (approximately)
/*!40000 ALTER TABLE `pms_employee_status` DISABLE KEYS */;
INSERT INTO `pms_employee_status` (`id`, `code`, `name`, `category`, `created_at`, `updated_at`, `created_by`, `updated_by`) VALUES
	(1, 'P', 'Permanent', 1, NULL, '2018-08-16 08:59:50', NULL, 2),
	(2, 'T', 'Temporary', 1, NULL, '2018-08-16 09:00:22', NULL, 2),
	(3, 'JO', 'Job Order', 0, NULL, '2018-08-16 09:01:16', NULL, 2),
	(4, 'CON', 'Contractual', NULL, NULL, NULL, NULL, NULL),
	(5, 'CAS', 'Casual', 1, NULL, '2018-08-16 08:59:32', NULL, 2),
	(6, 'COT', 'Coterminous', 1, NULL, '2018-08-16 09:00:36', NULL, 2),
	(7, 'FT', 'Termer', NULL, NULL, '2018-08-10 02:27:44', NULL, 2),
	(8, 'PROB', 'Probationary', 1, NULL, '2018-08-16 09:00:49', NULL, 2),
	(9, 'R', 'Regular', 1, NULL, '2018-08-16 09:02:12', NULL, 2),
	(10, 'COS', 'Contract of Service', 0, NULL, '2018-08-16 09:01:36', NULL, 2),
	(11, 'TL', 'Trust Liability', 0, '2018-08-24 05:21:25', '2018-08-24 05:21:25', 2, NULL),
	(12, 'MDS', 'Regular - MDS', 0, '2018-08-24 05:21:45', '2018-08-24 05:21:45', 2, NULL),
	(13, 'GIP', 'Government Internship Program', 0, '2018-08-24 05:21:45', '2018-08-24 05:21:45', 2, NULL);
/*!40000 ALTER TABLE `pms_employee_status` ENABLE KEYS */;

-- Dumping structure for table mirdc.pms_gsispolicy
DROP TABLE IF EXISTS `pms_gsispolicy`;
CREATE TABLE IF NOT EXISTS `pms_gsispolicy` (
  `id` int(11) NOT NULL AUTO_INCREMENT,
  `policy_name` varchar(225) DEFAULT NULL,
  `pay_period` varchar(225) DEFAULT NULL,
  `deduction_period` varchar(225) DEFAULT NULL,
  `policy_type` varchar(225) DEFAULT NULL,
  `based_on` varchar(225) DEFAULT NULL,
  `computation` varchar(225) DEFAULT NULL,
  `ee_percentage` decimal(9,2) DEFAULT NULL,
  `er_percentage` decimal(9,2) DEFAULT NULL,
  `remarks` varchar(225) DEFAULT NULL,
  `created_at` timestamp NULL DEFAULT NULL,
  `updated_at` timestamp NULL DEFAULT NULL,
  `updated_by` int(11) DEFAULT NULL,
  PRIMARY KEY (`id`)
) ENGINE=InnoDB AUTO_INCREMENT=2 DEFAULT CHARSET=latin1;

-- Dumping data for table mirdc.pms_gsispolicy: ~1 rows (approximately)
/*!40000 ALTER TABLE `pms_gsispolicy` DISABLE KEYS */;
INSERT INTO `pms_gsispolicy` (`id`, `policy_name`, `pay_period`, `deduction_period`, `policy_type`, `based_on`, `computation`, `ee_percentage`, `er_percentage`, `remarks`, `created_at`, `updated_at`, `updated_by`) VALUES
	(1, 'STANDARD POLICY', 'Monthly', 'Both', 'System Generated', 'Monthly Salary', '{\'EE\':\'.09\',\'ER\':\'.12\',\'EC\':\'.01\'}', 0.09, 0.12, NULL, '2018-06-09 10:25:03', '2018-06-21 03:14:34', NULL);
/*!40000 ALTER TABLE `pms_gsispolicy` ENABLE KEYS */;

-- Dumping structure for table mirdc.pms_jobgrade
DROP TABLE IF EXISTS `pms_jobgrade`;
CREATE TABLE IF NOT EXISTS `pms_jobgrade` (
  `id` int(11) NOT NULL AUTO_INCREMENT,
  `job_grade` varchar(225) DEFAULT NULL,
  `step1` decimal(9,2) DEFAULT NULL,
  `step2` decimal(9,2) DEFAULT NULL,
  `step3` decimal(9,2) DEFAULT NULL,
  `step4` decimal(9,2) DEFAULT NULL,
  `step5` decimal(9,2) DEFAULT NULL,
  `step6` decimal(9,2) DEFAULT NULL,
  `step7` decimal(9,2) DEFAULT NULL,
  `step8` decimal(9,2) DEFAULT NULL,
  `remarks` varchar(225) DEFAULT NULL,
  `created_at` timestamp NULL DEFAULT NULL,
  `updated_at` timestamp NULL DEFAULT NULL,
  `updated_by` int(11) DEFAULT NULL,
  PRIMARY KEY (`id`)
) ENGINE=InnoDB AUTO_INCREMENT=20 DEFAULT CHARSET=latin1;

-- Dumping data for table mirdc.pms_jobgrade: ~19 rows (approximately)
/*!40000 ALTER TABLE `pms_jobgrade` DISABLE KEYS */;
INSERT INTO `pms_jobgrade` (`id`, `job_grade`, `step1`, `step2`, `step3`, `step4`, `step5`, `step6`, `step7`, `step8`, `remarks`, `created_at`, `updated_at`, `updated_by`) VALUES
	(1, '1', 14087.00, 14242.00, 14399.00, 14543.00, 14688.00, 14835.00, 14897.00, 14930.00, NULL, NULL, NULL, NULL),
	(2, '2', 14936.00, 15160.00, 15387.00, 15618.00, 15853.00, 16090.00, 16332.00, 16577.00, NULL, NULL, NULL, NULL),
	(3, '3', 17975.00, 18245.00, 18518.00, 18796.00, 19078.00, 19364.00, 19665.00, 19949.00, NULL, NULL, NULL, NULL),
	(4, '4', 22532.00, 22870.00, 23213.00, 23561.00, 23915.00, 24273.00, 24637.00, 25007.00, NULL, NULL, NULL, NULL),
	(5, '5', 27414.00, 27825.00, 28243.00, 28666.00, 29096.00, 29504.00, 29917.00, 30335.00, NULL, NULL, NULL, NULL),
	(6, '6', 30351.00, 30806.00, 31268.00, 31737.00, 32213.00, 32697.00, 33187.00, 33685.00, NULL, NULL, NULL, NULL),
	(7, '7', 40169.00, 40772.00, 41383.00, 42004.00, 42634.00, 43273.00, 43923.00, 44581.00, NULL, NULL, NULL, NULL),
	(8, '8', 45269.00, 45948.00, 46637.00, 47337.00, 48047.00, 48768.00, 49499.00, 50242.00, NULL, NULL, NULL, NULL),
	(9, '9', 55600.00, 56434.00, 57224.00, 57968.00, 58664.00, 58694.00, 58723.00, 58752.00, NULL, NULL, NULL, NULL),
	(10, '10', 59100.00, 59987.00, 60886.00, 61800.00, 62727.00, 63667.00, 64622.00, 65592.00, NULL, NULL, NULL, NULL),
	(11, '11', 69499.00, 70194.00, 70896.00, 71605.00, 72321.00, 73044.00, 73775.00, 73811.00, NULL, NULL, NULL, NULL),
	(12, '12', 73900.00, 75009.00, 76134.00, 77276.00, 78435.00, 79611.00, 80805.00, 82018.00, NULL, NULL, NULL, NULL),
	(13, '13', 86899.00, 88202.00, 89526.00, 90868.00, 92231.00, 93615.00, 95019.00, 96444.00, NULL, NULL, NULL, NULL),
	(14, '14', 112500.00, 114188.00, 115900.00, 117523.00, 119168.00, 120717.00, 12216.00, 122227.00, NULL, NULL, NULL, NULL),
	(15, '15', 122500.00, 124338.00, 126203.00, 128096.00, 130017.00, 131967.00, 133947.00, 135956.00, NULL, NULL, NULL, NULL),
	(16, '16', 169300.00, 171840.00, 174417.00, 177033.00, 179689.00, 182384.00, 185120.00, 187897.00, NULL, NULL, NULL, NULL),
	(17, '17', 220200.00, 223503.00, 226856.00, 230258.00, 233712.00, 237218.00, 240776.00, 244388.00, NULL, NULL, NULL, NULL),
	(18, '18', 354312.00, 359627.00, 365021.00, NULL, NULL, NULL, NULL, NULL, NULL, NULL, NULL, NULL),
	(19, '19', 531468.00, 539440.00, 547532.00, NULL, NULL, NULL, NULL, NULL, NULL, NULL, NULL, NULL);
/*!40000 ALTER TABLE `pms_jobgrade` ENABLE KEYS */;

-- Dumping structure for table mirdc.pms_leave
DROP TABLE IF EXISTS `pms_leave`;
CREATE TABLE IF NOT EXISTS `pms_leave` (
  `id` int(11) NOT NULL AUTO_INCREMENT,
  `employee_number` varchar(225) DEFAULT NULL,
  `employee_id` int(11) DEFAULT NULL,
  `rata_id` int(11) DEFAULT NULL,
  `leave_type` varchar(225) DEFAULT NULL,
  `number_of_leave_field` int(11) DEFAULT NULL,
  `leave_date` date DEFAULT NULL,
  `created_at` timestamp NULL DEFAULT NULL,
  `updated_at` timestamp NULL DEFAULT NULL,
  `updated_by` int(11) DEFAULT NULL,
  PRIMARY KEY (`id`)
) ENGINE=InnoDB DEFAULT CHARSET=latin1;

-- Dumping data for table mirdc.pms_leave: ~0 rows (approximately)
/*!40000 ALTER TABLE `pms_leave` DISABLE KEYS */;
/*!40000 ALTER TABLE `pms_leave` ENABLE KEYS */;

-- Dumping structure for table mirdc.pms_leave_monetization_transactions
DROP TABLE IF EXISTS `pms_leave_monetization_transactions`;
CREATE TABLE IF NOT EXISTS `pms_leave_monetization_transactions` (
  `id` int(11) NOT NULL AUTO_INCREMENT,
  `employee_number` varchar(225) DEFAULT NULL,
  `employee_id` int(11) DEFAULT NULL,
  `salary_grade_id` int(11) DEFAULT NULL,
  `position_id` int(11) DEFAULT NULL,
  `salary_amount` decimal(9,2) DEFAULT NULL,
  `net_amount` decimal(9,2) DEFAULT NULL,
  `factor_rate` decimal(9,2) DEFAULT NULL,
  `number_of_days` int(11) DEFAULT NULL,
  `created_by` int(11) DEFAULT NULL,
  `updated_by` int(11) DEFAULT NULL,
  `created_at` timestamp NULL DEFAULT NULL,
  `updated_at` timestamp NULL DEFAULT NULL,
  PRIMARY KEY (`id`)
) ENGINE=InnoDB AUTO_INCREMENT=2 DEFAULT CHARSET=latin1;

-- Dumping data for table mirdc.pms_leave_monetization_transactions: ~0 rows (approximately)
/*!40000 ALTER TABLE `pms_leave_monetization_transactions` DISABLE KEYS */;
INSERT INTO `pms_leave_monetization_transactions` (`id`, `employee_number`, `employee_id`, `salary_grade_id`, `position_id`, `salary_amount`, `net_amount`, `factor_rate`, `number_of_days`, `created_by`, `updated_by`, `created_at`, `updated_at`) VALUES
	(1, '1985005', 1, 24, 56, 81344.00, 43122.06, 0.05, 11, 2, 2, '2018-10-25 07:02:37', '2018-10-25 07:03:29');
/*!40000 ALTER TABLE `pms_leave_monetization_transactions` ENABLE KEYS */;

-- Dumping structure for table mirdc.pms_loaninfo_transactions
DROP TABLE IF EXISTS `pms_loaninfo_transactions`;
CREATE TABLE IF NOT EXISTS `pms_loaninfo_transactions` (
  `id` int(11) NOT NULL AUTO_INCREMENT,
  `employee_number` varchar(225) DEFAULT NULL,
  `employee_id` int(11) DEFAULT NULL,
  `transaction_id` int(11) DEFAULT NULL,
  `loan_id` int(11) DEFAULT NULL,
  `loan_info_id` int(11) DEFAULT NULL,
  `amount` decimal(9,2) DEFAULT NULL,
  `year` varchar(50) DEFAULT NULL,
  `month` varchar(50) DEFAULT NULL,
  `created_by` int(11) DEFAULT NULL,
  `updated_by` int(11) DEFAULT NULL,
  `created_at` timestamp NULL DEFAULT NULL,
  `updated_at` timestamp NULL DEFAULT NULL,
  PRIMARY KEY (`id`)
) ENGINE=InnoDB AUTO_INCREMENT=414 DEFAULT CHARSET=latin1;

-- Dumping data for table mirdc.pms_loaninfo_transactions: ~413 rows (approximately)
/*!40000 ALTER TABLE `pms_loaninfo_transactions` DISABLE KEYS */;
INSERT INTO `pms_loaninfo_transactions` (`id`, `employee_number`, `employee_id`, `transaction_id`, `loan_id`, `loan_info_id`, `amount`, `year`, `month`, `created_by`, `updated_by`, `created_at`, `updated_at`) VALUES
	(1, '1990008', 3, NULL, 1, 1, 3344.35, '2018', 'November', 2, NULL, '2018-11-06 02:28:43', '2018-11-06 02:28:43'),
	(2, '1996003', 4, NULL, 1, 2, 8230.17, '2018', 'November', 2, NULL, '2018-11-06 02:28:43', '2018-11-06 02:28:43'),
	(3, '1996003', 4, NULL, 2, 169, 4511.17, '2018', 'November', 2, NULL, '2018-11-06 02:28:43', '2018-11-06 02:28:43'),
	(4, '2011008', 6, NULL, 1, 3, 2770.35, '2018', 'November', 2, NULL, '2018-11-06 02:28:44', '2018-11-06 02:28:44'),
	(5, '2011008', 6, NULL, 5, 174, 4904.62, '2018', 'November', 2, NULL, '2018-11-06 02:28:44', '2018-11-06 02:28:44'),
	(6, '2011008', 6, NULL, 4, 420, 216.67, '2018', 'November', 2, NULL, '2018-11-06 02:28:44', '2018-11-06 02:28:44'),
	(7, '1984001', 7, NULL, 5, 175, 5937.16, '2018', 'November', 2, NULL, '2018-11-06 02:28:44', '2018-11-06 02:28:44'),
	(8, '1984001', 7, NULL, 6, 282, 1680.00, '2018', 'November', 2, NULL, '2018-11-06 02:28:44', '2018-11-06 02:28:44'),
	(9, '1984001', 7, NULL, 7, 351, 704.83, '2018', 'November', 2, NULL, '2018-11-06 02:28:45', '2018-11-06 02:28:45'),
	(10, '1983003', 8, NULL, 1, 4, 5117.84, '2018', 'November', 2, NULL, '2018-11-06 02:28:45', '2018-11-06 02:28:45'),
	(11, '1983003', 8, NULL, 4, 122, 216.67, '2018', 'November', 2, NULL, '2018-11-06 02:28:45', '2018-11-06 02:28:45'),
	(12, '1983003', 8, NULL, 5, 176, 5937.16, '2018', 'November', 2, NULL, '2018-11-06 02:28:45', '2018-11-06 02:28:45'),
	(13, '1983003', 8, NULL, 6, 283, 1400.00, '2018', 'November', 2, NULL, '2018-11-06 02:28:45', '2018-11-06 02:28:45'),
	(14, '2003001', 9, NULL, 1, 5, 3790.27, '2018', 'November', 2, NULL, '2018-11-06 02:28:45', '2018-11-06 02:28:45'),
	(15, '2003001', 9, NULL, 4, 123, 216.67, '2018', 'November', 2, NULL, '2018-11-06 02:28:45', '2018-11-06 02:28:45'),
	(16, '2003001', 9, NULL, 5, 177, 2768.70, '2018', 'November', 2, NULL, '2018-11-06 02:28:45', '2018-11-06 02:28:45'),
	(17, '2003001', 9, NULL, 6, 284, 1400.00, '2018', 'November', 2, NULL, '2018-11-06 02:28:45', '2018-11-06 02:28:45'),
	(18, '2010016', 10, NULL, 1, 6, 4360.96, '2018', 'November', 2, NULL, '2018-11-06 02:28:45', '2018-11-06 02:28:45'),
	(19, '2010016', 10, NULL, 5, 178, 4614.50, '2018', 'November', 2, NULL, '2018-11-06 02:28:45', '2018-11-06 02:28:45'),
	(20, '1981002', 12, NULL, 1, 7, 5643.38, '2018', 'November', 2, NULL, '2018-11-06 02:28:46', '2018-11-06 02:28:46'),
	(21, '1981002', 12, NULL, 5, 179, 12906.88, '2018', 'November', 2, NULL, '2018-11-06 02:28:46', '2018-11-06 02:28:46'),
	(22, '1981002', 12, NULL, 7, 352, 4026.61, '2018', 'November', 2, NULL, '2018-11-06 02:28:46', '2018-11-06 02:28:46'),
	(23, '1981002', 12, NULL, 3, 394, 2000.00, '2018', 'November', 2, NULL, '2018-11-06 02:28:46', '2018-11-06 02:28:46'),
	(24, '2011019', 14, NULL, 1, 8, 2235.33, '2018', 'November', 2, NULL, '2018-11-06 02:28:46', '2018-11-06 02:28:46'),
	(25, '2011019', 14, NULL, 8, 150, 1311.12, '2018', 'November', 2, NULL, '2018-11-06 02:28:46', '2018-11-06 02:28:46'),
	(26, '2011019', 14, NULL, 5, 180, 4388.34, '2018', 'November', 2, NULL, '2018-11-06 02:28:46', '2018-11-06 02:28:46'),
	(27, '2011019', 14, NULL, 6, 285, 1400.00, '2018', 'November', 2, NULL, '2018-11-06 02:28:46', '2018-11-06 02:28:46'),
	(28, '1985004', 15, NULL, 1, 9, 2553.85, '2018', 'November', 2, NULL, '2018-11-06 02:28:47', '2018-11-06 02:28:47'),
	(29, '1985004', 15, NULL, 4, 124, 216.67, '2018', 'November', 2, NULL, '2018-11-06 02:28:47', '2018-11-06 02:28:47'),
	(30, '1985004', 15, NULL, 8, 151, 1311.12, '2018', 'November', 2, NULL, '2018-11-06 02:28:47', '2018-11-06 02:28:47'),
	(31, '1985004', 15, NULL, 5, 181, 2710.46, '2018', 'November', 2, NULL, '2018-11-06 02:28:47', '2018-11-06 02:28:47'),
	(32, '1985004', 15, NULL, 6, 286, 1960.00, '2018', 'November', 2, NULL, '2018-11-06 02:28:47', '2018-11-06 02:28:47'),
	(33, '1992007', 16, NULL, 1, 10, 3075.39, '2018', 'November', 2, NULL, '2018-11-06 02:28:47', '2018-11-06 02:28:47'),
	(34, '1992007', 16, NULL, 5, 182, 7744.12, '2018', 'November', 2, NULL, '2018-11-06 02:28:47', '2018-11-06 02:28:47'),
	(35, '1987004', 18, NULL, 6, 340, 1900.00, '2018', 'November', 2, NULL, '2018-11-06 02:28:47', '2018-11-06 02:28:47'),
	(36, '2010005', 19, NULL, 1, 11, 2569.76, '2018', 'November', 2, NULL, '2018-11-06 02:28:47', '2018-11-06 02:28:47'),
	(37, '2010005', 19, NULL, 5, 183, 7744.12, '2018', 'November', 2, NULL, '2018-11-06 02:28:47', '2018-11-06 02:28:47'),
	(38, '1977001', 20, NULL, 1, 12, 4932.60, '2018', 'November', 2, NULL, '2018-11-06 02:28:48', '2018-11-06 02:28:48'),
	(39, '2010002', 21, NULL, 1, 13, 5864.31, '2018', 'November', 2, NULL, '2018-11-06 02:28:48', '2018-11-06 02:28:48'),
	(40, '2010002', 21, NULL, 5, 184, 11616.20, '2018', 'November', 2, NULL, '2018-11-06 02:28:48', '2018-11-06 02:28:48'),
	(41, '2010002', 21, NULL, 3, 395, 2000.00, '2018', 'November', 2, NULL, '2018-11-06 02:28:48', '2018-11-06 02:28:48'),
	(42, '1993004', 22, NULL, 1, 14, 3246.75, '2018', 'November', 2, NULL, '2018-11-06 02:28:48', '2018-11-06 02:28:48'),
	(43, '1993004', 22, NULL, 4, 125, 216.67, '2018', 'November', 2, NULL, '2018-11-06 02:28:48', '2018-11-06 02:28:48'),
	(44, '1993004', 22, NULL, 5, 185, 7744.12, '2018', 'November', 2, NULL, '2018-11-06 02:28:48', '2018-11-06 02:28:48'),
	(45, '1993004', 22, NULL, 6, 287, 1400.00, '2018', 'November', 2, NULL, '2018-11-06 02:28:48', '2018-11-06 02:28:48'),
	(46, '2011020', 23, NULL, 1, 15, 1968.71, '2018', 'November', 2, NULL, '2018-11-06 02:28:48', '2018-11-06 02:28:48'),
	(47, '2011020', 23, NULL, 5, 186, 3355.80, '2018', 'November', 2, NULL, '2018-11-06 02:28:48', '2018-11-06 02:28:48'),
	(48, '2011020', 23, NULL, 6, 288, 933.33, '2018', 'November', 2, NULL, '2018-11-06 02:28:49', '2018-11-06 02:28:49'),
	(49, '2011020', 23, NULL, 7, 353, 1091.41, '2018', 'November', 2, NULL, '2018-11-06 02:28:49', '2018-11-06 02:28:49'),
	(50, '2011020', 23, NULL, 9, 375, 933.33, '2018', 'November', 2, NULL, '2018-11-06 02:28:49', '2018-11-06 02:28:49'),
	(51, '2016009', 25, NULL, 1, 16, 745.71, '2018', 'November', 2, NULL, '2018-11-06 02:28:49', '2018-11-06 02:28:49'),
	(52, '2016009', 25, NULL, 5, 187, 5420.90, '2018', 'November', 2, NULL, '2018-11-06 02:28:49', '2018-11-06 02:28:49'),
	(53, '2016009', 25, NULL, 9, 376, 1166.67, '2018', 'November', 2, NULL, '2018-11-06 02:28:49', '2018-11-06 02:28:49'),
	(54, '1992003', 28, NULL, 1, 17, 3841.88, '2018', 'November', 2, NULL, '2018-11-06 02:28:50', '2018-11-06 02:28:50'),
	(55, '1992003', 28, NULL, 4, 126, 216.67, '2018', 'November', 2, NULL, '2018-11-06 02:28:50', '2018-11-06 02:28:50'),
	(56, '1992003', 28, NULL, 8, 152, 1311.12, '2018', 'November', 2, NULL, '2018-11-06 02:28:50', '2018-11-06 02:28:50'),
	(57, '1992003', 28, NULL, 5, 188, 7486.00, '2018', 'November', 2, NULL, '2018-11-06 02:28:50', '2018-11-06 02:28:50'),
	(58, '1992003', 28, NULL, 6, 289, 1400.00, '2018', 'November', 2, NULL, '2018-11-06 02:28:50', '2018-11-06 02:28:50'),
	(59, '1987013', 29, NULL, 5, 189, 2581.38, '2018', 'November', 2, NULL, '2018-11-06 02:28:50', '2018-11-06 02:28:50'),
	(60, '1987013', 29, NULL, 6, 290, 1400.00, '2018', 'November', 2, NULL, '2018-11-06 02:28:50', '2018-11-06 02:28:50'),
	(61, '1987013', 29, NULL, 9, 377, 1633.33, '2018', 'November', 2, NULL, '2018-11-06 02:28:50', '2018-11-06 02:28:50'),
	(62, '2011023', 30, NULL, 1, 18, 2171.63, '2018', 'November', 2, NULL, '2018-11-06 02:28:50', '2018-11-06 02:28:50'),
	(63, '2011023', 30, NULL, 5, 190, 6969.72, '2018', 'November', 2, NULL, '2018-11-06 02:28:50', '2018-11-06 02:28:50'),
	(64, '2011023', 30, NULL, 6, 291, 1400.00, '2018', 'November', 2, NULL, '2018-11-06 02:28:50', '2018-11-06 02:28:50'),
	(65, '2011023', 30, NULL, 9, 378, 1166.67, '2018', 'November', 2, NULL, '2018-11-06 02:28:50', '2018-11-06 02:28:50'),
	(66, '2011023', 30, NULL, 3, 396, 12.00, '2018', 'November', 2, NULL, '2018-11-06 02:28:50', '2018-11-06 02:28:50'),
	(67, '2011017', 31, NULL, 2, 170, 3900.00, '2018', 'November', 2, NULL, '2018-11-06 02:28:51', '2018-11-06 02:28:51'),
	(68, '2011033', 33, NULL, 1, 20, 2500.99, '2018', 'November', 2, NULL, '2018-11-06 02:28:52', '2018-11-06 02:28:52'),
	(69, '2011033', 33, NULL, 5, 192, 4130.20, '2018', 'November', 2, NULL, '2018-11-06 02:28:52', '2018-11-06 02:28:52'),
	(70, '2011033', 33, NULL, 3, 397, 200.00, '2018', 'November', 2, NULL, '2018-11-06 02:28:52', '2018-11-06 02:28:52'),
	(71, '2015005', 34, NULL, 1, 21, 2513.28, '2018', 'November', 2, NULL, '2018-11-06 02:28:52', '2018-11-06 02:28:52'),
	(72, '2015005', 34, NULL, 5, 193, 6969.72, '2018', 'November', 2, NULL, '2018-11-06 02:28:52', '2018-11-06 02:28:52'),
	(73, '2010011', 35, NULL, 1, 22, 3784.36, '2018', 'November', 2, NULL, '2018-11-06 02:28:52', '2018-11-06 02:28:52'),
	(74, '2010011', 35, NULL, 5, 194, 10067.36, '2018', 'November', 2, NULL, '2018-11-06 02:28:52', '2018-11-06 02:28:52'),
	(75, '2010011', 35, NULL, 6, 293, 400.00, '2018', 'November', 2, NULL, '2018-11-06 02:28:52', '2018-11-06 02:28:52'),
	(76, '1985001', 37, NULL, 1, 23, 4268.39, '2018', 'November', 2, NULL, '2018-11-06 02:28:52', '2018-11-06 02:28:52'),
	(77, '1985001', 37, NULL, 3, 398, 1586.00, '2018', 'November', 2, NULL, '2018-11-06 02:28:52', '2018-11-06 02:28:52'),
	(78, '1989005', 38, NULL, 1, 24, 8280.81, '2018', 'November', 2, NULL, '2018-11-06 02:28:53', '2018-11-06 02:28:53'),
	(79, '2016010', 39, NULL, 5, 195, 12648.74, '2018', 'November', 2, NULL, '2018-11-06 02:28:53', '2018-11-06 02:28:53'),
	(80, '2011002', 41, NULL, 1, 25, 2770.35, '2018', 'November', 2, NULL, '2018-11-06 02:28:54', '2018-11-06 02:28:54'),
	(81, '2011002', 41, NULL, 5, 196, 7486.00, '2018', 'November', 2, NULL, '2018-11-06 02:28:54', '2018-11-06 02:28:54'),
	(82, '2011002', 41, NULL, 6, 294, 1400.00, '2018', 'November', 2, NULL, '2018-11-06 02:28:54', '2018-11-06 02:28:54'),
	(83, '2011037', 42, NULL, 1, 26, 1569.01, '2018', 'November', 2, NULL, '2018-11-06 02:28:54', '2018-11-06 02:28:54'),
	(84, '2011037', 42, NULL, 8, 154, 1311.12, '2018', 'November', 2, NULL, '2018-11-06 02:28:54', '2018-11-06 02:28:54'),
	(85, '2011037', 42, NULL, 5, 197, 3872.06, '2018', 'November', 2, NULL, '2018-11-06 02:28:54', '2018-11-06 02:28:54'),
	(86, '2014009', 44, NULL, 6, 344, 750.00, '2018', 'November', 2, NULL, '2018-11-06 02:28:54', '2018-11-06 02:28:54'),
	(87, '1979003', 46, NULL, 1, 28, 7325.85, '2018', 'November', 2, NULL, '2018-11-06 02:28:54', '2018-11-06 02:28:54'),
	(88, '1979003', 46, NULL, 5, 199, 9292.96, '2018', 'November', 2, NULL, '2018-11-06 02:28:55', '2018-11-06 02:28:55'),
	(89, '1979003', 46, NULL, 6, 342, 1400.00, '2018', 'November', 2, NULL, '2018-11-06 02:28:55', '2018-11-06 02:28:55'),
	(90, '1989006', 49, NULL, 1, 29, 7090.54, '2018', 'November', 2, NULL, '2018-11-06 02:28:55', '2018-11-06 02:28:55'),
	(91, '1987009', 50, NULL, 1, 30, 3959.69, '2018', 'November', 2, NULL, '2018-11-06 02:28:55', '2018-11-06 02:28:55'),
	(92, '1987009', 50, NULL, 4, 127, 216.67, '2018', 'November', 2, NULL, '2018-11-06 02:28:55', '2018-11-06 02:28:55'),
	(93, '1987009', 50, NULL, 5, 200, 3743.00, '2018', 'November', 2, NULL, '2018-11-06 02:28:55', '2018-11-06 02:28:55'),
	(94, '1987009', 50, NULL, 6, 295, 2460.00, '2018', 'November', 2, NULL, '2018-11-06 02:28:56', '2018-11-06 02:28:56'),
	(95, '1987009', 50, NULL, 7, 354, 552.25, '2018', 'November', 2, NULL, '2018-11-06 02:28:56', '2018-11-06 02:28:56'),
	(96, '2015008', 51, NULL, 1, 31, 1742.51, '2018', 'November', 2, NULL, '2018-11-06 02:28:56', '2018-11-06 02:28:56'),
	(97, '2011032', 52, NULL, 1, 32, 4779.45, '2018', 'November', 2, NULL, '2018-11-06 02:28:57', '2018-11-06 02:28:57'),
	(98, '2011032', 52, NULL, 6, 343, 750.00, '2018', 'November', 2, NULL, '2018-11-06 02:28:57', '2018-11-06 02:28:57'),
	(99, '2011032', 52, NULL, 3, 399, 500.00, '2018', 'November', 2, NULL, '2018-11-06 02:28:57', '2018-11-06 02:28:57'),
	(100, '1993001', 54, NULL, 5, 201, 13552.22, '2018', 'November', 2, NULL, '2018-11-06 02:28:59', '2018-11-06 02:28:59'),
	(101, '1993001', 54, NULL, 6, 345, 750.00, '2018', 'November', 2, NULL, '2018-11-06 02:28:59', '2018-11-06 02:28:59'),
	(102, '1978007', 57, NULL, 1, 33, 4453.70, '2018', 'November', 2, NULL, '2018-11-06 02:29:00', '2018-11-06 02:29:00'),
	(103, '1978007', 57, NULL, 6, 296, 1200.00, '2018', 'November', 2, NULL, '2018-11-06 02:29:01', '2018-11-06 02:29:01'),
	(104, '1995007', 60, NULL, 1, 34, 5637.34, '2018', 'November', 2, NULL, '2018-11-06 02:29:01', '2018-11-06 02:29:01'),
	(105, '1995007', 60, NULL, 5, 202, 3355.80, '2018', 'November', 2, NULL, '2018-11-06 02:29:01', '2018-11-06 02:29:01'),
	(106, '1990013', 61, NULL, 1, 35, 4903.16, '2018', 'November', 2, NULL, '2018-11-06 02:29:02', '2018-11-06 02:29:02'),
	(107, '1976004', 62, NULL, 6, 297, 3400.00, '2018', 'November', 2, NULL, '2018-11-06 02:29:02', '2018-11-06 02:29:02'),
	(108, '1987010', 64, NULL, 1, 36, 3482.52, '2018', 'November', 2, NULL, '2018-11-06 02:29:02', '2018-11-06 02:29:02'),
	(109, '1987010', 64, NULL, 4, 128, 216.67, '2018', 'November', 2, NULL, '2018-11-06 02:29:02', '2018-11-06 02:29:02'),
	(110, '1987010', 64, NULL, 5, 203, 8002.26, '2018', 'November', 2, NULL, '2018-11-06 02:29:02', '2018-11-06 02:29:02'),
	(111, '1987010', 64, NULL, 6, 298, 2150.00, '2018', 'November', 2, NULL, '2018-11-06 02:29:02', '2018-11-06 02:29:02'),
	(112, '1987010', 64, NULL, 7, 355, 344.01, '2018', 'November', 2, NULL, '2018-11-06 02:29:02', '2018-11-06 02:29:02'),
	(113, '2011011', 65, NULL, 1, 37, 4957.56, '2018', 'November', 2, NULL, '2018-11-06 02:29:02', '2018-11-06 02:29:02'),
	(114, '2011011', 65, NULL, 5, 204, 12132.46, '2018', 'November', 2, NULL, '2018-11-06 02:29:02', '2018-11-06 02:29:02'),
	(115, '1990007', 68, NULL, 5, 205, 8260.40, '2018', 'November', 2, NULL, '2018-11-06 02:29:03', '2018-11-06 02:29:03'),
	(116, '1990007', 68, NULL, 6, 299, 1400.00, '2018', 'November', 2, NULL, '2018-11-06 02:29:03', '2018-11-06 02:29:03'),
	(117, '1990007', 68, NULL, 7, 356, 4013.71, '2018', 'November', 2, NULL, '2018-11-06 02:29:03', '2018-11-06 02:29:03'),
	(118, '1981003', 69, NULL, 1, 38, 5752.05, '2018', 'November', 2, NULL, '2018-11-06 02:29:03', '2018-11-06 02:29:03'),
	(119, '1981003', 69, NULL, 4, 129, 216.67, '2018', 'November', 2, NULL, '2018-11-06 02:29:03', '2018-11-06 02:29:03'),
	(120, '1981003', 69, NULL, 5, 206, 5162.76, '2018', 'November', 2, NULL, '2018-11-06 02:29:03', '2018-11-06 02:29:03'),
	(121, '1981003', 69, NULL, 6, 300, 1400.00, '2018', 'November', 2, NULL, '2018-11-06 02:29:03', '2018-11-06 02:29:03'),
	(122, '1981003', 69, NULL, 7, 357, 459.39, '2018', 'November', 2, NULL, '2018-11-06 02:29:03', '2018-11-06 02:29:03'),
	(123, '1995001', 70, NULL, 5, 207, 1484.29, '2018', 'November', 2, NULL, '2018-11-06 02:29:03', '2018-11-06 02:29:03'),
	(124, '1987001', 71, NULL, 1, 39, 3421.42, '2018', 'November', 2, NULL, '2018-11-06 02:29:03', '2018-11-06 02:29:03'),
	(125, '1987001', 71, NULL, 2, 171, 1683.00, '2018', 'November', 2, NULL, '2018-11-06 02:29:03', '2018-11-06 02:29:03'),
	(126, '1987001', 71, NULL, 5, 208, 4130.20, '2018', 'November', 2, NULL, '2018-11-06 02:29:03', '2018-11-06 02:29:03'),
	(127, '1987001', 71, NULL, 6, 301, 1400.00, '2018', 'November', 2, NULL, '2018-11-06 02:29:03', '2018-11-06 02:29:03'),
	(128, '1990011', 72, NULL, 1, 40, 11587.07, '2018', 'November', 2, NULL, '2018-11-06 02:29:04', '2018-11-06 02:29:04'),
	(129, '1990011', 72, NULL, 5, 209, 9551.10, '2018', 'November', 2, NULL, '2018-11-06 02:29:04', '2018-11-06 02:29:04'),
	(130, '1990011', 72, NULL, 6, 302, 1400.00, '2018', 'November', 2, NULL, '2018-11-06 02:29:04', '2018-11-06 02:29:04'),
	(131, '1988001', 73, NULL, 1, 41, 7707.11, '2018', 'November', 2, NULL, '2018-11-06 02:29:04', '2018-11-06 02:29:04'),
	(132, '1988001', 73, NULL, 8, 155, 655.56, '2018', 'November', 2, NULL, '2018-11-06 02:29:04', '2018-11-06 02:29:04'),
	(133, '2015006', 77, NULL, 1, 42, 1706.88, '2018', 'November', 2, NULL, '2018-11-06 02:29:05', '2018-11-06 02:29:05'),
	(134, '2015006', 77, NULL, 5, 210, 4904.62, '2018', 'November', 2, NULL, '2018-11-06 02:29:05', '2018-11-06 02:29:05'),
	(135, '2011021', 78, NULL, 1, 43, 2235.33, '2018', 'November', 2, NULL, '2018-11-06 02:29:05', '2018-11-06 02:29:05'),
	(136, '2011021', 78, NULL, 3, 400, 1000.00, '2018', 'November', 2, NULL, '2018-11-06 02:29:05', '2018-11-06 02:29:05'),
	(137, '1983001', 79, NULL, 1, 44, 3048.85, '2018', 'November', 2, NULL, '2018-11-06 02:29:05', '2018-11-06 02:29:05'),
	(138, '1983001', 79, NULL, 4, 130, 216.67, '2018', 'November', 2, NULL, '2018-11-06 02:29:05', '2018-11-06 02:29:05'),
	(139, '1983001', 79, NULL, 8, 156, 1311.12, '2018', 'November', 2, NULL, '2018-11-06 02:29:05', '2018-11-06 02:29:05'),
	(140, '1983001', 79, NULL, 5, 211, 7486.00, '2018', 'November', 2, NULL, '2018-11-06 02:29:05', '2018-11-06 02:29:05'),
	(141, '1983001', 79, NULL, 6, 303, 2283.33, '2018', 'November', 2, NULL, '2018-11-06 02:29:06', '2018-11-06 02:29:06'),
	(142, '2010019', 81, NULL, 1, 45, 5228.63, '2018', 'November', 2, NULL, '2018-11-06 02:29:06', '2018-11-06 02:29:06'),
	(143, '2010019', 81, NULL, 5, 212, 9809.22, '2018', 'November', 2, NULL, '2018-11-06 02:29:06', '2018-11-06 02:29:06'),
	(144, '2010019', 81, NULL, 6, 304, 2150.00, '2018', 'November', 2, NULL, '2018-11-06 02:29:06', '2018-11-06 02:29:06'),
	(145, '2010010', 82, NULL, 1, 46, 2693.60, '2018', 'November', 2, NULL, '2018-11-06 02:29:07', '2018-11-06 02:29:07'),
	(146, '2010010', 82, NULL, 5, 213, 2968.58, '2018', 'November', 2, NULL, '2018-11-06 02:29:07', '2018-11-06 02:29:07'),
	(147, '2010010', 82, NULL, 6, 305, 1400.00, '2018', 'November', 2, NULL, '2018-11-06 02:29:07', '2018-11-06 02:29:07'),
	(148, '1977004', 83, NULL, 1, 47, 3991.67, '2018', 'November', 2, NULL, '2018-11-06 02:29:07', '2018-11-06 02:29:07'),
	(149, '1977004', 83, NULL, 4, 131, 216.67, '2018', 'November', 2, NULL, '2018-11-06 02:29:07', '2018-11-06 02:29:07'),
	(150, '1977004', 83, NULL, 5, 214, 4614.50, '2018', 'November', 2, NULL, '2018-11-06 02:29:07', '2018-11-06 02:29:07'),
	(151, '1977004', 83, NULL, 6, 306, 1400.00, '2018', 'November', 2, NULL, '2018-11-06 02:29:07', '2018-11-06 02:29:07'),
	(152, '1977004', 83, NULL, 7, 358, 1200.00, '2018', 'November', 2, NULL, '2018-11-06 02:29:07', '2018-11-06 02:29:07'),
	(153, '1997001', 84, NULL, 1, 48, 7635.55, '2018', 'November', 2, NULL, '2018-11-06 02:29:07', '2018-11-06 02:29:07'),
	(154, '1997001', 84, NULL, 5, 215, 9292.96, '2018', 'November', 2, NULL, '2018-11-06 02:29:07', '2018-11-06 02:29:07'),
	(155, '1997001', 84, NULL, 3, 401, 1000.00, '2018', 'November', 2, NULL, '2018-11-06 02:29:07', '2018-11-06 02:29:07'),
	(156, '1987002', 85, NULL, 5, 216, 6453.44, '2018', 'November', 2, NULL, '2018-11-06 02:29:07', '2018-11-06 02:29:07'),
	(157, '2015011', 86, NULL, 5, 217, 6195.30, '2018', 'November', 2, NULL, '2018-11-06 02:29:08', '2018-11-06 02:29:08'),
	(158, '2015011', 86, NULL, 9, 379, 2333.33, '2018', 'November', 2, NULL, '2018-11-06 02:29:08', '2018-11-06 02:29:08'),
	(159, '2015010', 87, NULL, 1, 49, 831.05, '2018', 'November', 2, NULL, '2018-11-06 02:29:08', '2018-11-06 02:29:08'),
	(160, '2015010', 87, NULL, 5, 218, 4388.34, '2018', 'November', 2, NULL, '2018-11-06 02:29:08', '2018-11-06 02:29:08'),
	(161, '2012006', 89, NULL, 1, 50, 2094.20, '2018', 'November', 2, NULL, '2018-11-06 02:29:09', '2018-11-06 02:29:09'),
	(162, '2012006', 89, NULL, 5, 219, 4904.62, '2018', 'November', 2, NULL, '2018-11-06 02:29:09', '2018-11-06 02:29:09'),
	(163, '2012006', 89, NULL, 9, 380, 1166.67, '2018', 'November', 2, NULL, '2018-11-06 02:29:09', '2018-11-06 02:29:09'),
	(164, '2012006', 89, NULL, 3, 402, 500.00, '2018', 'November', 2, NULL, '2018-11-06 02:29:09', '2018-11-06 02:29:09'),
	(165, '1992006', 90, NULL, 1, 51, 3332.97, '2018', 'November', 2, NULL, '2018-11-06 02:29:09', '2018-11-06 02:29:09'),
	(166, '1992006', 90, NULL, 5, 220, 8260.40, '2018', 'November', 2, NULL, '2018-11-06 02:29:09', '2018-11-06 02:29:09'),
	(167, '2011024', 91, NULL, 1, 52, 2398.84, '2018', 'November', 2, NULL, '2018-11-06 02:29:10', '2018-11-06 02:29:10'),
	(168, '2011024', 91, NULL, 5, 221, 4388.34, '2018', 'November', 2, NULL, '2018-11-06 02:29:10', '2018-11-06 02:29:10'),
	(169, '2011024', 91, NULL, 6, 307, 1400.00, '2018', 'November', 2, NULL, '2018-11-06 02:29:10', '2018-11-06 02:29:10'),
	(170, '2011024', 91, NULL, 7, 359, 1366.77, '2018', 'November', 2, NULL, '2018-11-06 02:29:10', '2018-11-06 02:29:10'),
	(171, '2011024', 91, NULL, 3, 403, 1015.00, '2018', 'November', 2, NULL, '2018-11-06 02:29:10', '2018-11-06 02:29:10'),
	(172, '1987003', 92, NULL, 1, 53, 4808.82, '2018', 'November', 2, NULL, '2018-11-06 02:29:11', '2018-11-06 02:29:11'),
	(173, '1987003', 92, NULL, 4, 132, 216.67, '2018', 'November', 2, NULL, '2018-11-06 02:29:11', '2018-11-06 02:29:11'),
	(174, '1987003', 92, NULL, 8, 157, 1311.12, '2018', 'November', 2, NULL, '2018-11-06 02:29:11', '2018-11-06 02:29:11'),
	(175, '1987003', 92, NULL, 5, 222, 10067.36, '2018', 'November', 2, NULL, '2018-11-06 02:29:11', '2018-11-06 02:29:11'),
	(176, '1987003', 92, NULL, 6, 308, 2430.00, '2018', 'November', 2, NULL, '2018-11-06 02:29:11', '2018-11-06 02:29:11'),
	(177, '1985002', 95, NULL, 1, 54, 3743.77, '2018', 'November', 2, NULL, '2018-11-06 02:29:11', '2018-11-06 02:29:11'),
	(178, '1985002', 95, NULL, 4, 133, 216.67, '2018', 'November', 2, NULL, '2018-11-06 02:29:11', '2018-11-06 02:29:11'),
	(179, '1985002', 95, NULL, 6, 309, 1400.00, '2018', 'November', 2, NULL, '2018-11-06 02:29:11', '2018-11-06 02:29:11'),
	(180, '1985002', 95, NULL, 3, 404, 1400.00, '2018', 'November', 2, NULL, '2018-11-06 02:29:12', '2018-11-06 02:29:12'),
	(181, '2011034', 96, NULL, 1, 55, 1505.56, '2018', 'November', 2, NULL, '2018-11-06 02:29:12', '2018-11-06 02:29:12'),
	(182, '2011015', 97, NULL, 1, 56, 2266.89, '2018', 'November', 2, NULL, '2018-11-06 02:29:12', '2018-11-06 02:29:12'),
	(183, '2010004', 98, NULL, 1, 57, 9796.21, '2018', 'November', 2, NULL, '2018-11-06 02:29:12', '2018-11-06 02:29:12'),
	(184, '1988002', 99, NULL, 6, 310, 1400.00, '2018', 'November', 2, NULL, '2018-11-06 02:29:13', '2018-11-06 02:29:13'),
	(185, '1988002', 99, NULL, 9, 381, 2208.67, '2018', 'November', 2, NULL, '2018-11-06 02:29:13', '2018-11-06 02:29:13'),
	(186, '1976002', 100, NULL, 1, 58, 3435.96, '2018', 'November', 2, NULL, '2018-11-06 02:29:13', '2018-11-06 02:29:13'),
	(187, '1976002', 100, NULL, 4, 134, 216.67, '2018', 'November', 2, NULL, '2018-11-06 02:29:14', '2018-11-06 02:29:14'),
	(188, '1976002', 100, NULL, 6, 349, 2650.00, '2018', 'November', 2, NULL, '2018-11-06 02:29:14', '2018-11-06 02:29:14'),
	(189, '1976002', 100, NULL, 3, 405, 500.00, '2018', 'November', 2, NULL, '2018-11-06 02:29:14', '2018-11-06 02:29:14'),
	(190, '2011027', 102, NULL, 1, 59, 1662.10, '2018', 'November', 2, NULL, '2018-11-06 02:29:14', '2018-11-06 02:29:14'),
	(191, '2011027', 102, NULL, 4, 135, 216.67, '2018', 'November', 2, NULL, '2018-11-06 02:29:14', '2018-11-06 02:29:14'),
	(192, '2011027', 102, NULL, 5, 223, 8121.52, '2018', 'November', 2, NULL, '2018-11-06 02:29:14', '2018-11-06 02:29:14'),
	(193, '2011027', 102, NULL, 3, 406, 808.33, '2018', 'November', 2, NULL, '2018-11-06 02:29:14', '2018-11-06 02:29:14'),
	(194, '1977002', 105, NULL, 1, 60, 3726.16, '2018', 'November', 2, NULL, '2018-11-06 02:29:15', '2018-11-06 02:29:15'),
	(195, '1977002', 105, NULL, 4, 136, 216.67, '2018', 'November', 2, NULL, '2018-11-06 02:29:15', '2018-11-06 02:29:15'),
	(196, '1977002', 105, NULL, 5, 224, 8518.54, '2018', 'November', 2, NULL, '2018-11-06 02:29:15', '2018-11-06 02:29:15'),
	(197, '1977002', 105, NULL, 6, 311, 1400.00, '2018', 'November', 2, NULL, '2018-11-06 02:29:15', '2018-11-06 02:29:15'),
	(198, '1977002', 105, NULL, 7, 360, 392.64, '2018', 'November', 2, NULL, '2018-11-06 02:29:15', '2018-11-06 02:29:15'),
	(199, '1977002', 105, NULL, 9, 382, 1166.67, '2018', 'November', 2, NULL, '2018-11-06 02:29:15', '2018-11-06 02:29:15'),
	(200, '2010017', 106, NULL, 1, 61, 4998.54, '2018', 'November', 2, NULL, '2018-11-06 02:29:15', '2018-11-06 02:29:15'),
	(201, '2010017', 106, NULL, 5, 225, 10067.36, '2018', 'November', 2, NULL, '2018-11-06 02:29:15', '2018-11-06 02:29:15'),
	(202, '1989004', 110, NULL, 5, 226, 5537.40, '2018', 'November', 2, NULL, '2018-11-06 02:29:16', '2018-11-06 02:29:16'),
	(203, '1989004', 110, NULL, 6, 312, 1400.00, '2018', 'November', 2, NULL, '2018-11-06 02:29:16', '2018-11-06 02:29:16'),
	(204, '2011009', 112, NULL, 1, 62, 2331.98, '2018', 'November', 2, NULL, '2018-11-06 02:29:16', '2018-11-06 02:29:16'),
	(205, '2011009', 112, NULL, 8, 158, 655.56, '2018', 'November', 2, NULL, '2018-11-06 02:29:16', '2018-11-06 02:29:16'),
	(206, '2011009', 112, NULL, 5, 227, 4904.62, '2018', 'November', 2, NULL, '2018-11-06 02:29:16', '2018-11-06 02:29:16'),
	(207, '1978002', 114, NULL, 1, 63, 3726.16, '2018', 'November', 2, NULL, '2018-11-06 02:29:17', '2018-11-06 02:29:17'),
	(208, '1978002', 114, NULL, 4, 137, 216.67, '2018', 'November', 2, NULL, '2018-11-06 02:29:17', '2018-11-06 02:29:17'),
	(209, '1978002', 114, NULL, 8, 159, 655.56, '2018', 'November', 2, NULL, '2018-11-06 02:29:17', '2018-11-06 02:29:17'),
	(210, '1978002', 114, NULL, 5, 228, 8859.84, '2018', 'November', 2, NULL, '2018-11-06 02:29:18', '2018-11-06 02:29:18'),
	(211, '1992009', 116, NULL, 1, 64, 3332.97, '2018', 'November', 2, NULL, '2018-11-06 02:29:18', '2018-11-06 02:29:18'),
	(212, '1992009', 116, NULL, 4, 138, 216.67, '2018', 'November', 2, NULL, '2018-11-06 02:29:18', '2018-11-06 02:29:18'),
	(213, '1992009', 116, NULL, 8, 160, 655.56, '2018', 'November', 2, NULL, '2018-11-06 02:29:18', '2018-11-06 02:29:18'),
	(214, '1992009', 116, NULL, 5, 229, 8518.54, '2018', 'November', 2, NULL, '2018-11-06 02:29:18', '2018-11-06 02:29:18'),
	(215, '1992009', 116, NULL, 6, 313, 1930.00, '2018', 'November', 2, NULL, '2018-11-06 02:29:18', '2018-11-06 02:29:18'),
	(216, '1989002', 117, NULL, 1, 65, 3894.33, '2018', 'November', 2, NULL, '2018-11-06 02:29:18', '2018-11-06 02:29:18'),
	(217, '1989002', 117, NULL, 4, 139, 216.67, '2018', 'November', 2, NULL, '2018-11-06 02:29:19', '2018-11-06 02:29:19'),
	(218, '1989002', 117, NULL, 5, 230, 6711.58, '2018', 'November', 2, NULL, '2018-11-06 02:29:19', '2018-11-06 02:29:19'),
	(219, '1989002', 117, NULL, 6, 314, 2490.00, '2018', 'November', 2, NULL, '2018-11-06 02:29:19', '2018-11-06 02:29:19'),
	(220, '2016007', 120, NULL, 5, 231, 11874.32, '2018', 'November', 2, NULL, '2018-11-06 02:29:19', '2018-11-06 02:29:19'),
	(221, '1988003', 123, NULL, 1, 66, 7211.54, '2018', 'November', 2, NULL, '2018-11-06 02:29:20', '2018-11-06 02:29:20'),
	(222, '1988003', 123, NULL, 5, 232, 11616.20, '2018', 'November', 2, NULL, '2018-11-06 02:29:20', '2018-11-06 02:29:20'),
	(223, '1988003', 123, NULL, 6, 315, 1400.00, '2018', 'November', 2, NULL, '2018-11-06 02:29:20', '2018-11-06 02:29:20'),
	(224, '1988003', 123, NULL, 7, 361, 2930.48, '2018', 'November', 2, NULL, '2018-11-06 02:29:20', '2018-11-06 02:29:20'),
	(225, '2011025', 124, NULL, 1, 67, 4124.70, '2018', 'November', 2, NULL, '2018-11-06 02:29:20', '2018-11-06 02:29:20'),
	(226, '2011025', 124, NULL, 5, 233, 4388.34, '2018', 'November', 2, NULL, '2018-11-06 02:29:20', '2018-11-06 02:29:20'),
	(227, '2010021', 126, NULL, 1, 68, 3472.03, '2018', 'November', 2, NULL, '2018-11-06 02:29:21', '2018-11-06 02:29:21'),
	(228, '2010021', 126, NULL, 8, 161, 655.56, '2018', 'November', 2, NULL, '2018-11-06 02:29:21', '2018-11-06 02:29:21'),
	(229, '2010021', 126, NULL, 5, 234, 9034.82, '2018', 'November', 2, NULL, '2018-11-06 02:29:21', '2018-11-06 02:29:21'),
	(230, '1984003', 127, NULL, 1, 69, 3631.05, '2018', 'November', 2, NULL, '2018-11-06 02:29:22', '2018-11-06 02:29:22'),
	(231, '1984003', 127, NULL, 4, 140, 216.67, '2018', 'November', 2, NULL, '2018-11-06 02:29:22', '2018-11-06 02:29:22'),
	(232, '1984003', 127, NULL, 5, 235, 3226.72, '2018', 'November', 2, NULL, '2018-11-06 02:29:22', '2018-11-06 02:29:22'),
	(233, '1984003', 127, NULL, 6, 316, 1400.00, '2018', 'November', 2, NULL, '2018-11-06 02:29:22', '2018-11-06 02:29:22'),
	(234, '1984003', 127, NULL, 7, 362, 815.90, '2018', 'November', 2, NULL, '2018-11-06 02:29:22', '2018-11-06 02:29:22'),
	(235, '2011010', 128, NULL, 1, 70, 4124.70, '2018', 'November', 2, NULL, '2018-11-06 02:29:22', '2018-11-06 02:29:22'),
	(236, '2011010', 128, NULL, 5, 236, 3872.06, '2018', 'November', 2, NULL, '2018-11-06 02:29:22', '2018-11-06 02:29:22'),
	(237, '2011010', 128, NULL, 6, 346, 1400.00, '2018', 'November', 2, NULL, '2018-11-06 02:29:22', '2018-11-06 02:29:22'),
	(238, '2015012', 129, NULL, 1, 71, 1834.43, '2018', 'November', 2, NULL, '2018-11-06 02:29:22', '2018-11-06 02:29:22'),
	(239, '2015012', 129, NULL, 5, 237, 4130.20, '2018', 'November', 2, NULL, '2018-11-06 02:29:22', '2018-11-06 02:29:22'),
	(240, '2017004', 130, NULL, 6, 347, 400.00, '2018', 'November', 2, NULL, '2018-11-06 02:29:23', '2018-11-06 02:29:23'),
	(241, '1990002', 132, NULL, 1, 72, 4986.31, '2018', 'November', 2, NULL, '2018-11-06 02:29:23', '2018-11-06 02:29:23'),
	(242, '1990002', 132, NULL, 5, 238, 4388.34, '2018', 'November', 2, NULL, '2018-11-06 02:29:23', '2018-11-06 02:29:23'),
	(243, '1990002', 132, NULL, 6, 317, 1400.00, '2018', 'November', 2, NULL, '2018-11-06 02:29:24', '2018-11-06 02:29:24'),
	(244, '2017003', 133, NULL, 5, 239, 7227.86, '2018', 'November', 2, NULL, '2018-11-06 02:29:24', '2018-11-06 02:29:24'),
	(245, '2011036', 136, NULL, 5, 240, 9292.96, '2018', 'November', 2, NULL, '2018-11-06 02:29:25', '2018-11-06 02:29:25'),
	(246, '2011014', 137, NULL, 5, 241, 2399.54, '2018', 'November', 2, NULL, '2018-11-06 02:29:25', '2018-11-06 02:29:25'),
	(247, '1985008', 138, NULL, 1, 73, 3991.67, '2018', 'November', 2, NULL, '2018-11-06 02:29:25', '2018-11-06 02:29:25'),
	(248, '1985008', 138, NULL, 4, 141, 216.67, '2018', 'November', 2, NULL, '2018-11-06 02:29:25', '2018-11-06 02:29:25'),
	(249, '1985008', 138, NULL, 8, 162, 1311.12, '2018', 'November', 2, NULL, '2018-11-06 02:29:25', '2018-11-06 02:29:25'),
	(250, '1985008', 138, NULL, 5, 242, 9292.96, '2018', 'November', 2, NULL, '2018-11-06 02:29:25', '2018-11-06 02:29:25'),
	(251, '1985008', 138, NULL, 6, 318, 1400.00, '2018', 'November', 2, NULL, '2018-11-06 02:29:25', '2018-11-06 02:29:25'),
	(252, '1985008', 138, NULL, 7, 363, 1256.13, '2018', 'November', 2, NULL, '2018-11-06 02:29:25', '2018-11-06 02:29:25'),
	(253, '2012007', 139, NULL, 5, 243, 5937.16, '2018', 'November', 2, NULL, '2018-11-06 02:29:26', '2018-11-06 02:29:26'),
	(254, '2015002', 141, NULL, 1, 74, 2991.79, '2018', 'November', 2, NULL, '2018-11-06 02:29:27', '2018-11-06 02:29:27'),
	(255, '2015002', 141, NULL, 5, 244, 9292.96, '2018', 'November', 2, NULL, '2018-11-06 02:29:27', '2018-11-06 02:29:27'),
	(256, '2011001', 142, NULL, 1, 75, 5509.84, '2018', 'November', 2, NULL, '2018-11-06 02:29:27', '2018-11-06 02:29:27'),
	(257, '2011001', 142, NULL, 5, 245, 10325.52, '2018', 'November', 2, NULL, '2018-11-06 02:29:27', '2018-11-06 02:29:27'),
	(258, '2011001', 142, NULL, 6, 319, 1400.00, '2018', 'November', 2, NULL, '2018-11-06 02:29:27', '2018-11-06 02:29:27'),
	(259, '2011001', 142, NULL, 7, 364, 1931.58, '2018', 'November', 2, NULL, '2018-11-06 02:29:27', '2018-11-06 02:29:27'),
	(260, '2011001', 142, NULL, 3, 407, 500.00, '2018', 'November', 2, NULL, '2018-11-06 02:29:27', '2018-11-06 02:29:27'),
	(261, '2014010', 144, NULL, 1, 76, 635.52, '2018', 'November', 2, NULL, '2018-11-06 02:29:27', '2018-11-06 02:29:27'),
	(262, '1994002', 146, NULL, 3, 408, 800.00, '2018', 'November', 2, NULL, '2018-11-06 02:29:28', '2018-11-06 02:29:28'),
	(263, '2012009', 147, NULL, 1, 77, 1049.51, '2018', 'November', 2, NULL, '2018-11-06 02:29:28', '2018-11-06 02:29:28'),
	(264, '2012009', 147, NULL, 5, 246, 5937.16, '2018', 'November', 2, NULL, '2018-11-06 02:29:28', '2018-11-06 02:29:28'),
	(265, '2012009', 147, NULL, 6, 320, 1400.00, '2018', 'November', 2, NULL, '2018-11-06 02:29:28', '2018-11-06 02:29:28'),
	(266, '2012009', 147, NULL, 7, 365, 842.47, '2018', 'November', 2, NULL, '2018-11-06 02:29:28', '2018-11-06 02:29:28'),
	(267, '1992002', 148, NULL, 1, 78, 3582.05, '2018', 'November', 2, NULL, '2018-11-06 02:29:29', '2018-11-06 02:29:29'),
	(268, '1992002', 148, NULL, 5, 247, 2581.38, '2018', 'November', 2, NULL, '2018-11-06 02:29:29', '2018-11-06 02:29:29'),
	(269, '1992002', 148, NULL, 6, 321, 310.00, '2018', 'November', 2, NULL, '2018-11-06 02:29:29', '2018-11-06 02:29:29'),
	(270, '2014006', 149, NULL, 1, 79, 5000.00, '2018', 'November', 2, NULL, '2018-11-06 02:29:29', '2018-11-06 02:29:29'),
	(271, '2014006', 149, NULL, 1, 80, 5032.26, '2018', 'November', 2, NULL, '2018-11-06 02:29:29', '2018-11-06 02:29:29'),
	(272, '2014006', 149, NULL, 8, 163, 655.56, '2018', 'November', 2, NULL, '2018-11-06 02:29:29', '2018-11-06 02:29:29'),
	(273, '2014006', 149, NULL, 5, 248, 12132.46, '2018', 'November', 2, NULL, '2018-11-06 02:29:29', '2018-11-06 02:29:29'),
	(274, '2014006', 149, NULL, 6, 348, 1500.00, '2018', 'November', 2, NULL, '2018-11-06 02:29:29', '2018-11-06 02:29:29'),
	(275, '2014006', 149, NULL, 9, 383, 2333.33, '2018', 'November', 2, NULL, '2018-11-06 02:29:30', '2018-11-06 02:29:30'),
	(276, '2014006', 149, NULL, 3, 409, 500.00, '2018', 'November', 2, NULL, '2018-11-06 02:29:30', '2018-11-06 02:29:30'),
	(277, '2014002', 150, NULL, 2, 172, 10871.08, '2018', 'November', 2, NULL, '2018-11-06 02:29:30', '2018-11-06 02:29:30'),
	(278, '2017002', 151, NULL, 5, 249, 5162.76, '2018', 'November', 2, NULL, '2018-11-06 02:29:31', '2018-11-06 02:29:31'),
	(279, '2017002', 151, NULL, 7, 366, 406.14, '2018', 'November', 2, NULL, '2018-11-06 02:29:31', '2018-11-06 02:29:31'),
	(280, '2011030', 152, NULL, 1, 81, 2398.84, '2018', 'November', 2, NULL, '2018-11-06 02:29:31', '2018-11-06 02:29:31'),
	(281, '2011030', 152, NULL, 5, 250, 6969.72, '2018', 'November', 2, NULL, '2018-11-06 02:29:31', '2018-11-06 02:29:31'),
	(282, '2011030', 152, NULL, 7, 367, 854.16, '2018', 'November', 2, NULL, '2018-11-06 02:29:31', '2018-11-06 02:29:31'),
	(283, '2011026', 153, NULL, 1, 82, 5983.57, '2018', 'November', 2, NULL, '2018-11-06 02:29:31', '2018-11-06 02:29:31'),
	(284, '2011026', 153, NULL, 5, 251, 7227.86, '2018', 'November', 2, NULL, '2018-11-06 02:29:31', '2018-11-06 02:29:31'),
	(285, '2016011', 154, NULL, 1, 83, 745.71, '2018', 'November', 2, NULL, '2018-11-06 02:29:32', '2018-11-06 02:29:32'),
	(286, '2016011', 154, NULL, 5, 252, 5162.76, '2018', 'November', 2, NULL, '2018-11-06 02:29:32', '2018-11-06 02:29:32'),
	(287, '2015014', 156, NULL, 1, 84, 1706.88, '2018', 'November', 2, NULL, '2018-11-06 02:29:33', '2018-11-06 02:29:33'),
	(288, '2015014', 156, NULL, 5, 253, 5162.76, '2018', 'November', 2, NULL, '2018-11-06 02:29:33', '2018-11-06 02:29:33'),
	(289, '2015014', 156, NULL, 6, 322, 1400.00, '2018', 'November', 2, NULL, '2018-11-06 02:29:33', '2018-11-06 02:29:33'),
	(290, '2015014', 156, NULL, 9, 384, 4416.67, '2018', 'November', 2, NULL, '2018-11-06 02:29:33', '2018-11-06 02:29:33'),
	(291, '2013007', 157, NULL, 8, 164, 655.56, '2018', 'November', 2, NULL, '2018-11-06 02:29:33', '2018-11-06 02:29:33'),
	(292, '2013007', 157, NULL, 5, 254, 4388.34, '2018', 'November', 2, NULL, '2018-11-06 02:29:33', '2018-11-06 02:29:33'),
	(293, '2003002', 159, NULL, 1, 85, 13169.80, '2018', 'November', 2, NULL, '2018-11-06 02:29:33', '2018-11-06 02:29:33'),
	(294, '1992005', 160, NULL, 1, 86, 7290.98, '2018', 'November', 2, NULL, '2018-11-06 02:29:33', '2018-11-06 02:29:33'),
	(295, '1992005', 160, NULL, 3, 410, 500.00, '2018', 'November', 2, NULL, '2018-11-06 02:29:34', '2018-11-06 02:29:34'),
	(296, '2013001', 161, NULL, 5, 255, 12906.88, '2018', 'November', 2, NULL, '2018-11-06 02:29:34', '2018-11-06 02:29:34'),
	(297, '2013001', 161, NULL, 3, 411, 1000.00, '2018', 'November', 2, NULL, '2018-11-06 02:29:34', '2018-11-06 02:29:34'),
	(298, '1990014', 162, NULL, 1, 87, 8310.52, '2018', 'November', 2, NULL, '2018-11-06 02:29:34', '2018-11-06 02:29:34'),
	(299, '1990014', 162, NULL, 6, 323, 2180.00, '2018', 'November', 2, NULL, '2018-11-06 02:29:34', '2018-11-06 02:29:34'),
	(300, '1990014', 162, NULL, 9, 385, 2208.67, '2018', 'November', 2, NULL, '2018-11-06 02:29:34', '2018-11-06 02:29:34'),
	(301, '1990014', 162, NULL, 3, 412, 1500.00, '2018', 'November', 2, NULL, '2018-11-06 02:29:34', '2018-11-06 02:29:34'),
	(302, '2016008', 163, NULL, 5, 256, 5162.76, '2018', 'November', 2, NULL, '2018-11-06 02:29:34', '2018-11-06 02:29:34'),
	(303, '1989001', 164, NULL, 1, 88, 3388.42, '2018', 'November', 2, NULL, '2018-11-06 02:29:34', '2018-11-06 02:29:34'),
	(304, '1995004', 166, NULL, 1, 89, 3394.02, '2018', 'November', 2, NULL, '2018-11-06 02:29:35', '2018-11-06 02:29:35'),
	(305, '1995004', 166, NULL, 4, 142, 216.67, '2018', 'November', 2, NULL, '2018-11-06 02:29:35', '2018-11-06 02:29:35'),
	(306, '1995004', 166, NULL, 5, 257, 6711.58, '2018', 'November', 2, NULL, '2018-11-06 02:29:36', '2018-11-06 02:29:36'),
	(307, '1995004', 166, NULL, 6, 324, 1930.00, '2018', 'November', 2, NULL, '2018-11-06 02:29:36', '2018-11-06 02:29:36'),
	(308, '1995004', 166, NULL, 7, 368, 340.84, '2018', 'November', 2, NULL, '2018-11-06 02:29:36', '2018-11-06 02:29:36'),
	(309, '1995004', 166, NULL, 3, 413, 1000.00, '2018', 'November', 2, NULL, '2018-11-06 02:29:36', '2018-11-06 02:29:36'),
	(310, '2010012', 167, NULL, 1, 90, 1635.65, '2018', 'November', 2, NULL, '2018-11-06 02:29:36', '2018-11-06 02:29:36'),
	(311, '2010012', 167, NULL, 4, 143, 216.67, '2018', 'November', 2, NULL, '2018-11-06 02:29:36', '2018-11-06 02:29:36'),
	(312, '2010012', 167, NULL, 5, 258, 3613.92, '2018', 'November', 2, NULL, '2018-11-06 02:29:36', '2018-11-06 02:29:36'),
	(313, '2010012', 167, NULL, 6, 325, 2150.00, '2018', 'November', 2, NULL, '2018-11-06 02:29:36', '2018-11-06 02:29:36'),
	(314, '2010012', 167, NULL, 7, 369, 870.46, '2018', 'November', 2, NULL, '2018-11-06 02:29:36', '2018-11-06 02:29:36'),
	(315, '1995006', 168, NULL, 1, 91, 7707.11, '2018', 'November', 2, NULL, '2018-11-06 02:29:37', '2018-11-06 02:29:37'),
	(316, '1996001', 169, NULL, 1, 92, 1714.29, '2018', 'November', 2, NULL, '2018-11-06 02:29:37', '2018-11-06 02:29:37'),
	(317, '1996001', 169, NULL, 6, 326, 1400.00, '2018', 'November', 2, NULL, '2018-11-06 02:29:37', '2018-11-06 02:29:37'),
	(318, '1990004', 170, NULL, 1, 93, 13950.50, '2018', 'November', 2, NULL, '2018-11-06 02:29:38', '2018-11-06 02:29:38'),
	(319, '1990004', 170, NULL, 5, 259, 15488.26, '2018', 'November', 2, NULL, '2018-11-06 02:29:38', '2018-11-06 02:29:38'),
	(320, '1990004', 170, NULL, 7, 370, 3533.67, '2018', 'November', 2, NULL, '2018-11-06 02:29:38', '2018-11-06 02:29:38'),
	(321, '1994004', 171, NULL, 1, 94, 1492.52, '2018', 'November', 2, NULL, '2018-11-06 02:29:38', '2018-11-06 02:29:38'),
	(322, '1994004', 171, NULL, 6, 327, 1400.00, '2018', 'November', 2, NULL, '2018-11-06 02:29:38', '2018-11-06 02:29:38'),
	(323, '1994004', 171, NULL, 3, 414, 2000.00, '2018', 'November', 2, NULL, '2018-11-06 02:29:39', '2018-11-06 02:29:39'),
	(324, '2014007', 172, NULL, 5, 260, 4130.20, '2018', 'November', 2, NULL, '2018-11-06 02:29:39', '2018-11-06 02:29:39'),
	(325, '2015004', 173, NULL, 1, 95, 1511.19, '2018', 'November', 2, NULL, '2018-11-06 02:29:40', '2018-11-06 02:29:40'),
	(326, '2015004', 173, NULL, 5, 261, 8791.60, '2018', 'November', 2, NULL, '2018-11-06 02:29:40', '2018-11-06 02:29:40'),
	(327, '1990003', 174, NULL, 1, 96, 15690.12, '2018', 'November', 2, NULL, '2018-11-06 02:29:41', '2018-11-06 02:29:41'),
	(328, '2011035', 175, NULL, 1, 97, 4998.54, '2018', 'November', 2, NULL, '2018-11-06 02:29:41', '2018-11-06 02:29:41'),
	(329, '2011035', 175, NULL, 2, 173, 7204.32, '2018', 'November', 2, NULL, '2018-11-06 02:29:41', '2018-11-06 02:29:41'),
	(330, '2015007', 176, NULL, 1, 98, 9972.62, '2018', 'November', 2, NULL, '2018-11-06 02:29:41', '2018-11-06 02:29:41'),
	(331, '2015007', 176, NULL, 8, 165, 1311.12, '2018', 'November', 2, NULL, '2018-11-06 02:29:42', '2018-11-06 02:29:42'),
	(332, '2015007', 176, NULL, 7, 371, 2828.68, '2018', 'November', 2, NULL, '2018-11-06 02:29:42', '2018-11-06 02:29:42'),
	(333, '2015007', 176, NULL, 9, 386, 1513.89, '2018', 'November', 2, NULL, '2018-11-06 02:29:42', '2018-11-06 02:29:42'),
	(334, '2015007', 176, NULL, 3, 415, 2000.00, '2018', 'November', 2, NULL, '2018-11-06 02:29:42', '2018-11-06 02:29:42'),
	(335, '1993007', 177, NULL, 5, 262, 6711.58, '2018', 'November', 2, NULL, '2018-11-06 02:29:42', '2018-11-06 02:29:42'),
	(336, '1976001', 178, NULL, 1, 99, 3278.28, '2018', 'November', 2, NULL, '2018-11-06 02:29:42', '2018-11-06 02:29:42'),
	(337, '1976001', 178, NULL, 4, 144, 216.67, '2018', 'November', 2, NULL, '2018-11-06 02:29:42', '2018-11-06 02:29:42'),
	(338, '1987007', 179, NULL, 1, 100, 4120.58, '2018', 'November', 2, NULL, '2018-11-06 02:29:43', '2018-11-06 02:29:43'),
	(339, '1987007', 179, NULL, 9, 387, 1513.89, '2018', 'November', 2, NULL, '2018-11-06 02:29:43', '2018-11-06 02:29:43'),
	(340, '2012002', 181, NULL, 1, 101, 1901.58, '2018', 'November', 2, NULL, '2018-11-06 02:29:44', '2018-11-06 02:29:44'),
	(341, '2012002', 181, NULL, 5, 263, 8859.84, '2018', 'November', 2, NULL, '2018-11-06 02:29:44', '2018-11-06 02:29:44'),
	(342, '2012002', 181, NULL, 3, 416, 700.00, '2018', 'November', 2, NULL, '2018-11-06 02:29:44', '2018-11-06 02:29:44'),
	(343, '1978003', 182, NULL, 1, 102, 4010.28, '2018', 'November', 2, NULL, '2018-11-06 02:29:44', '2018-11-06 02:29:44'),
	(344, '1991001', 183, NULL, 7, 372, 1553.29, '2018', 'November', 2, NULL, '2018-11-06 02:29:44', '2018-11-06 02:29:44'),
	(345, '1991001', 183, NULL, 9, 388, 1513.89, '2018', 'November', 2, NULL, '2018-11-06 02:29:44', '2018-11-06 02:29:44'),
	(346, '2012003', 184, NULL, 1, 103, 1259.21, '2018', 'November', 2, NULL, '2018-11-06 02:29:45', '2018-11-06 02:29:45'),
	(347, '2012003', 184, NULL, 5, 264, 1936.03, '2018', 'November', 2, NULL, '2018-11-06 02:29:45', '2018-11-06 02:29:45'),
	(348, '2012003', 184, NULL, 9, 389, 1766.67, '2018', 'November', 2, NULL, '2018-11-06 02:29:45', '2018-11-06 02:29:45'),
	(349, '2012003', 184, NULL, 3, 417, 200.00, '2018', 'November', 2, NULL, '2018-11-06 02:29:45', '2018-11-06 02:29:45'),
	(350, '1979002', 185, NULL, 5, 265, 5162.76, '2018', 'November', 2, NULL, '2018-11-06 02:29:45', '2018-11-06 02:29:45'),
	(351, '2012004', 186, NULL, 1, 104, 5374.98, '2018', 'November', 2, NULL, '2018-11-06 02:29:46', '2018-11-06 02:29:46'),
	(352, '2012004', 186, NULL, 5, 266, 9809.22, '2018', 'November', 2, NULL, '2018-11-06 02:29:46', '2018-11-06 02:29:46'),
	(353, '1992008', 187, NULL, 1, 105, 3102.24, '2018', 'November', 2, NULL, '2018-11-06 02:29:46', '2018-11-06 02:29:46'),
	(354, '1992008', 187, NULL, 4, 145, 216.67, '2018', 'November', 2, NULL, '2018-11-06 02:29:46', '2018-11-06 02:29:46'),
	(355, '1994005', 188, NULL, 5, 267, 4904.62, '2018', 'November', 2, NULL, '2018-11-06 02:29:46', '2018-11-06 02:29:46'),
	(356, '1987011', 190, NULL, 1, 106, 4537.20, '2018', 'November', 2, NULL, '2018-11-06 02:29:46', '2018-11-06 02:29:46'),
	(357, '1987011', 190, NULL, 5, 268, 11616.20, '2018', 'November', 2, NULL, '2018-11-06 02:29:46', '2018-11-06 02:29:46'),
	(358, '1985003', 192, NULL, 1, 107, 4808.82, '2018', 'November', 2, NULL, '2018-11-06 02:29:47', '2018-11-06 02:29:47'),
	(359, '1985003', 192, NULL, 4, 146, 216.67, '2018', 'November', 2, NULL, '2018-11-06 02:29:47', '2018-11-06 02:29:47'),
	(360, '1985003', 192, NULL, 8, 166, 655.56, '2018', 'November', 2, NULL, '2018-11-06 02:29:47', '2018-11-06 02:29:47'),
	(361, '1985003', 192, NULL, 5, 269, 5420.90, '2018', 'November', 2, NULL, '2018-11-06 02:29:47', '2018-11-06 02:29:47'),
	(362, '1985003', 192, NULL, 6, 328, 1930.00, '2018', 'November', 2, NULL, '2018-11-06 02:29:47', '2018-11-06 02:29:47'),
	(363, '1978001', 194, NULL, 1, 108, 3970.56, '2018', 'November', 2, NULL, '2018-11-06 02:29:47', '2018-11-06 02:29:47'),
	(364, '1978001', 194, NULL, 8, 167, 655.56, '2018', 'November', 2, NULL, '2018-11-06 02:29:47', '2018-11-06 02:29:47'),
	(365, '1978001', 194, NULL, 6, 329, 1400.00, '2018', 'November', 2, NULL, '2018-11-06 02:29:47', '2018-11-06 02:29:47'),
	(366, '1978001', 194, NULL, 7, 373, 1200.00, '2018', 'November', 2, NULL, '2018-11-06 02:29:48', '2018-11-06 02:29:48'),
	(367, '1993005', 195, NULL, 1, 109, 3841.88, '2018', 'November', 2, NULL, '2018-11-06 02:29:48', '2018-11-06 02:29:48'),
	(368, '1993005', 195, NULL, 4, 147, 216.67, '2018', 'November', 2, NULL, '2018-11-06 02:29:48', '2018-11-06 02:29:48'),
	(369, '1993005', 195, NULL, 5, 270, 8260.40, '2018', 'November', 2, NULL, '2018-11-06 02:29:48', '2018-11-06 02:29:48'),
	(370, '1993005', 195, NULL, 6, 330, 1400.00, '2018', 'November', 2, NULL, '2018-11-06 02:29:48', '2018-11-06 02:29:48'),
	(371, '1979001', 196, NULL, 1, 110, 3631.05, '2018', 'November', 2, NULL, '2018-11-06 02:29:48', '2018-11-06 02:29:48'),
	(372, '1979001', 196, NULL, 4, 148, 216.67, '2018', 'November', 2, NULL, '2018-11-06 02:29:48', '2018-11-06 02:29:48'),
	(373, '1979001', 196, NULL, 5, 271, 6453.44, '2018', 'November', 2, NULL, '2018-11-06 02:29:49', '2018-11-06 02:29:49'),
	(374, '1979001', 196, NULL, 6, 331, 1400.00, '2018', 'November', 2, NULL, '2018-11-06 02:29:49', '2018-11-06 02:29:49'),
	(375, '1979001', 196, NULL, 7, 374, 809.31, '2018', 'November', 2, NULL, '2018-11-06 02:29:49', '2018-11-06 02:29:49'),
	(376, '2010013', 197, NULL, 1, 111, 1739.99, '2018', 'November', 2, NULL, '2018-11-06 02:29:50', '2018-11-06 02:29:50'),
	(377, '2010013', 197, NULL, 5, 272, 5420.90, '2018', 'November', 2, NULL, '2018-11-06 02:29:50', '2018-11-06 02:29:50'),
	(378, '2010013', 197, NULL, 3, 418, 200.00, '2018', 'November', 2, NULL, '2018-11-06 02:29:50', '2018-11-06 02:29:50'),
	(379, '2016012', 198, NULL, 1, 112, 700.99, '2018', 'November', 2, NULL, '2018-11-06 02:29:51', '2018-11-06 02:29:51'),
	(380, '2016012', 198, NULL, 5, 273, 5162.76, '2018', 'November', 2, NULL, '2018-11-06 02:29:51', '2018-11-06 02:29:51'),
	(381, '2016012', 198, NULL, 6, 332, 1400.00, '2018', 'November', 2, NULL, '2018-11-06 02:29:51', '2018-11-06 02:29:51'),
	(382, '1978009', 199, NULL, 1, 113, 5359.14, '2018', 'November', 2, NULL, '2018-11-06 02:29:51', '2018-11-06 02:29:51'),
	(383, '1978009', 199, NULL, 5, 274, 3226.72, '2018', 'November', 2, NULL, '2018-11-06 02:29:51', '2018-11-06 02:29:51'),
	(384, '1978009', 199, NULL, 6, 333, 1400.00, '2018', 'November', 2, NULL, '2018-11-06 02:29:51', '2018-11-06 02:29:51'),
	(385, '1978009', 199, NULL, 9, 390, 2333.33, '2018', 'November', 2, NULL, '2018-11-06 02:29:51', '2018-11-06 02:29:51'),
	(386, '1987005', 202, NULL, 6, 350, 750.00, '2018', 'November', 2, NULL, '2018-11-06 02:29:52', '2018-11-06 02:29:52'),
	(387, '1987014', 203, NULL, 6, 334, 1400.00, '2018', 'November', 2, NULL, '2018-11-06 02:29:52', '2018-11-06 02:29:52'),
	(388, '2011006', 204, NULL, 1, 114, 1968.71, '2018', 'November', 2, NULL, '2018-11-06 02:29:53', '2018-11-06 02:29:53'),
	(389, '2011006', 204, NULL, 5, 275, 6195.30, '2018', 'November', 2, NULL, '2018-11-06 02:29:53', '2018-11-06 02:29:53'),
	(390, '2011006', 204, NULL, 6, 335, 1400.00, '2018', 'November', 2, NULL, '2018-11-06 02:29:53', '2018-11-06 02:29:53'),
	(391, '2015013', 205, NULL, 1, 115, 1521.22, '2018', 'November', 2, NULL, '2018-11-06 02:29:53', '2018-11-06 02:29:53'),
	(392, '1995003', 207, NULL, 1, 116, 3246.75, '2018', 'November', 2, NULL, '2018-11-06 02:29:53', '2018-11-06 02:29:53'),
	(393, '1995003', 207, NULL, 4, 149, 216.67, '2018', 'November', 2, NULL, '2018-11-06 02:29:53', '2018-11-06 02:29:53'),
	(394, '1995003', 207, NULL, 5, 276, 8518.54, '2018', 'November', 2, NULL, '2018-11-06 02:29:53', '2018-11-06 02:29:53'),
	(395, '1995003', 207, NULL, 6, 336, 2680.00, '2018', 'November', 2, NULL, '2018-11-06 02:29:53', '2018-11-06 02:29:53'),
	(396, '2011016', 209, NULL, 1, 117, 4360.96, '2018', 'November', 2, NULL, '2018-11-06 02:29:54', '2018-11-06 02:29:54'),
	(397, '2011016', 209, NULL, 5, 277, 7744.12, '2018', 'November', 2, NULL, '2018-11-06 02:29:54', '2018-11-06 02:29:54'),
	(398, '2011022', 210, NULL, 1, 118, 4360.96, '2018', 'November', 2, NULL, '2018-11-06 02:29:54', '2018-11-06 02:29:54'),
	(399, '2011022', 210, NULL, 5, 278, 8002.26, '2018', 'November', 2, NULL, '2018-11-06 02:29:54', '2018-11-06 02:29:54'),
	(400, '2011022', 210, NULL, 6, 337, 1400.00, '2018', 'November', 2, NULL, '2018-11-06 02:29:54', '2018-11-06 02:29:54'),
	(401, '1989007', 212, NULL, 1, 119, 5117.84, '2018', 'November', 2, NULL, '2018-11-06 02:29:54', '2018-11-06 02:29:54'),
	(402, '1989007', 212, NULL, 8, 168, 1311.12, '2018', 'November', 2, NULL, '2018-11-06 02:29:54', '2018-11-06 02:29:54'),
	(403, '1989007', 212, NULL, 5, 279, 2839.52, '2018', 'November', 2, NULL, '2018-11-06 02:29:54', '2018-11-06 02:29:54'),
	(404, '1989007', 212, NULL, 3, 419, 250.00, '2018', 'November', 2, NULL, '2018-11-06 02:29:54', '2018-11-06 02:29:54'),
	(405, '2011004', 213, NULL, 1, 120, 1765.14, '2018', 'November', 2, NULL, '2018-11-06 02:29:54', '2018-11-06 02:29:54'),
	(406, '2011004', 213, NULL, 5, 280, 3872.06, '2018', 'November', 2, NULL, '2018-11-06 02:29:54', '2018-11-06 02:29:54'),
	(407, '2011004', 213, NULL, 6, 338, 600.00, '2018', 'November', 2, NULL, '2018-11-06 02:29:54', '2018-11-06 02:29:54'),
	(408, '2011004', 213, NULL, 9, 391, 2208.33, '2018', 'November', 2, NULL, '2018-11-06 02:29:55', '2018-11-06 02:29:55'),
	(409, '1987008', 214, NULL, 1, 121, 3970.56, '2018', 'November', 2, NULL, '2018-11-06 02:29:55', '2018-11-06 02:29:55'),
	(410, '1987008', 214, NULL, 6, 339, 3766.77, '2018', 'November', 2, NULL, '2018-11-06 02:29:55', '2018-11-06 02:29:55'),
	(411, '1987008', 214, NULL, 9, 392, 2333.60, '2018', 'November', 2, NULL, '2018-11-06 02:29:55', '2018-11-06 02:29:55'),
	(412, '2011005', 215, NULL, 5, 281, 6711.58, '2018', 'November', 2, NULL, '2018-11-06 02:29:56', '2018-11-06 02:29:56'),
	(413, '2011005', 215, NULL, 9, 393, 2208.33, '2018', 'November', 2, NULL, '2018-11-06 02:29:56', '2018-11-06 02:29:56');
/*!40000 ALTER TABLE `pms_loaninfo_transactions` ENABLE KEYS */;

-- Dumping structure for table mirdc.pms_loans
DROP TABLE IF EXISTS `pms_loans`;
CREATE TABLE IF NOT EXISTS `pms_loans` (
  `id` int(11) NOT NULL AUTO_INCREMENT,
  `code` varchar(225) DEFAULT NULL,
  `name` varchar(225) DEFAULT NULL,
  `loan_type` varchar(225) DEFAULT NULL,
  `category` varchar(225) DEFAULT NULL,
  `gsis_excel_col` varchar(225) DEFAULT NULL,
  `amount` decimal(9,2) DEFAULT NULL,
  `remarks` varchar(225) DEFAULT NULL,
  `created_at` timestamp NULL DEFAULT NULL,
  `updated_at` timestamp NULL DEFAULT NULL,
  `updated_by` int(11) DEFAULT NULL,
  PRIMARY KEY (`id`)
) ENGINE=InnoDB AUTO_INCREMENT=10 DEFAULT CHARSET=latin1;

-- Dumping data for table mirdc.pms_loans: ~8 rows (approximately)
/*!40000 ALTER TABLE `pms_loans` DISABLE KEYS */;
INSERT INTO `pms_loans` (`id`, `code`, `name`, `loan_type`, `category`, `gsis_excel_col`, `amount`, `remarks`, `created_at`, `updated_at`, `updated_by`) VALUES
	(1, 'CS', 'CONSO LOAN', 'GSIS', NULL, NULL, NULL, NULL, '2018-10-26 09:07:02', '2018-10-26 09:07:02', NULL),
	(2, 'HHL', 'HDMF HOUSING LOAN', 'Pagibig Loan', NULL, NULL, NULL, NULL, '2018-10-26 09:07:27', '2018-10-26 09:07:27', NULL),
	(3, 'PL', 'POLICY LOAN', 'GSIS', NULL, NULL, NULL, NULL, '2018-10-26 09:07:42', '2018-10-26 09:07:42', NULL),
	(4, 'EA', 'EDUC ASSIST LOAN', 'GSIS', NULL, NULL, NULL, NULL, '2018-10-26 09:07:58', '2018-10-26 09:11:05', NULL),
	(5, 'LB', 'LB MOBILE', 'GENF LEXI', NULL, NULL, NULL, NULL, '2018-10-26 09:08:17', '2018-10-28 02:09:24', NULL),
	(6, 'ML', 'MEMABAI LOAN', 'GENF LEXI', NULL, NULL, NULL, NULL, '2018-10-26 09:08:31', '2018-10-28 02:09:15', NULL),
	(7, 'MPL', 'MULITI PURPOSE LOAN', 'Pagibig Loan', NULL, NULL, NULL, NULL, '2018-10-26 09:08:49', '2018-10-26 09:08:49', NULL),
	(8, 'EL', 'EMERGENCY LOAN', 'GSIS', NULL, NULL, NULL, NULL, '2018-10-26 09:09:03', '2018-10-26 09:09:03', NULL),
	(9, 'PFL', 'PROVIDENT LOAN', 'GSIS', NULL, NULL, NULL, NULL, '2018-10-26 09:55:38', '2018-10-26 09:55:38', NULL);
/*!40000 ALTER TABLE `pms_loans` ENABLE KEYS */;

-- Dumping structure for table mirdc.pms_loansinfo
DROP TABLE IF EXISTS `pms_loansinfo`;
CREATE TABLE IF NOT EXISTS `pms_loansinfo` (
  `id` int(11) NOT NULL AUTO_INCREMENT,
  `employee_number` varchar(225) DEFAULT NULL,
  `employeeinfo_id` int(11) DEFAULT NULL,
  `employee_id` int(11) DEFAULT NULL,
  `loan_id` int(11) DEFAULT NULL,
  `loan_totalamount` decimal(9,2) DEFAULT NULL,
  `loan_totalbalance` decimal(9,2) DEFAULT NULL,
  `loan_amortization` decimal(9,2) DEFAULT NULL,
  `loan_pay_period` varchar(225) DEFAULT NULL,
  `loan_date_granted` date DEFAULT NULL,
  `loan_date_started` date DEFAULT NULL,
  `loan_date_end` date DEFAULT NULL,
  `loan_date_terminated` date DEFAULT NULL,
  `year` varchar(50) DEFAULT NULL,
  `month` varchar(50) DEFAULT NULL,
  `created_at` timestamp NULL DEFAULT NULL,
  `updated_at` timestamp NULL DEFAULT NULL,
  `updated_by` int(11) DEFAULT NULL,
  PRIMARY KEY (`id`)
) ENGINE=InnoDB AUTO_INCREMENT=421 DEFAULT CHARSET=latin1;

-- Dumping data for table mirdc.pms_loansinfo: ~417 rows (approximately)
/*!40000 ALTER TABLE `pms_loansinfo` DISABLE KEYS */;
INSERT INTO `pms_loansinfo` (`id`, `employee_number`, `employeeinfo_id`, `employee_id`, `loan_id`, `loan_totalamount`, `loan_totalbalance`, `loan_amortization`, `loan_pay_period`, `loan_date_granted`, `loan_date_started`, `loan_date_end`, `loan_date_terminated`, `year`, `month`, `created_at`, `updated_at`, `updated_by`) VALUES
	(1, '1990008', NULL, NULL, 1, NULL, NULL, 3344.35, NULL, NULL, NULL, NULL, NULL, NULL, NULL, NULL, NULL, NULL),
	(2, '1996003', NULL, NULL, 1, NULL, NULL, 8230.17, NULL, NULL, NULL, NULL, NULL, NULL, NULL, NULL, NULL, NULL),
	(3, '2011008', NULL, NULL, 1, NULL, NULL, 2770.35, NULL, NULL, NULL, NULL, NULL, NULL, NULL, NULL, NULL, NULL),
	(4, '1983003', NULL, NULL, 1, NULL, NULL, 5117.84, NULL, NULL, NULL, NULL, NULL, NULL, NULL, NULL, NULL, NULL),
	(5, '2003001', NULL, NULL, 1, NULL, NULL, 3790.27, NULL, NULL, NULL, NULL, NULL, NULL, NULL, NULL, NULL, NULL),
	(6, '2010016', NULL, NULL, 1, NULL, NULL, 4360.96, NULL, NULL, NULL, NULL, NULL, NULL, NULL, NULL, NULL, NULL),
	(7, '1981002', NULL, NULL, 1, NULL, NULL, 5643.38, NULL, NULL, NULL, NULL, NULL, NULL, NULL, NULL, NULL, NULL),
	(8, '2011019', NULL, NULL, 1, NULL, NULL, 2235.33, NULL, NULL, NULL, NULL, NULL, NULL, NULL, NULL, NULL, NULL),
	(9, '1985004', NULL, NULL, 1, NULL, NULL, 2553.85, NULL, NULL, NULL, NULL, NULL, NULL, NULL, NULL, NULL, NULL),
	(10, '1992007', NULL, NULL, 1, NULL, NULL, 3075.39, NULL, NULL, NULL, NULL, NULL, NULL, NULL, NULL, NULL, NULL),
	(11, '2010005', NULL, NULL, 1, NULL, NULL, 2569.76, NULL, NULL, NULL, NULL, NULL, NULL, NULL, NULL, NULL, NULL),
	(12, '1977001', NULL, NULL, 1, NULL, NULL, 4932.60, NULL, NULL, NULL, NULL, NULL, NULL, NULL, NULL, NULL, NULL),
	(13, '2010002', NULL, NULL, 1, NULL, NULL, 5864.31, NULL, NULL, NULL, NULL, NULL, NULL, NULL, NULL, NULL, NULL),
	(14, '1993004', NULL, NULL, 1, NULL, NULL, 3246.75, NULL, NULL, NULL, NULL, NULL, NULL, NULL, NULL, NULL, NULL),
	(15, '2011020', NULL, NULL, 1, NULL, NULL, 1968.71, NULL, NULL, NULL, NULL, NULL, NULL, NULL, NULL, NULL, NULL),
	(16, '2016009', NULL, NULL, 1, NULL, NULL, 745.71, NULL, NULL, NULL, NULL, NULL, NULL, NULL, NULL, NULL, NULL),
	(17, '1992003', NULL, NULL, 1, NULL, NULL, 3841.88, NULL, NULL, NULL, NULL, NULL, NULL, NULL, NULL, NULL, NULL),
	(18, '2011023', NULL, NULL, 1, NULL, NULL, 2171.63, NULL, NULL, NULL, NULL, NULL, NULL, NULL, NULL, NULL, NULL),
	(19, '2014001', NULL, NULL, 1, NULL, NULL, 843.21, NULL, NULL, NULL, NULL, NULL, NULL, NULL, NULL, NULL, NULL),
	(20, '2011033', NULL, NULL, 1, NULL, NULL, 2500.99, NULL, NULL, NULL, NULL, NULL, NULL, NULL, NULL, NULL, NULL),
	(21, '2015005', NULL, NULL, 1, NULL, NULL, 2513.28, NULL, NULL, NULL, NULL, NULL, NULL, NULL, NULL, NULL, NULL),
	(22, '2010011', NULL, NULL, 1, NULL, NULL, 3784.36, NULL, NULL, NULL, NULL, NULL, NULL, NULL, NULL, NULL, NULL),
	(23, '1985001', NULL, NULL, 1, NULL, NULL, 4268.39, NULL, NULL, NULL, NULL, NULL, NULL, NULL, NULL, NULL, NULL),
	(24, '1989005', NULL, NULL, 1, NULL, NULL, 8280.81, NULL, NULL, NULL, NULL, NULL, NULL, NULL, NULL, NULL, NULL),
	(25, '2011002', NULL, NULL, 1, NULL, NULL, 2770.35, NULL, NULL, NULL, NULL, NULL, NULL, NULL, NULL, NULL, NULL),
	(26, '2011037', NULL, NULL, 1, NULL, NULL, 1569.01, NULL, NULL, NULL, NULL, NULL, NULL, NULL, NULL, NULL, NULL),
	(27, '2011028', NULL, NULL, 1, NULL, NULL, 4360.96, NULL, NULL, NULL, NULL, NULL, NULL, NULL, NULL, NULL, NULL),
	(28, '1979003', NULL, NULL, 1, NULL, NULL, 7325.85, NULL, NULL, NULL, NULL, NULL, NULL, NULL, NULL, NULL, NULL),
	(29, '1989006', NULL, NULL, 1, NULL, NULL, 7090.54, NULL, NULL, NULL, NULL, NULL, NULL, NULL, NULL, NULL, NULL),
	(30, '1987009', NULL, NULL, 1, NULL, NULL, 3959.69, NULL, NULL, NULL, NULL, NULL, NULL, NULL, NULL, NULL, NULL),
	(31, '2015008', NULL, NULL, 1, NULL, NULL, 1742.51, NULL, NULL, NULL, NULL, NULL, NULL, NULL, NULL, NULL, NULL),
	(32, '2011032', NULL, NULL, 1, NULL, NULL, 4779.45, NULL, NULL, NULL, NULL, NULL, NULL, NULL, NULL, NULL, NULL),
	(33, '1978007', NULL, NULL, 1, NULL, NULL, 4453.70, NULL, NULL, NULL, NULL, NULL, NULL, NULL, NULL, NULL, NULL),
	(34, '1995007', NULL, NULL, 1, NULL, NULL, 5637.34, NULL, NULL, NULL, NULL, NULL, NULL, NULL, NULL, NULL, NULL),
	(35, '1990013', NULL, NULL, 1, NULL, NULL, 4903.16, NULL, NULL, NULL, NULL, NULL, NULL, NULL, NULL, NULL, NULL),
	(36, '1987010', NULL, NULL, 1, NULL, NULL, 3482.52, NULL, NULL, NULL, NULL, NULL, NULL, NULL, NULL, NULL, NULL),
	(37, '2011011', NULL, NULL, 1, NULL, NULL, 4957.56, NULL, NULL, NULL, NULL, NULL, NULL, NULL, NULL, NULL, NULL),
	(38, '1981003', NULL, NULL, 1, NULL, NULL, 5752.05, NULL, NULL, NULL, NULL, NULL, NULL, NULL, NULL, NULL, NULL),
	(39, '1987001', NULL, NULL, 1, NULL, NULL, 3421.42, NULL, NULL, NULL, NULL, NULL, NULL, NULL, NULL, NULL, NULL),
	(40, '1990011', NULL, NULL, 1, NULL, NULL, 11587.07, NULL, NULL, NULL, NULL, NULL, NULL, NULL, NULL, NULL, NULL),
	(41, '1988001', NULL, NULL, 1, NULL, NULL, 7707.11, NULL, NULL, NULL, NULL, NULL, NULL, NULL, NULL, NULL, NULL),
	(42, '2015006', NULL, NULL, 1, NULL, NULL, 1706.88, NULL, NULL, NULL, NULL, NULL, NULL, NULL, NULL, NULL, NULL),
	(43, '2011021', NULL, NULL, 1, NULL, NULL, 2235.33, NULL, NULL, NULL, NULL, NULL, NULL, NULL, NULL, NULL, NULL),
	(44, '1983001', NULL, NULL, 1, NULL, NULL, 3048.85, NULL, NULL, NULL, NULL, NULL, NULL, NULL, NULL, NULL, NULL),
	(45, '2010019', NULL, NULL, 1, NULL, NULL, 5228.63, NULL, NULL, NULL, NULL, NULL, NULL, NULL, NULL, NULL, NULL),
	(46, '2010010', NULL, NULL, 1, NULL, NULL, 2693.60, NULL, NULL, NULL, NULL, NULL, NULL, NULL, NULL, NULL, NULL),
	(47, '1977004', NULL, NULL, 1, NULL, NULL, 3991.67, NULL, NULL, NULL, NULL, NULL, NULL, NULL, NULL, NULL, NULL),
	(48, '1997001', NULL, NULL, 1, NULL, NULL, 7635.55, NULL, NULL, NULL, NULL, NULL, NULL, NULL, NULL, NULL, NULL),
	(49, '2015010', NULL, NULL, 1, NULL, NULL, 831.05, NULL, NULL, NULL, NULL, NULL, NULL, NULL, NULL, NULL, NULL),
	(50, '2012006', NULL, NULL, 1, NULL, NULL, 2094.20, NULL, NULL, NULL, NULL, NULL, NULL, NULL, NULL, NULL, NULL),
	(51, '1992006', NULL, NULL, 1, NULL, NULL, 3332.97, NULL, NULL, NULL, NULL, NULL, NULL, NULL, NULL, NULL, NULL),
	(52, '2011024', NULL, NULL, 1, NULL, NULL, 2398.84, NULL, NULL, NULL, NULL, NULL, NULL, NULL, NULL, NULL, NULL),
	(53, '1987003', NULL, NULL, 1, NULL, NULL, 4808.82, NULL, NULL, NULL, NULL, NULL, NULL, NULL, NULL, NULL, NULL),
	(54, '1985002', NULL, NULL, 1, NULL, NULL, 3743.77, NULL, NULL, NULL, NULL, NULL, NULL, NULL, NULL, NULL, NULL),
	(55, '2011034', NULL, NULL, 1, NULL, NULL, 1505.56, NULL, NULL, NULL, NULL, NULL, NULL, NULL, NULL, NULL, NULL),
	(56, '2011015', NULL, NULL, 1, NULL, NULL, 2266.89, NULL, NULL, NULL, NULL, NULL, NULL, NULL, NULL, NULL, NULL),
	(57, '2010004', NULL, NULL, 1, NULL, NULL, 9796.21, NULL, NULL, NULL, NULL, NULL, NULL, NULL, NULL, NULL, NULL),
	(58, '1976002', NULL, NULL, 1, NULL, NULL, 3435.96, NULL, NULL, NULL, NULL, NULL, NULL, NULL, NULL, NULL, NULL),
	(59, '2011027', NULL, NULL, 1, NULL, NULL, 1662.10, NULL, NULL, NULL, NULL, NULL, NULL, NULL, NULL, NULL, NULL),
	(60, '1977002', NULL, NULL, 1, NULL, NULL, 3726.16, NULL, NULL, NULL, NULL, NULL, NULL, NULL, NULL, NULL, NULL),
	(61, '2010017', NULL, NULL, 1, NULL, NULL, 4998.54, NULL, NULL, NULL, NULL, NULL, NULL, NULL, NULL, NULL, NULL),
	(62, '2011009', NULL, NULL, 1, NULL, NULL, 2331.98, NULL, NULL, NULL, NULL, NULL, NULL, NULL, NULL, NULL, NULL),
	(63, '1978002', NULL, NULL, 1, NULL, NULL, 3726.16, NULL, NULL, NULL, NULL, NULL, NULL, NULL, NULL, NULL, NULL),
	(64, '1992009', NULL, NULL, 1, NULL, NULL, 3332.97, NULL, NULL, NULL, NULL, NULL, NULL, NULL, NULL, NULL, NULL),
	(65, '1989002', NULL, NULL, 1, NULL, NULL, 3894.33, NULL, NULL, NULL, NULL, NULL, NULL, NULL, NULL, NULL, NULL),
	(66, '1988003', NULL, NULL, 1, NULL, NULL, 7211.54, NULL, NULL, NULL, NULL, NULL, NULL, NULL, NULL, NULL, NULL),
	(67, '2011025', NULL, NULL, 1, NULL, NULL, 4124.70, NULL, NULL, NULL, NULL, NULL, NULL, NULL, NULL, NULL, NULL),
	(68, '2010021', NULL, NULL, 1, NULL, NULL, 3472.03, NULL, NULL, NULL, NULL, NULL, NULL, NULL, NULL, NULL, NULL),
	(69, '1984003', NULL, NULL, 1, NULL, NULL, 3631.05, NULL, NULL, NULL, NULL, NULL, NULL, NULL, NULL, NULL, NULL),
	(70, '2011010', NULL, NULL, 1, NULL, NULL, 4124.70, NULL, NULL, NULL, NULL, NULL, NULL, NULL, NULL, NULL, NULL),
	(71, '2015012', NULL, NULL, 1, NULL, NULL, 1834.43, NULL, NULL, NULL, NULL, NULL, NULL, NULL, NULL, NULL, NULL),
	(72, '1990002', NULL, NULL, 1, NULL, NULL, 4986.31, NULL, NULL, NULL, NULL, NULL, NULL, NULL, NULL, NULL, NULL),
	(73, '1985008', NULL, NULL, 1, NULL, NULL, 3991.67, NULL, NULL, NULL, NULL, NULL, NULL, NULL, NULL, NULL, NULL),
	(74, '2015002', NULL, NULL, 1, NULL, NULL, 2991.79, NULL, NULL, NULL, NULL, NULL, NULL, NULL, NULL, NULL, NULL),
	(75, '2011001', NULL, NULL, 1, NULL, NULL, 5509.84, NULL, NULL, NULL, NULL, NULL, NULL, NULL, NULL, NULL, NULL),
	(76, '2014010', NULL, NULL, 1, NULL, NULL, 635.52, NULL, NULL, NULL, NULL, NULL, NULL, NULL, NULL, NULL, NULL),
	(77, '2012009', NULL, NULL, 1, NULL, NULL, 1049.51, NULL, NULL, NULL, NULL, NULL, NULL, NULL, NULL, NULL, NULL),
	(78, '1992002', NULL, NULL, 1, NULL, NULL, 3582.05, NULL, NULL, NULL, NULL, NULL, NULL, NULL, NULL, NULL, NULL),
	(79, '2014006', NULL, NULL, 1, NULL, NULL, 5000.00, NULL, NULL, NULL, NULL, NULL, NULL, NULL, NULL, NULL, NULL),
	(80, '2014006', NULL, NULL, 1, NULL, NULL, 5032.26, NULL, NULL, NULL, NULL, NULL, NULL, NULL, NULL, NULL, NULL),
	(81, '2011030', NULL, NULL, 1, NULL, NULL, 2398.84, NULL, NULL, NULL, NULL, NULL, NULL, NULL, NULL, NULL, NULL),
	(82, '2011026', NULL, NULL, 1, NULL, NULL, 5983.57, NULL, NULL, NULL, NULL, NULL, NULL, NULL, NULL, NULL, NULL),
	(83, '2016011', NULL, NULL, 1, NULL, NULL, 745.71, NULL, NULL, NULL, NULL, NULL, NULL, NULL, NULL, NULL, NULL),
	(84, '2015014', NULL, NULL, 1, NULL, NULL, 1706.88, NULL, NULL, NULL, NULL, NULL, NULL, NULL, NULL, NULL, NULL),
	(85, '2003002', NULL, NULL, 1, NULL, NULL, 13169.80, NULL, NULL, NULL, NULL, NULL, NULL, NULL, NULL, NULL, NULL),
	(86, '1992005', NULL, NULL, 1, NULL, NULL, 7290.98, NULL, NULL, NULL, NULL, NULL, NULL, NULL, NULL, NULL, NULL),
	(87, '1990014', NULL, NULL, 1, NULL, NULL, 8310.52, NULL, NULL, NULL, NULL, NULL, NULL, NULL, NULL, NULL, NULL),
	(88, '1989001', NULL, NULL, 1, NULL, NULL, 3388.42, NULL, NULL, NULL, NULL, NULL, NULL, NULL, NULL, NULL, NULL),
	(89, '1995004', NULL, NULL, 1, NULL, NULL, 3394.02, NULL, NULL, NULL, NULL, NULL, NULL, NULL, NULL, NULL, NULL),
	(90, '2010012', NULL, NULL, 1, NULL, NULL, 1635.65, NULL, NULL, NULL, NULL, NULL, NULL, NULL, NULL, NULL, NULL),
	(91, '1995006', NULL, NULL, 1, NULL, NULL, 7707.11, NULL, NULL, NULL, NULL, NULL, NULL, NULL, NULL, NULL, NULL),
	(92, '1996001', NULL, NULL, 1, NULL, NULL, 1714.29, NULL, NULL, NULL, NULL, NULL, NULL, NULL, NULL, NULL, NULL),
	(93, '1990004', NULL, NULL, 1, NULL, NULL, 13950.50, NULL, NULL, NULL, NULL, NULL, NULL, NULL, NULL, NULL, NULL),
	(94, '1994004', NULL, NULL, 1, NULL, NULL, 1492.52, NULL, NULL, NULL, NULL, NULL, NULL, NULL, NULL, NULL, NULL),
	(95, '2015004', NULL, NULL, 1, NULL, NULL, 1511.19, NULL, NULL, NULL, NULL, NULL, NULL, NULL, NULL, NULL, NULL),
	(96, '1990003', NULL, NULL, 1, NULL, NULL, 15690.12, NULL, NULL, NULL, NULL, NULL, NULL, NULL, NULL, NULL, NULL),
	(97, '2011035', NULL, NULL, 1, NULL, NULL, 4998.54, NULL, NULL, NULL, NULL, NULL, NULL, NULL, NULL, NULL, NULL),
	(98, '2015007', NULL, NULL, 1, NULL, NULL, 9972.62, NULL, NULL, NULL, NULL, NULL, NULL, NULL, NULL, NULL, NULL),
	(99, '1976001', NULL, NULL, 1, NULL, NULL, 3278.28, NULL, NULL, NULL, NULL, NULL, NULL, NULL, NULL, NULL, NULL),
	(100, '1987007', NULL, NULL, 1, NULL, NULL, 4120.58, NULL, NULL, NULL, NULL, NULL, NULL, NULL, NULL, NULL, NULL),
	(101, '2012002', NULL, NULL, 1, NULL, NULL, 1901.58, NULL, NULL, NULL, NULL, NULL, NULL, NULL, NULL, NULL, NULL),
	(102, '1978003', NULL, NULL, 1, NULL, NULL, 4010.28, NULL, NULL, NULL, NULL, NULL, NULL, NULL, NULL, NULL, NULL),
	(103, '2012003', NULL, NULL, 1, NULL, NULL, 1259.21, NULL, NULL, NULL, NULL, NULL, NULL, NULL, NULL, NULL, NULL),
	(104, '2012004', NULL, NULL, 1, NULL, NULL, 5374.98, NULL, NULL, NULL, NULL, NULL, NULL, NULL, NULL, NULL, NULL),
	(105, '1992008', NULL, NULL, 1, NULL, NULL, 3102.24, NULL, NULL, NULL, NULL, NULL, NULL, NULL, NULL, NULL, NULL),
	(106, '1987011', NULL, NULL, 1, NULL, NULL, 4537.20, NULL, NULL, NULL, NULL, NULL, NULL, NULL, NULL, NULL, NULL),
	(107, '1985003', NULL, NULL, 1, NULL, NULL, 4808.82, NULL, NULL, NULL, NULL, NULL, NULL, NULL, NULL, NULL, NULL),
	(108, '1978001', NULL, NULL, 1, NULL, NULL, 3970.56, NULL, NULL, NULL, NULL, NULL, NULL, NULL, NULL, NULL, NULL),
	(109, '1993005', NULL, NULL, 1, NULL, NULL, 3841.88, NULL, NULL, NULL, NULL, NULL, NULL, NULL, NULL, NULL, NULL),
	(110, '1979001', NULL, NULL, 1, NULL, NULL, 3631.05, NULL, NULL, NULL, NULL, NULL, NULL, NULL, NULL, NULL, NULL),
	(111, '2010013', NULL, NULL, 1, NULL, NULL, 1739.99, NULL, NULL, NULL, NULL, NULL, NULL, NULL, NULL, NULL, NULL),
	(112, '2016012', NULL, NULL, 1, NULL, NULL, 700.99, NULL, NULL, NULL, NULL, NULL, NULL, NULL, NULL, NULL, NULL),
	(113, '1978009', NULL, NULL, 1, NULL, NULL, 5359.14, NULL, NULL, NULL, NULL, NULL, NULL, NULL, NULL, NULL, NULL),
	(114, '2011006', NULL, NULL, 1, NULL, NULL, 1968.71, NULL, NULL, NULL, NULL, NULL, NULL, NULL, NULL, NULL, NULL),
	(115, '2015013', NULL, NULL, 1, NULL, NULL, 1521.22, NULL, NULL, NULL, NULL, NULL, NULL, NULL, NULL, NULL, NULL),
	(116, '1995003', NULL, NULL, 1, NULL, NULL, 3246.75, NULL, NULL, NULL, NULL, NULL, NULL, NULL, NULL, NULL, NULL),
	(117, '2011016', NULL, NULL, 1, NULL, NULL, 4360.96, NULL, NULL, NULL, NULL, NULL, NULL, NULL, NULL, NULL, NULL),
	(118, '2011022', NULL, NULL, 1, NULL, NULL, 4360.96, NULL, NULL, NULL, NULL, NULL, NULL, NULL, NULL, NULL, NULL),
	(119, '1989007', NULL, NULL, 1, NULL, NULL, 5117.84, NULL, NULL, NULL, NULL, NULL, NULL, NULL, NULL, NULL, NULL),
	(120, '2011004', NULL, NULL, 1, NULL, NULL, 1765.14, NULL, NULL, NULL, NULL, NULL, NULL, NULL, NULL, NULL, NULL),
	(121, '1987008', NULL, NULL, 1, NULL, NULL, 3970.56, NULL, NULL, NULL, NULL, NULL, NULL, NULL, NULL, NULL, NULL),
	(122, '1983003', NULL, NULL, 4, NULL, NULL, 216.67, NULL, NULL, NULL, NULL, NULL, NULL, NULL, NULL, NULL, NULL),
	(123, '2003001', NULL, NULL, 4, NULL, NULL, 216.67, NULL, NULL, NULL, NULL, NULL, NULL, NULL, NULL, NULL, NULL),
	(124, '1985004', NULL, NULL, 4, NULL, NULL, 216.67, NULL, NULL, NULL, NULL, NULL, NULL, NULL, NULL, NULL, NULL),
	(125, '1993004', NULL, NULL, 4, NULL, NULL, 216.67, NULL, NULL, NULL, NULL, NULL, NULL, NULL, NULL, NULL, NULL),
	(126, '1992003', NULL, NULL, 4, NULL, NULL, 216.67, NULL, NULL, NULL, NULL, NULL, NULL, NULL, NULL, NULL, NULL),
	(127, '1987009', NULL, NULL, 4, NULL, NULL, 216.67, NULL, NULL, NULL, NULL, NULL, NULL, NULL, NULL, NULL, NULL),
	(128, '1987010', NULL, NULL, 4, NULL, NULL, 216.67, NULL, NULL, NULL, NULL, NULL, NULL, NULL, NULL, NULL, NULL),
	(129, '1981003', NULL, NULL, 4, NULL, NULL, 216.67, NULL, NULL, NULL, NULL, NULL, NULL, NULL, NULL, NULL, NULL),
	(130, '1983001', NULL, NULL, 4, NULL, NULL, 216.67, NULL, NULL, NULL, NULL, NULL, NULL, NULL, NULL, NULL, NULL),
	(131, '1977004', NULL, NULL, 4, NULL, NULL, 216.67, NULL, NULL, NULL, NULL, NULL, NULL, NULL, NULL, NULL, NULL),
	(132, '1987003', NULL, NULL, 4, NULL, NULL, 216.67, NULL, NULL, NULL, NULL, NULL, NULL, NULL, NULL, NULL, NULL),
	(133, '1985002', NULL, NULL, 4, NULL, NULL, 216.67, NULL, NULL, NULL, NULL, NULL, NULL, NULL, NULL, NULL, NULL),
	(134, '1976002', NULL, NULL, 4, NULL, NULL, 216.67, NULL, NULL, NULL, NULL, NULL, NULL, NULL, NULL, NULL, NULL),
	(135, '2011027', NULL, NULL, 4, NULL, NULL, 216.67, NULL, NULL, NULL, NULL, NULL, NULL, NULL, NULL, NULL, NULL),
	(136, '1977002', NULL, NULL, 4, NULL, NULL, 216.67, NULL, NULL, NULL, NULL, NULL, NULL, NULL, NULL, NULL, NULL),
	(137, '1978002', NULL, NULL, 4, NULL, NULL, 216.67, NULL, NULL, NULL, NULL, NULL, NULL, NULL, NULL, NULL, NULL),
	(138, '1992009', NULL, NULL, 4, NULL, NULL, 216.67, NULL, NULL, NULL, NULL, NULL, NULL, NULL, NULL, NULL, NULL),
	(139, '1989002', NULL, NULL, 4, NULL, NULL, 216.67, NULL, NULL, NULL, NULL, NULL, NULL, NULL, NULL, NULL, NULL),
	(140, '1984003', NULL, NULL, 4, NULL, NULL, 216.67, NULL, NULL, NULL, NULL, NULL, NULL, NULL, NULL, NULL, NULL),
	(141, '1985008', NULL, NULL, 4, NULL, NULL, 216.67, NULL, NULL, NULL, NULL, NULL, NULL, NULL, NULL, NULL, NULL),
	(142, '1995004', NULL, NULL, 4, NULL, NULL, 216.67, NULL, NULL, NULL, NULL, NULL, NULL, NULL, NULL, NULL, NULL),
	(143, '2010012', NULL, NULL, 4, NULL, NULL, 216.67, NULL, NULL, NULL, NULL, NULL, NULL, NULL, NULL, NULL, NULL),
	(144, '1976001', NULL, NULL, 4, NULL, NULL, 216.67, NULL, NULL, NULL, NULL, NULL, NULL, NULL, NULL, NULL, NULL),
	(145, '1992008', NULL, NULL, 4, NULL, NULL, 216.67, NULL, NULL, NULL, NULL, NULL, NULL, NULL, NULL, NULL, NULL),
	(146, '1985003', NULL, NULL, 4, NULL, NULL, 216.67, NULL, NULL, NULL, NULL, NULL, NULL, NULL, NULL, NULL, NULL),
	(147, '1993005', NULL, NULL, 4, NULL, NULL, 216.67, NULL, NULL, NULL, NULL, NULL, NULL, NULL, NULL, NULL, NULL),
	(148, '1979001', NULL, NULL, 4, NULL, NULL, 216.67, NULL, NULL, NULL, NULL, NULL, NULL, NULL, NULL, NULL, NULL),
	(149, '1995003', NULL, NULL, 4, NULL, NULL, 216.67, NULL, NULL, NULL, NULL, NULL, NULL, NULL, NULL, NULL, NULL),
	(150, '2011019', NULL, NULL, 8, NULL, NULL, 1311.12, NULL, NULL, NULL, NULL, NULL, NULL, NULL, NULL, NULL, NULL),
	(151, '1985004', NULL, NULL, 8, NULL, NULL, 1311.12, NULL, NULL, NULL, NULL, NULL, NULL, NULL, NULL, NULL, NULL),
	(152, '1992003', NULL, NULL, 8, NULL, NULL, 1311.12, NULL, NULL, NULL, NULL, NULL, NULL, NULL, NULL, NULL, NULL),
	(153, '2014001', NULL, NULL, 8, NULL, NULL, 655.56, NULL, NULL, NULL, NULL, NULL, NULL, NULL, NULL, NULL, NULL),
	(154, '2011037', NULL, NULL, 8, NULL, NULL, 1311.12, NULL, NULL, NULL, NULL, NULL, NULL, NULL, NULL, NULL, NULL),
	(155, '1988001', NULL, NULL, 8, NULL, NULL, 655.56, NULL, NULL, NULL, NULL, NULL, NULL, NULL, NULL, NULL, NULL),
	(156, '1983001', NULL, NULL, 8, NULL, NULL, 1311.12, NULL, NULL, NULL, NULL, NULL, NULL, NULL, NULL, NULL, NULL),
	(157, '1987003', NULL, NULL, 8, NULL, NULL, 1311.12, NULL, NULL, NULL, NULL, NULL, NULL, NULL, NULL, NULL, NULL),
	(158, '2011009', NULL, NULL, 8, NULL, NULL, 655.56, NULL, NULL, NULL, NULL, NULL, NULL, NULL, NULL, NULL, NULL),
	(159, '1978002', NULL, NULL, 8, NULL, NULL, 655.56, NULL, NULL, NULL, NULL, NULL, NULL, NULL, NULL, NULL, NULL),
	(160, '1992009', NULL, NULL, 8, NULL, NULL, 655.56, NULL, NULL, NULL, NULL, NULL, NULL, NULL, NULL, NULL, NULL),
	(161, '2010021', NULL, NULL, 8, NULL, NULL, 655.56, NULL, NULL, NULL, NULL, NULL, NULL, NULL, NULL, NULL, NULL),
	(162, '1985008', NULL, NULL, 8, NULL, NULL, 1311.12, NULL, NULL, NULL, NULL, NULL, NULL, NULL, NULL, NULL, NULL),
	(163, '2014006', NULL, NULL, 8, NULL, NULL, 655.56, NULL, NULL, NULL, NULL, NULL, NULL, NULL, NULL, NULL, NULL),
	(164, '2013007', NULL, NULL, 8, NULL, NULL, 655.56, NULL, NULL, NULL, NULL, NULL, NULL, NULL, NULL, NULL, NULL),
	(165, '2015007', NULL, NULL, 8, NULL, NULL, 1311.12, NULL, NULL, NULL, NULL, NULL, NULL, NULL, NULL, NULL, NULL),
	(166, '1985003', NULL, NULL, 8, NULL, NULL, 655.56, NULL, NULL, NULL, NULL, NULL, NULL, NULL, NULL, NULL, NULL),
	(167, '1978001', NULL, NULL, 8, NULL, NULL, 655.56, NULL, NULL, NULL, NULL, NULL, NULL, NULL, NULL, NULL, NULL),
	(168, '1989007', NULL, NULL, 8, NULL, NULL, 1311.12, NULL, NULL, NULL, NULL, NULL, NULL, NULL, NULL, NULL, NULL),
	(169, '1996003', NULL, NULL, 2, NULL, NULL, 4511.17, NULL, NULL, NULL, NULL, NULL, NULL, NULL, NULL, NULL, NULL),
	(170, '2011017', NULL, NULL, 2, NULL, NULL, 3900.00, NULL, NULL, NULL, NULL, NULL, NULL, NULL, NULL, NULL, NULL),
	(171, '1987001', NULL, NULL, 2, NULL, NULL, 1683.00, NULL, NULL, NULL, NULL, NULL, NULL, NULL, NULL, NULL, NULL),
	(172, '2014002', NULL, NULL, 2, NULL, NULL, 10871.08, NULL, NULL, NULL, NULL, NULL, NULL, NULL, NULL, NULL, NULL),
	(173, '2011035', NULL, NULL, 2, NULL, NULL, 7204.32, NULL, NULL, NULL, NULL, NULL, NULL, NULL, NULL, NULL, NULL),
	(174, '2011008', NULL, NULL, 5, NULL, NULL, 4904.62, NULL, NULL, NULL, NULL, NULL, NULL, NULL, NULL, NULL, NULL),
	(175, '1984001', NULL, NULL, 5, NULL, NULL, 5937.16, NULL, NULL, NULL, NULL, NULL, NULL, NULL, NULL, NULL, NULL),
	(176, '1983003', NULL, NULL, 5, NULL, NULL, 5937.16, NULL, NULL, NULL, NULL, NULL, NULL, NULL, NULL, NULL, NULL),
	(177, '2003001', NULL, NULL, 5, NULL, NULL, 2768.70, NULL, NULL, NULL, NULL, NULL, NULL, NULL, NULL, NULL, NULL),
	(178, '2010016', NULL, NULL, 5, NULL, NULL, 4614.50, NULL, NULL, NULL, NULL, NULL, NULL, NULL, NULL, NULL, NULL),
	(179, '1981002', NULL, NULL, 5, NULL, NULL, 12906.88, NULL, NULL, NULL, NULL, NULL, NULL, NULL, NULL, NULL, NULL),
	(180, '2011019', NULL, NULL, 5, NULL, NULL, 4388.34, NULL, NULL, NULL, NULL, NULL, NULL, NULL, NULL, NULL, NULL),
	(181, '1985004', NULL, NULL, 5, NULL, NULL, 2710.46, NULL, NULL, NULL, NULL, NULL, NULL, NULL, NULL, NULL, NULL),
	(182, '1992007', NULL, NULL, 5, NULL, NULL, 7744.12, NULL, NULL, NULL, NULL, NULL, NULL, NULL, NULL, NULL, NULL),
	(183, '2010005', NULL, NULL, 5, NULL, NULL, 7744.12, NULL, NULL, NULL, NULL, NULL, NULL, NULL, NULL, NULL, NULL),
	(184, '2010002', NULL, NULL, 5, NULL, NULL, 11616.20, NULL, NULL, NULL, NULL, NULL, NULL, NULL, NULL, NULL, NULL),
	(185, '1993004', NULL, NULL, 5, NULL, NULL, 7744.12, NULL, NULL, NULL, NULL, NULL, NULL, NULL, NULL, NULL, NULL),
	(186, '2011020', NULL, NULL, 5, NULL, NULL, 3355.80, NULL, NULL, NULL, NULL, NULL, NULL, NULL, NULL, NULL, NULL),
	(187, '2016009', NULL, NULL, 5, NULL, NULL, 5420.90, NULL, NULL, NULL, NULL, NULL, NULL, NULL, NULL, NULL, NULL),
	(188, '1992003', NULL, NULL, 5, NULL, NULL, 7486.00, NULL, NULL, NULL, NULL, NULL, NULL, NULL, NULL, NULL, NULL),
	(189, '1987013', NULL, NULL, 5, NULL, NULL, 2581.38, NULL, NULL, NULL, NULL, NULL, NULL, NULL, NULL, NULL, NULL),
	(190, '2011023', NULL, NULL, 5, NULL, NULL, 6969.72, NULL, NULL, NULL, NULL, NULL, NULL, NULL, NULL, NULL, NULL),
	(191, '2014001', NULL, NULL, 5, NULL, NULL, 7227.86, NULL, NULL, NULL, NULL, NULL, NULL, NULL, NULL, NULL, NULL),
	(192, '2011033', NULL, NULL, 5, NULL, NULL, 4130.20, NULL, NULL, NULL, NULL, NULL, NULL, NULL, NULL, NULL, NULL),
	(193, '2015005', NULL, NULL, 5, NULL, NULL, 6969.72, NULL, NULL, NULL, NULL, NULL, NULL, NULL, NULL, NULL, NULL),
	(194, '2010011', NULL, NULL, 5, NULL, NULL, 10067.36, NULL, NULL, NULL, NULL, NULL, NULL, NULL, NULL, NULL, NULL),
	(195, '2016010', NULL, NULL, 5, NULL, NULL, 12648.74, NULL, NULL, NULL, NULL, NULL, NULL, NULL, NULL, NULL, NULL),
	(196, '2011002', NULL, NULL, 5, NULL, NULL, 7486.00, NULL, NULL, NULL, NULL, NULL, NULL, NULL, NULL, NULL, NULL),
	(197, '2011037', NULL, NULL, 5, NULL, NULL, 3872.06, NULL, NULL, NULL, NULL, NULL, NULL, NULL, NULL, NULL, NULL),
	(198, '2011028', NULL, NULL, 5, NULL, NULL, 12132.46, NULL, NULL, NULL, NULL, NULL, NULL, NULL, NULL, NULL, NULL),
	(199, '1979003', NULL, NULL, 5, NULL, NULL, 9292.96, NULL, NULL, NULL, NULL, NULL, NULL, NULL, NULL, NULL, NULL),
	(200, '1987009', NULL, NULL, 5, NULL, NULL, 3743.00, NULL, NULL, NULL, NULL, NULL, NULL, NULL, NULL, NULL, NULL),
	(201, '1993001', NULL, NULL, 5, NULL, NULL, 13552.22, NULL, NULL, NULL, NULL, NULL, NULL, NULL, NULL, NULL, NULL),
	(202, '1995007', NULL, NULL, 5, NULL, NULL, 3355.80, NULL, NULL, NULL, NULL, NULL, NULL, NULL, NULL, NULL, NULL),
	(203, '1987010', NULL, NULL, 5, NULL, NULL, 8002.26, NULL, NULL, NULL, NULL, NULL, NULL, NULL, NULL, NULL, NULL),
	(204, '2011011', NULL, NULL, 5, NULL, NULL, 12132.46, NULL, NULL, NULL, NULL, NULL, NULL, NULL, NULL, NULL, NULL),
	(205, '1990007', NULL, NULL, 5, NULL, NULL, 8260.40, NULL, NULL, NULL, NULL, NULL, NULL, NULL, NULL, NULL, NULL),
	(206, '1981003', NULL, NULL, 5, NULL, NULL, 5162.76, NULL, NULL, NULL, NULL, NULL, NULL, NULL, NULL, NULL, NULL),
	(207, '1995001', NULL, NULL, 5, NULL, NULL, 1484.29, NULL, NULL, NULL, NULL, NULL, NULL, NULL, NULL, NULL, NULL),
	(208, '1987001', NULL, NULL, 5, NULL, NULL, 4130.20, NULL, NULL, NULL, NULL, NULL, NULL, NULL, NULL, NULL, NULL),
	(209, '1990011', NULL, NULL, 5, NULL, NULL, 9551.10, NULL, NULL, NULL, NULL, NULL, NULL, NULL, NULL, NULL, NULL),
	(210, '2015006', NULL, NULL, 5, NULL, NULL, 4904.62, NULL, NULL, NULL, NULL, NULL, NULL, NULL, NULL, NULL, NULL),
	(211, '1983001', NULL, NULL, 5, NULL, NULL, 7486.00, NULL, NULL, NULL, NULL, NULL, NULL, NULL, NULL, NULL, NULL),
	(212, '2010019', NULL, NULL, 5, NULL, NULL, 9809.22, NULL, NULL, NULL, NULL, NULL, NULL, NULL, NULL, NULL, NULL),
	(213, '2010010', NULL, NULL, 5, NULL, NULL, 2968.58, NULL, NULL, NULL, NULL, NULL, NULL, NULL, NULL, NULL, NULL),
	(214, '1977004', NULL, NULL, 5, NULL, NULL, 4614.50, NULL, NULL, NULL, NULL, NULL, NULL, NULL, NULL, NULL, NULL),
	(215, '1997001', NULL, NULL, 5, NULL, NULL, 9292.96, NULL, NULL, NULL, NULL, NULL, NULL, NULL, NULL, NULL, NULL),
	(216, '1987002', NULL, NULL, 5, NULL, NULL, 6453.44, NULL, NULL, NULL, NULL, NULL, NULL, NULL, NULL, NULL, NULL),
	(217, '2015011', NULL, NULL, 5, NULL, NULL, 6195.30, NULL, NULL, NULL, NULL, NULL, NULL, NULL, NULL, NULL, NULL),
	(218, '2015010', NULL, NULL, 5, NULL, NULL, 4388.34, NULL, NULL, NULL, NULL, NULL, NULL, NULL, NULL, NULL, NULL),
	(219, '2012006', NULL, NULL, 5, NULL, NULL, 4904.62, NULL, NULL, NULL, NULL, NULL, NULL, NULL, NULL, NULL, NULL),
	(220, '1992006', NULL, NULL, 5, NULL, NULL, 8260.40, NULL, NULL, NULL, NULL, NULL, NULL, NULL, NULL, NULL, NULL),
	(221, '2011024', NULL, NULL, 5, NULL, NULL, 4388.34, NULL, NULL, NULL, NULL, NULL, NULL, NULL, NULL, NULL, NULL),
	(222, '1987003', NULL, NULL, 5, NULL, NULL, 10067.36, NULL, NULL, NULL, NULL, NULL, NULL, NULL, NULL, NULL, NULL),
	(223, '2011027', NULL, NULL, 5, NULL, NULL, 8121.52, NULL, NULL, NULL, NULL, NULL, NULL, NULL, NULL, NULL, NULL),
	(224, '1977002', NULL, NULL, 5, NULL, NULL, 8518.54, NULL, NULL, NULL, NULL, NULL, NULL, NULL, NULL, NULL, NULL),
	(225, '2010017', NULL, NULL, 5, NULL, NULL, 10067.36, NULL, NULL, NULL, NULL, NULL, NULL, NULL, NULL, NULL, NULL),
	(226, '1989004', NULL, NULL, 5, NULL, NULL, 5537.40, NULL, NULL, NULL, NULL, NULL, NULL, NULL, NULL, NULL, NULL),
	(227, '2011009', NULL, NULL, 5, NULL, NULL, 4904.62, NULL, NULL, NULL, NULL, NULL, NULL, NULL, NULL, NULL, NULL),
	(228, '1978002', NULL, NULL, 5, NULL, NULL, 8859.84, NULL, NULL, NULL, NULL, NULL, NULL, NULL, NULL, NULL, NULL),
	(229, '1992009', NULL, NULL, 5, NULL, NULL, 8518.54, NULL, NULL, NULL, NULL, NULL, NULL, NULL, NULL, NULL, NULL),
	(230, '1989002', NULL, NULL, 5, NULL, NULL, 6711.58, NULL, NULL, NULL, NULL, NULL, NULL, NULL, NULL, NULL, NULL),
	(231, '2016007', NULL, NULL, 5, NULL, NULL, 11874.32, NULL, NULL, NULL, NULL, NULL, NULL, NULL, NULL, NULL, NULL),
	(232, '1988003', NULL, NULL, 5, NULL, NULL, 11616.20, NULL, NULL, NULL, NULL, NULL, NULL, NULL, NULL, NULL, NULL),
	(233, '2011025', NULL, NULL, 5, NULL, NULL, 4388.34, NULL, NULL, NULL, NULL, NULL, NULL, NULL, NULL, NULL, NULL),
	(234, '2010021', NULL, NULL, 5, NULL, NULL, 9034.82, NULL, NULL, NULL, NULL, NULL, NULL, NULL, NULL, NULL, NULL),
	(235, '1984003', NULL, NULL, 5, NULL, NULL, 3226.72, NULL, NULL, NULL, NULL, NULL, NULL, NULL, NULL, NULL, NULL),
	(236, '2011010', NULL, NULL, 5, NULL, NULL, 3872.06, NULL, NULL, NULL, NULL, NULL, NULL, NULL, NULL, NULL, NULL),
	(237, '2015012', NULL, NULL, 5, NULL, NULL, 4130.20, NULL, NULL, NULL, NULL, NULL, NULL, NULL, NULL, NULL, NULL),
	(238, '1990002', NULL, NULL, 5, NULL, NULL, 4388.34, NULL, NULL, NULL, NULL, NULL, NULL, NULL, NULL, NULL, NULL),
	(239, '2017003', NULL, NULL, 5, NULL, NULL, 7227.86, NULL, NULL, NULL, NULL, NULL, NULL, NULL, NULL, NULL, NULL),
	(240, '2011036', NULL, NULL, 5, NULL, NULL, 9292.96, NULL, NULL, NULL, NULL, NULL, NULL, NULL, NULL, NULL, NULL),
	(241, '2011014', NULL, NULL, 5, NULL, NULL, 2399.54, NULL, NULL, NULL, NULL, NULL, NULL, NULL, NULL, NULL, NULL),
	(242, '1985008', NULL, NULL, 5, NULL, NULL, 9292.96, NULL, NULL, NULL, NULL, NULL, NULL, NULL, NULL, NULL, NULL),
	(243, '2012007', NULL, NULL, 5, NULL, NULL, 5937.16, NULL, NULL, NULL, NULL, NULL, NULL, NULL, NULL, NULL, NULL),
	(244, '2015002', NULL, NULL, 5, NULL, NULL, 9292.96, NULL, NULL, NULL, NULL, NULL, NULL, NULL, NULL, NULL, NULL),
	(245, '2011001', NULL, NULL, 5, NULL, NULL, 10325.52, NULL, NULL, NULL, NULL, NULL, NULL, NULL, NULL, NULL, NULL),
	(246, '2012009', NULL, NULL, 5, NULL, NULL, 5937.16, NULL, NULL, NULL, NULL, NULL, NULL, NULL, NULL, NULL, NULL),
	(247, '1992002', NULL, NULL, 5, NULL, NULL, 2581.38, NULL, NULL, NULL, NULL, NULL, NULL, NULL, NULL, NULL, NULL),
	(248, '2014006', NULL, NULL, 5, NULL, NULL, 12132.46, NULL, NULL, NULL, NULL, NULL, NULL, NULL, NULL, NULL, NULL),
	(249, '2017002', NULL, NULL, 5, NULL, NULL, 5162.76, NULL, NULL, NULL, NULL, NULL, NULL, NULL, NULL, NULL, NULL),
	(250, '2011030', NULL, NULL, 5, NULL, NULL, 6969.72, NULL, NULL, NULL, NULL, NULL, NULL, NULL, NULL, NULL, NULL),
	(251, '2011026', NULL, NULL, 5, NULL, NULL, 7227.86, NULL, NULL, NULL, NULL, NULL, NULL, NULL, NULL, NULL, NULL),
	(252, '2016011', NULL, NULL, 5, NULL, NULL, 5162.76, NULL, NULL, NULL, NULL, NULL, NULL, NULL, NULL, NULL, NULL),
	(253, '2015014', NULL, NULL, 5, NULL, NULL, 5162.76, NULL, NULL, NULL, NULL, NULL, NULL, NULL, NULL, NULL, NULL),
	(254, '2013007', NULL, NULL, 5, NULL, NULL, 4388.34, NULL, NULL, NULL, NULL, NULL, NULL, NULL, NULL, NULL, NULL),
	(255, '2013001', NULL, NULL, 5, NULL, NULL, 12906.88, NULL, NULL, NULL, NULL, NULL, NULL, NULL, NULL, NULL, NULL),
	(256, '2016008', NULL, NULL, 5, NULL, NULL, 5162.76, NULL, NULL, NULL, NULL, NULL, NULL, NULL, NULL, NULL, NULL),
	(257, '1995004', NULL, NULL, 5, NULL, NULL, 6711.58, NULL, NULL, NULL, NULL, NULL, NULL, NULL, NULL, NULL, NULL),
	(258, '2010012', NULL, NULL, 5, NULL, NULL, 3613.92, NULL, NULL, NULL, NULL, NULL, NULL, NULL, NULL, NULL, NULL),
	(259, '1990004', NULL, NULL, 5, NULL, NULL, 15488.26, NULL, NULL, NULL, NULL, NULL, NULL, NULL, NULL, NULL, NULL),
	(260, '2014007', NULL, NULL, 5, NULL, NULL, 4130.20, NULL, NULL, NULL, NULL, NULL, NULL, NULL, NULL, NULL, NULL),
	(261, '2015004', NULL, NULL, 5, NULL, NULL, 8791.60, NULL, NULL, NULL, NULL, NULL, NULL, NULL, NULL, NULL, NULL),
	(262, '1993007', NULL, NULL, 5, NULL, NULL, 6711.58, NULL, NULL, NULL, NULL, NULL, NULL, NULL, NULL, NULL, NULL),
	(263, '2012002', NULL, NULL, 5, NULL, NULL, 8859.84, NULL, NULL, NULL, NULL, NULL, NULL, NULL, NULL, NULL, NULL),
	(264, '2012003', NULL, NULL, 5, NULL, NULL, 1936.03, NULL, NULL, NULL, NULL, NULL, NULL, NULL, NULL, NULL, NULL),
	(265, '1979002', NULL, NULL, 5, NULL, NULL, 5162.76, NULL, NULL, NULL, NULL, NULL, NULL, NULL, NULL, NULL, NULL),
	(266, '2012004', NULL, NULL, 5, NULL, NULL, 9809.22, NULL, NULL, NULL, NULL, NULL, NULL, NULL, NULL, NULL, NULL),
	(267, '1994005', NULL, NULL, 5, NULL, NULL, 4904.62, NULL, NULL, NULL, NULL, NULL, NULL, NULL, NULL, NULL, NULL),
	(268, '1987011', NULL, NULL, 5, NULL, NULL, 11616.20, NULL, NULL, NULL, NULL, NULL, NULL, NULL, NULL, NULL, NULL),
	(269, '1985003', NULL, NULL, 5, NULL, NULL, 5420.90, NULL, NULL, NULL, NULL, NULL, NULL, NULL, NULL, NULL, NULL),
	(270, '1993005', NULL, NULL, 5, NULL, NULL, 8260.40, NULL, NULL, NULL, NULL, NULL, NULL, NULL, NULL, NULL, NULL),
	(271, '1979001', NULL, NULL, 5, NULL, NULL, 6453.44, NULL, NULL, NULL, NULL, NULL, NULL, NULL, NULL, NULL, NULL),
	(272, '2010013', NULL, NULL, 5, NULL, NULL, 5420.90, NULL, NULL, NULL, NULL, NULL, NULL, NULL, NULL, NULL, NULL),
	(273, '2016012', NULL, NULL, 5, NULL, NULL, 5162.76, NULL, NULL, NULL, NULL, NULL, NULL, NULL, NULL, NULL, NULL),
	(274, '1978009', NULL, NULL, 5, NULL, NULL, 3226.72, NULL, NULL, NULL, NULL, NULL, NULL, NULL, NULL, NULL, NULL),
	(275, '2011006', NULL, NULL, 5, NULL, NULL, 6195.30, NULL, NULL, NULL, NULL, NULL, NULL, NULL, NULL, NULL, NULL),
	(276, '1995003', NULL, NULL, 5, NULL, NULL, 8518.54, NULL, NULL, NULL, NULL, NULL, NULL, NULL, NULL, NULL, NULL),
	(277, '2011016', NULL, NULL, 5, NULL, NULL, 7744.12, NULL, NULL, NULL, NULL, NULL, NULL, NULL, NULL, NULL, NULL),
	(278, '2011022', NULL, NULL, 5, NULL, NULL, 8002.26, NULL, NULL, NULL, NULL, NULL, NULL, NULL, NULL, NULL, NULL),
	(279, '1989007', NULL, NULL, 5, NULL, NULL, 2839.52, NULL, NULL, NULL, NULL, NULL, NULL, NULL, NULL, NULL, NULL),
	(280, '2011004', NULL, NULL, 5, NULL, NULL, 3872.06, NULL, NULL, NULL, NULL, NULL, NULL, NULL, NULL, NULL, NULL),
	(281, '2011005', NULL, NULL, 5, NULL, NULL, 6711.58, NULL, NULL, NULL, NULL, NULL, NULL, NULL, NULL, NULL, NULL),
	(282, '1984001', NULL, NULL, 6, NULL, NULL, 1680.00, NULL, NULL, NULL, NULL, NULL, NULL, NULL, NULL, NULL, NULL),
	(283, '1983003', NULL, NULL, 6, NULL, NULL, 1400.00, NULL, NULL, NULL, NULL, NULL, NULL, NULL, NULL, NULL, NULL),
	(284, '2003001', NULL, NULL, 6, NULL, NULL, 1400.00, NULL, NULL, NULL, NULL, NULL, NULL, NULL, NULL, NULL, NULL),
	(285, '2011019', NULL, NULL, 6, NULL, NULL, 1400.00, NULL, NULL, NULL, NULL, NULL, NULL, NULL, NULL, NULL, NULL),
	(286, '1985004', NULL, NULL, 6, NULL, NULL, 1960.00, NULL, NULL, NULL, NULL, NULL, NULL, NULL, NULL, NULL, NULL),
	(287, '1993004', NULL, NULL, 6, NULL, NULL, 1400.00, NULL, NULL, NULL, NULL, NULL, NULL, NULL, NULL, NULL, NULL),
	(288, '2011020', NULL, NULL, 6, NULL, NULL, 933.33, NULL, NULL, NULL, NULL, NULL, NULL, NULL, NULL, NULL, NULL),
	(289, '1992003', NULL, NULL, 6, NULL, NULL, 1400.00, NULL, NULL, NULL, NULL, NULL, NULL, NULL, NULL, NULL, NULL),
	(290, '1987013', NULL, NULL, 6, NULL, NULL, 1400.00, NULL, NULL, NULL, NULL, NULL, NULL, NULL, NULL, NULL, NULL),
	(291, '2011023', NULL, NULL, 6, NULL, NULL, 1400.00, NULL, NULL, NULL, NULL, NULL, NULL, NULL, NULL, NULL, NULL),
	(292, '2014001', NULL, NULL, 6, NULL, NULL, 1400.00, NULL, NULL, NULL, NULL, NULL, NULL, NULL, NULL, NULL, NULL),
	(293, '2010011', NULL, NULL, 6, NULL, NULL, 400.00, NULL, NULL, NULL, NULL, NULL, NULL, NULL, NULL, NULL, NULL),
	(294, '2011002', NULL, NULL, 6, NULL, NULL, 1400.00, NULL, NULL, NULL, NULL, NULL, NULL, NULL, NULL, NULL, NULL),
	(295, '1987009', NULL, NULL, 6, NULL, NULL, 2460.00, NULL, NULL, NULL, NULL, NULL, NULL, NULL, NULL, NULL, NULL),
	(296, '1978007', NULL, NULL, 6, NULL, NULL, 1200.00, NULL, NULL, NULL, NULL, NULL, NULL, NULL, NULL, NULL, NULL),
	(297, '1976004', NULL, NULL, 6, NULL, NULL, 3400.00, NULL, NULL, NULL, NULL, NULL, NULL, NULL, NULL, NULL, NULL),
	(298, '1987010', NULL, NULL, 6, NULL, NULL, 2150.00, NULL, NULL, NULL, NULL, NULL, NULL, NULL, NULL, NULL, NULL),
	(299, '1990007', NULL, NULL, 6, NULL, NULL, 1400.00, NULL, NULL, NULL, NULL, NULL, NULL, NULL, NULL, NULL, NULL),
	(300, '1981003', NULL, NULL, 6, NULL, NULL, 1400.00, NULL, NULL, NULL, NULL, NULL, NULL, NULL, NULL, NULL, NULL),
	(301, '1987001', NULL, NULL, 6, NULL, NULL, 1400.00, NULL, NULL, NULL, NULL, NULL, NULL, NULL, NULL, NULL, NULL),
	(302, '1990011', NULL, NULL, 6, NULL, NULL, 1400.00, NULL, NULL, NULL, NULL, NULL, NULL, NULL, NULL, NULL, NULL),
	(303, '1983001', NULL, NULL, 6, NULL, NULL, 2283.33, NULL, NULL, NULL, NULL, NULL, NULL, NULL, NULL, NULL, NULL),
	(304, '2010019', NULL, NULL, 6, NULL, NULL, 2150.00, NULL, NULL, NULL, NULL, NULL, NULL, NULL, NULL, NULL, NULL),
	(305, '2010010', NULL, NULL, 6, NULL, NULL, 1400.00, NULL, NULL, NULL, NULL, NULL, NULL, NULL, NULL, NULL, NULL),
	(306, '1977004', NULL, NULL, 6, NULL, NULL, 1400.00, NULL, NULL, NULL, NULL, NULL, NULL, NULL, NULL, NULL, NULL),
	(307, '2011024', NULL, NULL, 6, NULL, NULL, 1400.00, NULL, NULL, NULL, NULL, NULL, NULL, NULL, NULL, NULL, NULL),
	(308, '1987003', NULL, NULL, 6, NULL, NULL, 2430.00, NULL, NULL, NULL, NULL, NULL, NULL, NULL, NULL, NULL, NULL),
	(309, '1985002', NULL, NULL, 6, NULL, NULL, 1400.00, NULL, NULL, NULL, NULL, NULL, NULL, NULL, NULL, NULL, NULL),
	(310, '1988002', NULL, NULL, 6, NULL, NULL, 1400.00, NULL, NULL, NULL, NULL, NULL, NULL, NULL, NULL, NULL, NULL),
	(311, '1977002', NULL, NULL, 6, NULL, NULL, 1400.00, NULL, NULL, NULL, NULL, NULL, NULL, NULL, NULL, NULL, NULL),
	(312, '1989004', NULL, NULL, 6, NULL, NULL, 1400.00, NULL, NULL, NULL, NULL, NULL, NULL, NULL, NULL, NULL, NULL),
	(313, '1992009', NULL, NULL, 6, NULL, NULL, 1930.00, NULL, NULL, NULL, NULL, NULL, NULL, NULL, NULL, NULL, NULL),
	(314, '1989002', NULL, NULL, 6, NULL, NULL, 2490.00, NULL, NULL, NULL, NULL, NULL, NULL, NULL, NULL, NULL, NULL),
	(315, '1988003', NULL, NULL, 6, NULL, NULL, 1400.00, NULL, NULL, NULL, NULL, NULL, NULL, NULL, NULL, NULL, NULL),
	(316, '1984003', NULL, NULL, 6, NULL, NULL, 1400.00, NULL, NULL, NULL, NULL, NULL, NULL, NULL, NULL, NULL, NULL),
	(317, '1990002', NULL, NULL, 6, NULL, NULL, 1400.00, NULL, NULL, NULL, NULL, NULL, NULL, NULL, NULL, NULL, NULL),
	(318, '1985008', NULL, NULL, 6, NULL, NULL, 1400.00, NULL, NULL, NULL, NULL, NULL, NULL, NULL, NULL, NULL, NULL),
	(319, '2011001', NULL, NULL, 6, NULL, NULL, 1400.00, NULL, NULL, NULL, NULL, NULL, NULL, NULL, NULL, NULL, NULL),
	(320, '2012009', NULL, NULL, 6, NULL, NULL, 1400.00, NULL, NULL, NULL, NULL, NULL, NULL, NULL, NULL, NULL, NULL),
	(321, '1992002', NULL, NULL, 6, NULL, NULL, 310.00, NULL, NULL, NULL, NULL, NULL, NULL, NULL, NULL, NULL, NULL),
	(322, '2015014', NULL, NULL, 6, NULL, NULL, 1400.00, NULL, NULL, NULL, NULL, NULL, NULL, NULL, NULL, NULL, NULL),
	(323, '1990014', NULL, NULL, 6, NULL, NULL, 2180.00, NULL, NULL, NULL, NULL, NULL, NULL, NULL, NULL, NULL, NULL),
	(324, '1995004', NULL, NULL, 6, NULL, NULL, 1930.00, NULL, NULL, NULL, NULL, NULL, NULL, NULL, NULL, NULL, NULL),
	(325, '2010012', NULL, NULL, 6, NULL, NULL, 2150.00, NULL, NULL, NULL, NULL, NULL, NULL, NULL, NULL, NULL, NULL),
	(326, '1996001', NULL, NULL, 6, NULL, NULL, 1400.00, NULL, NULL, NULL, NULL, NULL, NULL, NULL, NULL, NULL, NULL),
	(327, '1994004', NULL, NULL, 6, NULL, NULL, 1400.00, NULL, NULL, NULL, NULL, NULL, NULL, NULL, NULL, NULL, NULL),
	(328, '1985003', NULL, NULL, 6, NULL, NULL, 1930.00, NULL, NULL, NULL, NULL, NULL, NULL, NULL, NULL, NULL, NULL),
	(329, '1978001', NULL, NULL, 6, NULL, NULL, 1400.00, NULL, NULL, NULL, NULL, NULL, NULL, NULL, NULL, NULL, NULL),
	(330, '1993005', NULL, NULL, 6, NULL, NULL, 1400.00, NULL, NULL, NULL, NULL, NULL, NULL, NULL, NULL, NULL, NULL),
	(331, '1979001', NULL, NULL, 6, NULL, NULL, 1400.00, NULL, NULL, NULL, NULL, NULL, NULL, NULL, NULL, NULL, NULL),
	(332, '2016012', NULL, NULL, 6, NULL, NULL, 1400.00, NULL, NULL, NULL, NULL, NULL, NULL, NULL, NULL, NULL, NULL),
	(333, '1978009', NULL, NULL, 6, NULL, NULL, 1400.00, NULL, NULL, NULL, NULL, NULL, NULL, NULL, NULL, NULL, NULL),
	(334, '1987014', NULL, NULL, 6, NULL, NULL, 1400.00, NULL, NULL, NULL, NULL, NULL, NULL, NULL, NULL, NULL, NULL),
	(335, '2011006', NULL, NULL, 6, NULL, NULL, 1400.00, NULL, NULL, NULL, NULL, NULL, NULL, NULL, NULL, NULL, NULL),
	(336, '1995003', NULL, NULL, 6, NULL, NULL, 2680.00, NULL, NULL, NULL, NULL, NULL, NULL, NULL, NULL, NULL, NULL),
	(337, '2011022', NULL, NULL, 6, NULL, NULL, 1400.00, NULL, NULL, NULL, NULL, NULL, NULL, NULL, NULL, NULL, NULL),
	(338, '2011004', NULL, NULL, 6, NULL, NULL, 600.00, NULL, NULL, NULL, NULL, NULL, NULL, NULL, NULL, NULL, NULL),
	(339, '1987008', NULL, NULL, 6, NULL, NULL, 3766.77, NULL, NULL, NULL, NULL, NULL, NULL, NULL, NULL, NULL, NULL),
	(340, '1987004', NULL, NULL, 6, NULL, NULL, 1900.00, NULL, NULL, NULL, NULL, NULL, NULL, NULL, NULL, NULL, NULL),
	(341, '2011028', NULL, NULL, 6, NULL, NULL, 750.00, NULL, NULL, NULL, NULL, NULL, NULL, NULL, NULL, NULL, NULL),
	(342, '1979003', NULL, NULL, 6, NULL, NULL, 1400.00, NULL, NULL, NULL, NULL, NULL, NULL, NULL, NULL, NULL, NULL),
	(343, '2011032', NULL, NULL, 6, NULL, NULL, 750.00, NULL, NULL, NULL, NULL, NULL, NULL, NULL, NULL, NULL, NULL),
	(344, '2014009', NULL, NULL, 6, NULL, NULL, 750.00, NULL, NULL, NULL, NULL, NULL, NULL, NULL, NULL, NULL, NULL),
	(345, '1993001', NULL, NULL, 6, NULL, NULL, 750.00, NULL, NULL, NULL, NULL, NULL, NULL, NULL, NULL, NULL, NULL),
	(346, '2011010', NULL, NULL, 6, NULL, NULL, 1400.00, NULL, NULL, NULL, NULL, NULL, NULL, NULL, NULL, NULL, NULL),
	(347, '2017004', NULL, NULL, 6, NULL, NULL, 400.00, NULL, NULL, NULL, NULL, NULL, NULL, NULL, NULL, NULL, NULL),
	(348, '2014006', NULL, NULL, 6, NULL, NULL, 1500.00, NULL, NULL, NULL, NULL, NULL, NULL, NULL, NULL, NULL, NULL),
	(349, '1976002', NULL, NULL, 6, NULL, NULL, 2650.00, NULL, NULL, NULL, NULL, NULL, NULL, NULL, NULL, NULL, NULL),
	(350, '1987005', NULL, NULL, 6, NULL, NULL, 750.00, NULL, NULL, NULL, NULL, NULL, NULL, NULL, NULL, NULL, NULL),
	(351, '1984001', NULL, NULL, 7, NULL, NULL, 704.83, NULL, NULL, NULL, NULL, NULL, NULL, NULL, NULL, NULL, NULL),
	(352, '1981002', NULL, NULL, 7, NULL, NULL, 4026.61, NULL, NULL, NULL, NULL, NULL, NULL, NULL, NULL, NULL, NULL),
	(353, '2011020', NULL, NULL, 7, NULL, NULL, 1091.41, NULL, NULL, NULL, NULL, NULL, NULL, NULL, NULL, NULL, NULL),
	(354, '1987009', NULL, NULL, 7, NULL, NULL, 552.25, NULL, NULL, NULL, NULL, NULL, NULL, NULL, NULL, NULL, NULL),
	(355, '1987010', NULL, NULL, 7, NULL, NULL, 344.01, NULL, NULL, NULL, NULL, NULL, NULL, NULL, NULL, NULL, NULL),
	(356, '1990007', NULL, NULL, 7, NULL, NULL, 4013.71, NULL, NULL, NULL, NULL, NULL, NULL, NULL, NULL, NULL, NULL),
	(357, '1981003', NULL, NULL, 7, NULL, NULL, 459.39, NULL, NULL, NULL, NULL, NULL, NULL, NULL, NULL, NULL, NULL),
	(358, '1977004', NULL, NULL, 7, NULL, NULL, 1200.00, NULL, NULL, NULL, NULL, NULL, NULL, NULL, NULL, NULL, NULL),
	(359, '2011024', NULL, NULL, 7, NULL, NULL, 1366.77, NULL, NULL, NULL, NULL, NULL, NULL, NULL, NULL, NULL, NULL),
	(360, '1977002', NULL, NULL, 7, NULL, NULL, 392.64, NULL, NULL, NULL, NULL, NULL, NULL, NULL, NULL, NULL, NULL),
	(361, '1988003', NULL, NULL, 7, NULL, NULL, 2930.48, NULL, NULL, NULL, NULL, NULL, NULL, NULL, NULL, NULL, NULL),
	(362, '1984003', NULL, NULL, 7, NULL, NULL, 815.90, NULL, NULL, NULL, NULL, NULL, NULL, NULL, NULL, NULL, NULL),
	(363, '1985008', NULL, NULL, 7, NULL, NULL, 1256.13, NULL, NULL, NULL, NULL, NULL, NULL, NULL, NULL, NULL, NULL),
	(364, '2011001', NULL, NULL, 7, NULL, NULL, 1931.58, NULL, NULL, NULL, NULL, NULL, NULL, NULL, NULL, NULL, NULL),
	(365, '2012009', NULL, NULL, 7, NULL, NULL, 842.47, NULL, NULL, NULL, NULL, NULL, NULL, NULL, NULL, NULL, NULL),
	(366, '2017002', NULL, NULL, 7, NULL, NULL, 406.14, NULL, NULL, NULL, NULL, NULL, NULL, NULL, NULL, NULL, NULL),
	(367, '2011030', NULL, NULL, 7, NULL, NULL, 854.16, NULL, NULL, NULL, NULL, NULL, NULL, NULL, NULL, NULL, NULL),
	(368, '1995004', NULL, NULL, 7, NULL, NULL, 340.84, NULL, NULL, NULL, NULL, NULL, NULL, NULL, NULL, NULL, NULL),
	(369, '2010012', NULL, NULL, 7, NULL, NULL, 870.46, NULL, NULL, NULL, NULL, NULL, NULL, NULL, NULL, NULL, NULL),
	(370, '1990004', NULL, NULL, 7, NULL, NULL, 3533.67, NULL, NULL, NULL, NULL, NULL, NULL, NULL, NULL, NULL, NULL),
	(371, '2015007', NULL, NULL, 7, NULL, NULL, 2828.68, NULL, NULL, NULL, NULL, NULL, NULL, NULL, NULL, NULL, NULL),
	(372, '1991001', NULL, NULL, 7, NULL, NULL, 1553.29, NULL, NULL, NULL, NULL, NULL, NULL, NULL, NULL, NULL, NULL),
	(373, '1978001', NULL, NULL, 7, NULL, NULL, 1200.00, NULL, NULL, NULL, NULL, NULL, NULL, NULL, NULL, NULL, NULL),
	(374, '1979001', NULL, NULL, 7, NULL, NULL, 809.31, NULL, NULL, NULL, NULL, NULL, NULL, NULL, NULL, NULL, NULL),
	(375, '2011020', NULL, NULL, 9, NULL, NULL, 933.33, NULL, NULL, NULL, NULL, NULL, NULL, NULL, NULL, NULL, NULL),
	(376, '2016009', NULL, NULL, 9, NULL, NULL, 1166.67, NULL, NULL, NULL, NULL, NULL, NULL, NULL, NULL, NULL, NULL),
	(377, '1987013', NULL, NULL, 9, NULL, NULL, 1633.33, NULL, NULL, NULL, NULL, NULL, NULL, NULL, NULL, NULL, NULL),
	(378, '2011023', NULL, NULL, 9, NULL, NULL, 1166.67, NULL, NULL, NULL, NULL, NULL, NULL, NULL, NULL, NULL, NULL),
	(379, '2015011', NULL, NULL, 9, NULL, NULL, 2333.33, NULL, NULL, NULL, NULL, NULL, NULL, NULL, NULL, NULL, NULL),
	(380, '2012006', NULL, NULL, 9, NULL, NULL, 1166.67, NULL, NULL, NULL, NULL, NULL, NULL, NULL, NULL, NULL, NULL),
	(381, '1988002', NULL, NULL, 9, NULL, NULL, 2208.67, NULL, NULL, NULL, NULL, NULL, NULL, NULL, NULL, NULL, NULL),
	(382, '1977002', NULL, NULL, 9, NULL, NULL, 1166.67, NULL, NULL, NULL, NULL, NULL, NULL, NULL, NULL, NULL, NULL),
	(383, '2014006', NULL, NULL, 9, NULL, NULL, 2333.33, NULL, NULL, NULL, NULL, NULL, NULL, NULL, NULL, NULL, NULL),
	(384, '2015014', NULL, NULL, 9, NULL, NULL, 4416.67, NULL, NULL, NULL, NULL, NULL, NULL, NULL, NULL, NULL, NULL),
	(385, '1990014', NULL, NULL, 9, NULL, NULL, 2208.67, NULL, NULL, NULL, NULL, NULL, NULL, NULL, NULL, NULL, NULL),
	(386, '2015007', NULL, NULL, 9, NULL, NULL, 1513.89, NULL, NULL, NULL, NULL, NULL, NULL, NULL, NULL, NULL, NULL),
	(387, '1987007', NULL, NULL, 9, NULL, NULL, 1513.89, NULL, NULL, NULL, NULL, NULL, NULL, NULL, NULL, NULL, NULL),
	(388, '1991001', NULL, NULL, 9, NULL, NULL, 1513.89, NULL, NULL, NULL, NULL, NULL, NULL, NULL, NULL, NULL, NULL),
	(389, '2012003', NULL, NULL, 9, NULL, NULL, 1766.67, NULL, NULL, NULL, NULL, NULL, NULL, NULL, NULL, NULL, NULL),
	(390, '1978009', NULL, NULL, 9, NULL, NULL, 2333.33, NULL, NULL, NULL, NULL, NULL, NULL, NULL, NULL, NULL, NULL),
	(391, '2011004', NULL, NULL, 9, NULL, NULL, 2208.33, NULL, NULL, NULL, NULL, NULL, NULL, NULL, NULL, NULL, NULL),
	(392, '1987008', NULL, NULL, 9, NULL, NULL, 2333.60, NULL, NULL, NULL, NULL, NULL, NULL, NULL, NULL, NULL, NULL),
	(393, '2011005', NULL, NULL, 9, NULL, NULL, 2208.33, NULL, NULL, NULL, NULL, NULL, NULL, NULL, NULL, NULL, NULL),
	(394, '1981002', NULL, NULL, 3, NULL, NULL, 2000.00, NULL, NULL, NULL, NULL, NULL, NULL, NULL, NULL, NULL, NULL),
	(395, '2010002', NULL, NULL, 3, NULL, NULL, 2000.00, NULL, NULL, NULL, NULL, NULL, NULL, NULL, NULL, NULL, NULL),
	(396, '2011023', NULL, NULL, 3, NULL, NULL, 12.00, NULL, NULL, NULL, NULL, NULL, NULL, NULL, NULL, NULL, NULL),
	(397, '2011033', NULL, NULL, 3, NULL, NULL, 200.00, NULL, NULL, NULL, NULL, NULL, NULL, NULL, NULL, NULL, NULL),
	(398, '1985001', NULL, NULL, 3, NULL, NULL, 1586.00, NULL, NULL, NULL, NULL, NULL, NULL, NULL, NULL, NULL, NULL),
	(399, '2011032', NULL, NULL, 3, NULL, NULL, 500.00, NULL, NULL, NULL, NULL, NULL, NULL, NULL, NULL, NULL, NULL),
	(400, '2011021', NULL, NULL, 3, NULL, NULL, 1000.00, NULL, NULL, NULL, NULL, NULL, NULL, NULL, NULL, NULL, NULL),
	(401, '1997001', NULL, NULL, 3, NULL, NULL, 1000.00, NULL, NULL, NULL, NULL, NULL, NULL, NULL, NULL, NULL, NULL),
	(402, '2012006', NULL, NULL, 3, NULL, NULL, 500.00, NULL, NULL, NULL, NULL, NULL, NULL, NULL, NULL, NULL, NULL),
	(403, '2011024', NULL, NULL, 3, NULL, NULL, 1015.00, NULL, NULL, NULL, NULL, NULL, NULL, NULL, NULL, NULL, NULL),
	(404, '1985002', NULL, NULL, 3, NULL, NULL, 1400.00, NULL, NULL, NULL, NULL, NULL, NULL, NULL, NULL, NULL, NULL),
	(405, '1976002', NULL, NULL, 3, NULL, NULL, 500.00, NULL, NULL, NULL, NULL, NULL, NULL, NULL, NULL, NULL, NULL),
	(406, '2011027', NULL, NULL, 3, NULL, NULL, 808.33, NULL, NULL, NULL, NULL, NULL, NULL, NULL, NULL, NULL, NULL),
	(407, '2011001', NULL, NULL, 3, NULL, NULL, 500.00, NULL, NULL, NULL, NULL, NULL, NULL, NULL, NULL, NULL, NULL),
	(408, '1994002', NULL, NULL, 3, NULL, NULL, 800.00, NULL, NULL, NULL, NULL, NULL, NULL, NULL, NULL, NULL, NULL),
	(409, '2014006', NULL, NULL, 3, NULL, NULL, 500.00, NULL, NULL, NULL, NULL, NULL, NULL, NULL, NULL, NULL, NULL),
	(410, '1992005', NULL, NULL, 3, NULL, NULL, 500.00, NULL, NULL, NULL, NULL, NULL, NULL, NULL, NULL, NULL, NULL),
	(411, '2013001', NULL, NULL, 3, NULL, NULL, 1000.00, NULL, NULL, NULL, NULL, NULL, NULL, NULL, NULL, NULL, NULL),
	(412, '1990014', NULL, NULL, 3, NULL, NULL, 1500.00, NULL, NULL, NULL, NULL, NULL, NULL, NULL, NULL, NULL, NULL),
	(413, '1995004', NULL, NULL, 3, NULL, NULL, 1000.00, NULL, NULL, NULL, NULL, NULL, NULL, NULL, NULL, NULL, NULL),
	(414, '1994004', NULL, NULL, 3, NULL, NULL, 2000.00, NULL, NULL, NULL, NULL, NULL, NULL, NULL, NULL, NULL, NULL),
	(415, '2015007', NULL, NULL, 3, NULL, NULL, 2000.00, NULL, NULL, NULL, NULL, NULL, NULL, NULL, NULL, NULL, NULL),
	(416, '2012002', NULL, NULL, 3, NULL, NULL, 700.00, NULL, NULL, NULL, NULL, NULL, NULL, NULL, NULL, NULL, NULL),
	(417, '2012003', NULL, NULL, 3, NULL, NULL, 200.00, NULL, NULL, NULL, NULL, NULL, NULL, NULL, NULL, NULL, NULL),
	(418, '2010013', NULL, NULL, 3, NULL, NULL, 200.00, NULL, NULL, NULL, NULL, NULL, NULL, NULL, NULL, NULL, NULL),
	(419, '1989007', NULL, NULL, 3, NULL, NULL, 250.00, NULL, NULL, NULL, NULL, NULL, NULL, NULL, NULL, NULL, NULL),
	(420, '2011008', 6, 6, 4, 0.00, 0.00, 216.67, NULL, NULL, NULL, NULL, NULL, NULL, NULL, '2018-10-28 04:44:54', '2018-10-28 04:44:54', NULL);
/*!40000 ALTER TABLE `pms_loansinfo` ENABLE KEYS */;

-- Dumping structure for table mirdc.pms_longevitypay
DROP TABLE IF EXISTS `pms_longevitypay`;
CREATE TABLE IF NOT EXISTS `pms_longevitypay` (
  `id` int(11) NOT NULL AUTO_INCREMENT,
  `employee_number` varchar(225) DEFAULT NULL,
  `employee_id` int(11) DEFAULT NULL,
  `lp` int(11) DEFAULT NULL,
  `basic_pay_amount` decimal(9,2) DEFAULT NULL,
  `longevity_amount` decimal(9,2) DEFAULT NULL,
  `longevity_date` date DEFAULT NULL,
  `created_by` int(11) DEFAULT NULL,
  `updated_by` int(11) DEFAULT NULL,
  `created_at` timestamp NULL DEFAULT NULL,
  `updated_at` timestamp NULL DEFAULT NULL,
  PRIMARY KEY (`id`)
) ENGINE=InnoDB AUTO_INCREMENT=217 DEFAULT CHARSET=latin1;

-- Dumping data for table mirdc.pms_longevitypay: ~215 rows (approximately)
/*!40000 ALTER TABLE `pms_longevitypay` DISABLE KEYS */;
INSERT INTO `pms_longevitypay` (`id`, `employee_number`, `employee_id`, `lp`, `basic_pay_amount`, `longevity_amount`, `longevity_date`, `created_by`, `updated_by`, `created_at`, `updated_at`) VALUES
	(1, NULL, 1, 30, 81344.00, 7688.35, '2015-07-01', NULL, NULL, NULL, '2018-10-21 05:51:35'),
	(2, NULL, 2, 10, 42099.00, 2809.40, '2015-09-15', NULL, NULL, NULL, '2018-10-21 05:51:54'),
	(3, NULL, 3, 25, NULL, 3762.80, '2015-05-24', NULL, NULL, NULL, NULL),
	(4, NULL, 4, 20, NULL, 5765.50, '2016-07-10', NULL, NULL, NULL, NULL),
	(5, NULL, 5, 0, NULL, 0.00, '2020-01-06', NULL, NULL, NULL, NULL),
	(6, NULL, 6, 5, NULL, 953.85, '2016-01-17', NULL, NULL, NULL, NULL),
	(7, NULL, 7, 30, NULL, 3255.40, '2014-08-09', NULL, NULL, NULL, NULL),
	(8, NULL, 8, 30, NULL, 2365.89, '2013-08-01', NULL, NULL, NULL, NULL),
	(9, NULL, 9, 15, NULL, 2597.60, '2018-05-16', NULL, NULL, NULL, NULL),
	(10, NULL, 10, 5, NULL, 1343.90, '2015-12-06', NULL, NULL, NULL, NULL),
	(11, NULL, 11, 5, NULL, 910.85, '2017-03-15', NULL, NULL, NULL, NULL),
	(12, NULL, 12, 35, NULL, 3696.60, '2016-05-18', NULL, NULL, NULL, NULL),
	(13, NULL, 13, 5, NULL, 1842.82, '2018-07-02', NULL, NULL, NULL, NULL),
	(14, NULL, 14, 5, NULL, 768.40, '2016-02-15', NULL, NULL, NULL, NULL),
	(15, NULL, 15, 30, NULL, 2074.45, '2015-05-27', NULL, NULL, NULL, NULL),
	(16, NULL, 16, 25, NULL, 3040.55, '2017-07-06', NULL, NULL, NULL, NULL),
	(17, NULL, 17, 5, NULL, 1820.45, '2016-02-14', NULL, NULL, NULL, NULL),
	(18, NULL, 18, 30, NULL, 4035.65, '2017-08-03', NULL, NULL, NULL, NULL),
	(19, NULL, 19, 5, NULL, 862.75, '2015-09-24', NULL, NULL, NULL, NULL),
	(20, NULL, 20, 40, NULL, 4516.87, '2017-04-01', NULL, NULL, NULL, NULL),
	(21, NULL, 21, 5, NULL, 927.45, '2015-01-04', NULL, NULL, NULL, NULL),
	(22, NULL, 22, 20, NULL, 2095.65, '2013-11-16', NULL, NULL, NULL, NULL),
	(23, NULL, 23, 5, NULL, 668.90, '2016-04-01', NULL, NULL, NULL, NULL),
	(24, NULL, 24, 20, NULL, 3761.25, '2013-10-18', NULL, NULL, NULL, NULL),
	(25, NULL, 25, 0, NULL, 0.00, '2021-07-18', NULL, NULL, NULL, NULL),
	(26, NULL, 26, 0, NULL, 0.00, '2023-04-16', NULL, NULL, NULL, NULL),
	(27, NULL, 27, 20, NULL, 4218.85, '2015-03-23', NULL, NULL, NULL, NULL),
	(28, NULL, 28, 25, NULL, 2911.91, '2018-01-18', NULL, NULL, NULL, NULL),
	(29, NULL, 29, 30, NULL, 4472.76, '2017-12-07', NULL, NULL, NULL, NULL),
	(30, NULL, 30, 5, NULL, 768.40, '2016-04-11', NULL, NULL, NULL, NULL),
	(31, NULL, 31, 0, NULL, 0.00, '2019-02-17', NULL, NULL, NULL, NULL),
	(32, NULL, 32, 5, NULL, 1820.45, '2016-02-08', NULL, NULL, NULL, NULL),
	(33, NULL, 34, 5, NULL, 886.50, '2016-08-01', NULL, NULL, NULL, NULL),
	(34, NULL, 33, 0, NULL, 0.00, '2020-04-13', NULL, NULL, NULL, NULL),
	(35, NULL, 35, 0, NULL, 0.00, '2020-05-11', NULL, NULL, NULL, NULL),
	(36, NULL, 36, 5, NULL, 1244.35, '2015-11-02', NULL, NULL, NULL, NULL),
	(37, NULL, 37, 30, NULL, 3457.10, '2015-03-20', NULL, NULL, NULL, NULL),
	(38, NULL, 38, 25, NULL, 4775.35, '2014-09-15', NULL, NULL, NULL, NULL),
	(39, NULL, 39, 0, NULL, 0.00, '2021-10-03', NULL, NULL, NULL, NULL),
	(40, NULL, 40, 5, NULL, 746.55, '2015-12-06', NULL, NULL, NULL, NULL),
	(41, NULL, 41, 5, NULL, 953.85, '2016-01-04', NULL, NULL, NULL, NULL),
	(42, NULL, 42, 5, NULL, 768.40, '2016-02-01', NULL, NULL, NULL, NULL),
	(43, NULL, 43, 5, NULL, 1588.25, '2018-03-18', NULL, NULL, NULL, NULL),
	(44, NULL, 44, 0, NULL, 0.00, '2019-11-03', NULL, NULL, NULL, NULL),
	(45, NULL, 45, 35, NULL, 5080.70, '2014-11-19', NULL, NULL, NULL, NULL),
	(46, NULL, 46, 5, NULL, 947.20, '2017-12-17', NULL, NULL, NULL, NULL),
	(47, NULL, 47, 25, NULL, 4792.90, '2014-09-28', NULL, NULL, NULL, NULL),
	(48, NULL, 48, 30, NULL, 3537.10, '2017-11-16', NULL, NULL, NULL, NULL),
	(49, NULL, 49, 0, NULL, 0.00, '2020-08-03', NULL, NULL, NULL, NULL),
	(50, NULL, 50, 15, NULL, 4592.65, '2018-06-26', NULL, NULL, NULL, NULL),
	(51, NULL, 51, 5, NULL, 1784.65, '2017-10-10', NULL, NULL, NULL, NULL),
	(52, NULL, 52, 20, NULL, 4881.10, '2013-10-18', NULL, NULL, NULL, NULL),
	(53, NULL, 53, 20, NULL, 4881.10, '2013-11-22', NULL, NULL, NULL, NULL),
	(54, NULL, 54, 5, NULL, 1588.25, '2018-03-19', NULL, NULL, NULL, NULL),
	(55, NULL, 55, 35, NULL, 3205.65, '2013-08-17', NULL, NULL, NULL, NULL),
	(56, NULL, 56, 0, NULL, 0.00, '2022-11-06', NULL, NULL, NULL, NULL),
	(57, NULL, 57, 0, NULL, 0.00, '2021-03-01', NULL, NULL, NULL, NULL),
	(58, NULL, 58, 20, NULL, 4934.25, '2015-07-17', NULL, NULL, NULL, NULL),
	(59, NULL, 59, 25, NULL, 3201.35, '2015-10-29', NULL, NULL, NULL, NULL),
	(60, NULL, 60, 40, NULL, 4532.77, '2016-12-01', NULL, NULL, NULL, NULL),
	(61, NULL, 61, 30, NULL, 2979.25, '2015-10-01', NULL, NULL, NULL, NULL),
	(62, NULL, 62, 30, NULL, 3137.30, '2017-11-16', NULL, NULL, NULL, NULL),
	(63, NULL, 63, 20, NULL, 2795.25, '2013-12-17', NULL, NULL, NULL, NULL),
	(64, NULL, 64, 25, NULL, 5492.70, '2015-01-23', NULL, NULL, NULL, NULL),
	(65, NULL, 65, 25, NULL, 5256.05, '2015-04-18', NULL, NULL, NULL, NULL),
	(66, NULL, 66, 5, NULL, 1420.85, '2016-01-17', NULL, NULL, NULL, NULL),
	(67, NULL, 67, 35, NULL, 4195.05, '2016-05-18', NULL, NULL, NULL, NULL),
	(68, NULL, 68, 20, NULL, 2575.25, '2015-03-14', NULL, NULL, NULL, NULL),
	(69, NULL, 69, 30, NULL, 3386.05, '2017-03-16', NULL, NULL, NULL, NULL),
	(70, NULL, 70, 25, NULL, 6536.10, '2015-07-09', NULL, NULL, NULL, NULL),
	(71, NULL, 71, 30, NULL, 5549.90, '2018-03-23', NULL, NULL, NULL, NULL),
	(72, NULL, 72, 5, NULL, 790.90, '2017-01-02', NULL, NULL, NULL, NULL),
	(73, NULL, 73, 5, NULL, 3654.95, '2015-09-23', NULL, NULL, NULL, NULL),
	(74, NULL, 74, 0, NULL, 0.00, '2021-02-22', NULL, NULL, NULL, NULL),
	(75, NULL, 75, 0, NULL, 0.00, '2020-05-18', NULL, NULL, NULL, NULL),
	(76, NULL, 76, 5, NULL, 668.90, '2016-04-04', NULL, NULL, NULL, NULL),
	(77, NULL, 77, 30, NULL, 2358.75, '2015-05-20', NULL, NULL, NULL, NULL),
	(78, NULL, 78, 35, NULL, 3689.98, '2018-07-18', NULL, NULL, NULL, NULL),
	(79, NULL, 80, 5, NULL, 927.45, '2015-10-26', NULL, NULL, NULL, NULL),
	(80, NULL, 79, 5, NULL, 1567.55, '2016-05-05', NULL, NULL, NULL, NULL),
	(81, NULL, 81, 40, NULL, 3160.57, '2017-10-18', NULL, NULL, NULL, NULL),
	(82, NULL, 82, 20, NULL, 5574.40, '2017-09-22', NULL, NULL, NULL, NULL),
	(83, NULL, 83, 30, NULL, 4440.65, '2017-03-16', NULL, NULL, NULL, NULL),
	(84, NULL, 84, 0, NULL, 0.00, '2020-10-08', NULL, NULL, NULL, NULL),
	(85, NULL, 85, 35, NULL, 6778.45, '2015-05-12', NULL, NULL, NULL, NULL),
	(86, NULL, 86, 0, NULL, 0.00, '2020-09-05', NULL, NULL, NULL, NULL),
	(87, NULL, 87, 5, NULL, 739.25, '2017-03-15', NULL, NULL, NULL, NULL),
	(88, NULL, 88, 25, NULL, 3209.70, '2017-07-06', NULL, NULL, NULL, NULL),
	(89, NULL, 89, 5, NULL, 825.60, '2016-05-02', NULL, NULL, NULL, NULL),
	(90, NULL, 90, 30, NULL, 3866.70, '2017-03-16', NULL, NULL, NULL, NULL),
	(91, NULL, 91, 25, NULL, 7273.05, '2014-08-25', NULL, NULL, NULL, NULL),
	(92, NULL, 92, 5, NULL, 1672.60, '2016-02-01', NULL, NULL, NULL, NULL),
	(93, NULL, 93, 30, NULL, 3124.55, '2015-03-20', NULL, NULL, NULL, NULL),
	(94, NULL, 94, 5, NULL, 1420.85, '2016-09-12', NULL, NULL, NULL, NULL),
	(95, NULL, 95, 5, NULL, 825.60, '2016-02-04', NULL, NULL, NULL, NULL),
	(96, NULL, 96, 25, NULL, 2937.15, '2013-08-01', NULL, NULL, NULL, NULL),
	(97, NULL, 97, 5, NULL, 1692.95, '2015-02-15', NULL, NULL, NULL, NULL),
	(98, NULL, 98, 40, NULL, 2827.62, '2017-04-01', NULL, NULL, NULL, NULL),
	(99, NULL, 99, 30, NULL, 4959.00, '2017-09-21', NULL, NULL, NULL, NULL),
	(100, NULL, 100, 5, NULL, 1420.85, '2016-05-10', NULL, NULL, NULL, NULL),
	(101, NULL, 101, 5, NULL, 873.65, '2018-07-01', NULL, NULL, NULL, NULL),
	(102, NULL, 103, 35, NULL, 3360.22, '2012-08-23', NULL, NULL, NULL, NULL),
	(103, NULL, 102, 0, NULL, 0.00, '2021-03-14', NULL, NULL, NULL, NULL),
	(104, NULL, 104, 5, NULL, 1692.95, '2015-12-10', NULL, NULL, NULL, NULL),
	(105, NULL, 105, 0, NULL, 0.00, '2022-03-01', NULL, NULL, NULL, NULL),
	(106, NULL, 106, 25, NULL, 5438.30, '2015-07-16', NULL, NULL, NULL, NULL),
	(107, NULL, 107, 25, NULL, 3163.70, '2014-09-11', NULL, NULL, NULL, NULL),
	(108, NULL, 108, 20, NULL, 1721.00, '2014-10-17', NULL, NULL, NULL, NULL),
	(109, NULL, 109, 5, NULL, 825.60, '2016-01-17', NULL, NULL, NULL, NULL),
	(110, NULL, 110, 0, NULL, 1502.20, '2017-12-17', NULL, NULL, NULL, NULL),
	(111, NULL, 111, 40, NULL, 3431.03, '2018-02-13', NULL, NULL, NULL, NULL),
	(112, NULL, 112, 35, NULL, 3052.40, '2016-03-24', NULL, NULL, NULL, NULL),
	(113, NULL, 113, 25, NULL, 3185.75, '2017-07-09', NULL, NULL, NULL, NULL),
	(114, NULL, 114, 25, NULL, 2717.95, '2014-06-01', NULL, NULL, NULL, NULL),
	(115, NULL, 115, 25, NULL, 4323.70, '2015-04-16', NULL, NULL, NULL, NULL),
	(116, NULL, 116, 25, NULL, 7671.25, '2017-03-16', NULL, NULL, NULL, NULL),
	(117, NULL, 117, 0, NULL, 0.00, '2021-07-01', NULL, NULL, NULL, NULL),
	(118, NULL, 118, 0, NULL, 0.00, '2019-09-01', NULL, NULL, NULL, NULL),
	(119, NULL, 120, 25, NULL, 4933.40, '2014-01-02', NULL, NULL, NULL, NULL),
	(120, NULL, 119, 35, NULL, 3039.70, '2015-05-12', NULL, NULL, NULL, NULL),
	(121, NULL, 121, 5, NULL, 1420.85, '2016-05-02', NULL, NULL, NULL, NULL),
	(122, NULL, 122, 25, NULL, 7978.55, '2017-04-20', NULL, NULL, NULL, NULL),
	(123, NULL, 123, 5, NULL, 1152.20, '2015-12-29', NULL, NULL, NULL, NULL),
	(124, NULL, 124, 30, NULL, 2776.25, '2014-09-16', NULL, NULL, NULL, NULL),
	(125, NULL, 125, 5, NULL, 1420.85, '2016-01-17', NULL, NULL, NULL, NULL),
	(126, NULL, 126, 0, NULL, 0.00, '2020-10-27', NULL, NULL, NULL, NULL),
	(127, NULL, 127, 0, NULL, 0.00, '2022-10-16', NULL, NULL, NULL, NULL),
	(128, NULL, 128, 30, NULL, 3618.70, '2017-10-30', NULL, NULL, NULL, NULL),
	(129, NULL, 129, 0, NULL, 0.00, '2023-02-05', NULL, NULL, NULL, NULL),
	(130, NULL, 130, 0, NULL, 0.00, '2022-09-04', NULL, NULL, NULL, NULL),
	(131, NULL, 131, 0, NULL, 0.00, '2023-02-05', NULL, NULL, NULL, NULL),
	(132, NULL, 132, 0, NULL, 0.00, '2022-12-18', NULL, NULL, NULL, NULL),
	(133, NULL, 133, 5, NULL, 1820.45, '2016-09-26', NULL, NULL, NULL, NULL),
	(134, NULL, 134, 5, NULL, 1420.85, '2016-02-01', NULL, NULL, NULL, NULL),
	(135, NULL, 135, 30, NULL, 3137.95, '2015-10-10', NULL, NULL, NULL, NULL),
	(136, NULL, 136, 5, NULL, 1502.20, '2017-04-02', NULL, NULL, NULL, NULL),
	(137, NULL, 137, 25, NULL, 2638.10, '2015-03-01', NULL, NULL, NULL, NULL),
	(138, NULL, 138, 0, NULL, 0.00, '2020-03-25', NULL, NULL, NULL, NULL),
	(139, NULL, 139, 20, NULL, 4283.90, '2016-12-06', NULL, NULL, NULL, NULL),
	(140, NULL, 140, 40, NULL, 4501.30, '2018-05-02', NULL, NULL, NULL, NULL),
	(141, NULL, 141, 0, NULL, 0.00, '2019-12-16', NULL, NULL, NULL, NULL),
	(142, NULL, 142, 20, NULL, 4862.95, '2014-06-01', NULL, NULL, NULL, NULL),
	(143, NULL, 143, 20, NULL, 4595.95, '2014-08-15', NULL, NULL, NULL, NULL),
	(144, NULL, 144, 5, NULL, 692.55, '2017-09-10', NULL, NULL, NULL, NULL),
	(145, NULL, 145, 25, NULL, 3181.50, '2017-03-24', NULL, NULL, NULL, NULL),
	(146, NULL, 146, 20, NULL, 5236.00, '2013-10-18', NULL, NULL, NULL, NULL),
	(147, NULL, 147, 0, NULL, 0.00, '2019-04-01', NULL, NULL, NULL, NULL),
	(148, NULL, 148, 0, NULL, 0.00, '2022-09-04', NULL, NULL, NULL, NULL),
	(149, NULL, 149, 0, NULL, 0.00, '2016-05-17', NULL, NULL, NULL, NULL),
	(150, NULL, 150, 5, NULL, 1420.85, '2016-05-09', NULL, NULL, NULL, NULL),
	(151, NULL, 151, 0, NULL, 0.00, '2021-12-01', NULL, NULL, NULL, NULL),
	(152, NULL, 152, 5, NULL, 862.75, '2015-02-01', NULL, NULL, NULL, NULL),
	(153, NULL, 153, 0, NULL, 0.00, '2020-12-21', NULL, NULL, NULL, NULL),
	(154, NULL, 154, 5, NULL, 634.00, '2018-07-11', NULL, NULL, NULL, NULL),
	(155, NULL, 155, 0, NULL, 0.00, '2022-10-19', NULL, NULL, NULL, NULL),
	(156, NULL, 156, 15, NULL, 6358.85, '2018-06-02', NULL, NULL, NULL, NULL),
	(157, NULL, 157, 25, NULL, 6204.05, '2017-04-27', NULL, NULL, NULL, NULL),
	(158, NULL, 158, 5, NULL, 2104.95, '2018-03-18', NULL, NULL, NULL, NULL),
	(159, NULL, 159, 25, NULL, 6118.00, '2015-12-18', NULL, NULL, NULL, NULL),
	(160, NULL, 160, 10, NULL, 1307.15, '2014-12-29', NULL, NULL, NULL, NULL),
	(161, NULL, 161, 25, NULL, 2421.45, '2014-04-24', NULL, NULL, NULL, NULL),
	(162, NULL, 162, 5, NULL, 1692.95, '2013-11-03', NULL, NULL, NULL, NULL),
	(163, NULL, 163, 20, NULL, 2664.10, '2015-03-23', NULL, NULL, NULL, NULL),
	(164, NULL, 164, 5, NULL, 520.05, '2015-11-22', NULL, NULL, NULL, NULL),
	(165, NULL, 165, 20, NULL, 3090.53, '2015-06-13', NULL, NULL, NULL, NULL),
	(166, NULL, 166, 20, NULL, 0.00, '2016-09-23', NULL, NULL, NULL, NULL),
	(167, NULL, 167, 25, NULL, 6959.15, '2015-02-26', NULL, NULL, NULL, NULL),
	(168, NULL, 168, 20, NULL, 2110.80, '2016-03-01', NULL, NULL, NULL, NULL),
	(169, NULL, 169, 20, NULL, 4156.30, '2014-12-16', NULL, NULL, NULL, NULL),
	(170, NULL, 170, 0, NULL, 0.00, '2019-08-04', NULL, NULL, NULL, NULL),
	(171, NULL, 171, 5, NULL, 936.75, '2015-03-25', NULL, NULL, NULL, NULL),
	(172, NULL, 172, 25, NULL, 7101.75, '2015-02-26', NULL, NULL, NULL, NULL),
	(173, NULL, 173, 5, NULL, 1820.45, '2016-09-26', NULL, NULL, NULL, NULL),
	(174, NULL, 174, 0, NULL, 0.00, '2018-10-01', NULL, NULL, NULL, NULL),
	(175, NULL, 175, 20, NULL, 2549.05, '2013-12-16', NULL, NULL, NULL, NULL),
	(176, NULL, 176, 40, NULL, 3377.37, '2017-04-01', NULL, NULL, NULL, NULL),
	(177, NULL, 177, 30, NULL, 3766.35, '2017-09-21', NULL, NULL, NULL, NULL),
	(178, NULL, 178, 0, NULL, 0.00, '2021-02-22', NULL, NULL, NULL, NULL),
	(179, NULL, 179, 5, NULL, 692.55, '2017-01-02', NULL, NULL, NULL, NULL),
	(180, NULL, 180, 40, NULL, 4173.80, '2018-03-01', NULL, NULL, NULL, NULL),
	(181, NULL, 181, 25, NULL, 5535.65, '2016-08-16', NULL, NULL, NULL, NULL),
	(182, NULL, 182, 5, NULL, 849.30, '2017-01-05', NULL, NULL, NULL, NULL),
	(183, NULL, 183, 35, NULL, 4829.40, '2014-05-14', NULL, NULL, NULL, NULL),
	(184, NULL, 184, 5, NULL, 1957.55, '2017-02-15', NULL, NULL, NULL, NULL),
	(185, NULL, 185, 25, NULL, 2814.20, '2017-07-06', NULL, NULL, NULL, NULL),
	(186, NULL, 186, 20, NULL, 2923.30, '2014-12-16', NULL, NULL, NULL, NULL),
	(187, NULL, 187, 20, NULL, 2404.95, '2013-10-18', NULL, NULL, NULL, NULL),
	(188, NULL, 188, 30, NULL, 7054.75, '2017-11-26', NULL, NULL, NULL, NULL),
	(189, NULL, 189, 0, NULL, 0.00, '2021-01-07', NULL, NULL, NULL, NULL),
	(190, NULL, 190, 30, NULL, 3453.25, '2015-03-21', NULL, NULL, NULL, NULL),
	(191, NULL, 191, 25, NULL, 3997.95, '2015-06-21', NULL, NULL, NULL, NULL),
	(192, NULL, 192, 5, NULL, 1420.85, '2016-05-16', NULL, NULL, NULL, NULL),
	(193, NULL, 193, 40, NULL, 3966.16, '2018-01-27', NULL, NULL, NULL, NULL),
	(194, NULL, 194, 20, NULL, 2398.85, '2013-11-16', NULL, NULL, NULL, NULL),
	(195, NULL, 195, 35, NULL, 2656.45, '2014-04-27', NULL, NULL, NULL, NULL),
	(196, NULL, 196, 5, NULL, 559.05, '2015-12-01', NULL, NULL, NULL, NULL),
	(197, NULL, 197, 0, NULL, 0.00, '2021-12-01', NULL, NULL, NULL, NULL),
	(198, NULL, 198, 35, NULL, 3900.42, '2013-12-01', NULL, NULL, NULL, NULL),
	(199, NULL, 199, 0, NULL, 0.00, '2019-05-15', NULL, NULL, NULL, NULL),
	(200, NULL, 200, 0, NULL, 0.00, '2023-02-05', NULL, NULL, NULL, NULL),
	(201, NULL, 201, 30, NULL, 3543.40, '2017-08-17', NULL, NULL, NULL, NULL),
	(202, NULL, 202, 30, NULL, 8842.25, '2017-12-01', NULL, NULL, NULL, NULL),
	(203, NULL, 203, 5, NULL, 668.90, '2016-01-13', NULL, NULL, NULL, NULL),
	(204, NULL, 204, 0, NULL, 0.00, '2020-11-03', NULL, NULL, NULL, NULL),
	(205, NULL, 205, 30, NULL, 2961.80, '2014-09-05', NULL, NULL, NULL, NULL),
	(206, NULL, 206, 20, NULL, 2274.95, '2015-03-16', NULL, NULL, NULL, NULL),
	(207, NULL, 207, 10, NULL, 0.00, '2018-04-15', NULL, NULL, NULL, NULL),
	(208, NULL, 208, 0, NULL, 0.00, '2023-02-05', NULL, NULL, NULL, NULL),
	(209, NULL, 210, 5, NULL, 1420.85, '2016-02-07', NULL, NULL, NULL, NULL),
	(210, NULL, 209, 5, NULL, 1420.85, '2016-04-04', NULL, NULL, NULL, NULL),
	(211, NULL, 211, 5, NULL, 2591.30, '2016-01-17', NULL, NULL, NULL, NULL),
	(212, NULL, 212, 25, NULL, 3206.75, '2014-11-02', NULL, NULL, NULL, NULL),
	(213, NULL, 213, 5, NULL, 953.85, '2016-01-12', NULL, NULL, NULL, NULL),
	(214, NULL, 214, 30, NULL, 3765.05, '2017-10-08', NULL, NULL, NULL, NULL),
	(215, NULL, 215, 5, NULL, 746.55, '2016-01-12', NULL, NULL, NULL, NULL),
	(216, '1985005', 1, 35, 81344.00, 4067.20, '2020-07-01', NULL, NULL, '2018-10-25 03:11:34', '2018-10-25 03:11:34');
/*!40000 ALTER TABLE `pms_longevitypay` ENABLE KEYS */;

-- Dumping structure for table mirdc.pms_nonplantilla_employeeinfo
DROP TABLE IF EXISTS `pms_nonplantilla_employeeinfo`;
CREATE TABLE IF NOT EXISTS `pms_nonplantilla_employeeinfo` (
  `id` int(11) NOT NULL AUTO_INCREMENT,
  `employee_number` varchar(225) DEFAULT NULL,
  `employee_id` int(11) DEFAULT NULL,
  `bank_id` int(11) DEFAULT NULL,
  `taxpolicy_id` int(11) DEFAULT NULL,
  `taxpolicy_two_id` int(11) DEFAULT NULL,
  `atm_no` int(11) DEFAULT NULL,
  `daily_rate_amount` decimal(9,2) DEFAULT NULL,
  `overtime_balance_amount` decimal(9,2) DEFAULT NULL,
  `tax_id_number` varchar(225) DEFAULT NULL,
  `created_at` timestamp NULL DEFAULT NULL,
  `updated_at` timestamp NULL DEFAULT NULL,
  `created_by` int(11) DEFAULT NULL,
  `updated_by` int(11) DEFAULT NULL,
  PRIMARY KEY (`id`)
) ENGINE=InnoDB AUTO_INCREMENT=94 DEFAULT CHARSET=latin1;

-- Dumping data for table mirdc.pms_nonplantilla_employeeinfo: ~93 rows (approximately)
/*!40000 ALTER TABLE `pms_nonplantilla_employeeinfo` DISABLE KEYS */;
INSERT INTO `pms_nonplantilla_employeeinfo` (`id`, `employee_number`, `employee_id`, `bank_id`, `taxpolicy_id`, `taxpolicy_two_id`, `atm_no`, `daily_rate_amount`, `overtime_balance_amount`, `tax_id_number`, `created_at`, `updated_at`, `created_by`, `updated_by`) VALUES
	(1, '3122', 216, NULL, 7, 11, NULL, 1732.64, 228708.00, NULL, NULL, NULL, NULL, NULL),
	(2, '3376', 217, NULL, 7, 11, NULL, 691.31, 91252.80, NULL, NULL, NULL, NULL, NULL),
	(3, '3383', 218, NULL, 7, 11, NULL, 953.07, 125805.60, NULL, NULL, NULL, NULL, NULL),
	(4, '3397', 219, NULL, 7, 11, NULL, 1100.85, 145312.80, NULL, NULL, NULL, NULL, NULL),
	(5, '3312', 220, NULL, 7, 11, NULL, 1732.64, 228708.00, NULL, NULL, NULL, NULL, NULL),
	(6, '3338', 221, NULL, 7, 11, NULL, 1321.31, 174412.80, NULL, NULL, NULL, NULL, NULL),
	(7, '3359', 222, NULL, 7, 11, NULL, 1321.31, 174412.80, NULL, NULL, NULL, NULL, NULL),
	(8, '3255', 223, NULL, 7, 11, NULL, 1732.64, 228708.00, NULL, NULL, NULL, NULL, NULL),
	(9, '3363', 224, NULL, 7, 11, NULL, 888.11, 117230.40, NULL, NULL, NULL, NULL, NULL),
	(10, '3396', 225, NULL, 7, 11, NULL, 1321.31, 174412.80, NULL, NULL, NULL, NULL, NULL),
	(11, '3365', 226, NULL, 7, 11, NULL, 1321.31, 174412.80, NULL, NULL, NULL, NULL, NULL),
	(12, '3226', 227, NULL, 7, 11, NULL, 1732.64, 228708.00, NULL, NULL, NULL, NULL, NULL),
	(13, '3214', 228, NULL, 7, 11, NULL, 1020.98, 134769.60, NULL, NULL, NULL, NULL, NULL),
	(14, '3262', 229, NULL, 7, 11, NULL, 782.18, 103248.00, NULL, NULL, NULL, NULL, NULL),
	(15, '3368', 230, NULL, 7, 11, NULL, 2077.36, 274212.00, NULL, NULL, NULL, NULL, NULL),
	(16, '9004', 231, NULL, 7, 11, NULL, 2296.31, 303112.80, NULL, NULL, NULL, NULL, NULL),
	(17, '9011', 232, NULL, 7, 11, NULL, 1321.31, 174412.80, NULL, NULL, NULL, NULL, NULL),
	(18, '3331', 233, NULL, 7, 11, NULL, 782.18, 103248.00, NULL, NULL, NULL, NULL, NULL),
	(19, '3193', 234, NULL, 7, 11, NULL, 1732.64, 228708.00, NULL, NULL, NULL, NULL, NULL),
	(20, '3109', 235, NULL, 7, 11, NULL, 1208.13, 159472.80, NULL, NULL, NULL, NULL, NULL),
	(21, '3061', 236, NULL, 7, 11, NULL, 888.11, 117230.40, NULL, NULL, NULL, NULL, NULL),
	(22, '3060', 237, NULL, 7, 11, NULL, 888.11, 117230.40, NULL, NULL, NULL, NULL, NULL),
	(23, '3333', 238, NULL, 7, 11, NULL, 782.18, 103248.00, NULL, NULL, NULL, NULL, NULL),
	(24, '9012', 239, NULL, 7, 11, NULL, 1100.67, 145288.80, NULL, NULL, NULL, NULL, NULL),
	(25, '9013', 240, NULL, 7, 11, NULL, 1321.31, 174412.80, NULL, NULL, NULL, NULL, NULL),
	(26, '3221', 241, NULL, 7, 11, NULL, 1020.98, 134769.60, NULL, NULL, NULL, NULL, NULL),
	(27, '3364', 242, NULL, 7, 11, NULL, 2077.36, 274212.00, NULL, NULL, NULL, NULL, NULL),
	(28, '3386', 243, NULL, 7, 11, NULL, 1100.67, 145288.80, NULL, NULL, NULL, NULL, NULL),
	(29, '9014', 244, NULL, 7, 11, NULL, 1321.31, 174412.80, NULL, NULL, NULL, NULL, NULL),
	(30, '9001', 245, NULL, 7, 11, NULL, 2296.30, 303111.60, NULL, NULL, NULL, NULL, NULL),
	(31, '3387', 246, NULL, 7, 11, NULL, 953.07, 125805.24, NULL, NULL, NULL, NULL, NULL),
	(32, '3253', 247, NULL, 7, 11, NULL, 1732.63, 228707.16, NULL, NULL, NULL, NULL, NULL),
	(33, '3251', 248, NULL, 7, 11, NULL, 888.10, 117229.20, NULL, NULL, NULL, NULL, NULL),
	(34, '3395', 249, NULL, 7, 11, NULL, 691.30, 91251.60, NULL, NULL, NULL, NULL, NULL),
	(35, '9002', 250, NULL, 7, 11, NULL, 2296.30, 303111.60, NULL, NULL, NULL, NULL, NULL),
	(36, '3332', 251, NULL, 7, 11, NULL, 1321.30, 174411.60, NULL, NULL, NULL, NULL, NULL),
	(37, '3216', 252, NULL, 7, 11, NULL, 888.10, 117229.20, NULL, NULL, NULL, NULL, NULL),
	(38, '3099', 253, NULL, 7, 11, NULL, 888.10, 117229.20, NULL, NULL, NULL, NULL, NULL),
	(39, '3372', 254, NULL, 7, 11, NULL, 888.10, 117229.20, NULL, NULL, NULL, NULL, NULL),
	(40, '3154', 255, NULL, 7, 11, NULL, 888.10, 117229.20, NULL, NULL, NULL, NULL, NULL),
	(41, '9003', 256, NULL, 7, 11, NULL, 2296.30, 303111.60, NULL, NULL, NULL, NULL, NULL),
	(42, '3064', 257, NULL, 7, 11, NULL, 888.10, 117229.20, NULL, NULL, NULL, NULL, NULL),
	(43, '3321', 258, NULL, 7, 11, NULL, 888.10, 117229.20, NULL, NULL, NULL, NULL, NULL),
	(44, '3245', 259, NULL, 7, 11, NULL, 888.10, 117229.20, NULL, NULL, NULL, NULL, NULL),
	(45, '3130', 260, NULL, 7, 11, NULL, 888.10, 117229.20, NULL, NULL, NULL, NULL, NULL),
	(46, '3380', 261, NULL, 7, 11, NULL, 1732.63, 228707.16, NULL, NULL, NULL, NULL, NULL),
	(47, '3389', 262, NULL, 7, 11, NULL, 649.85, 85780.20, NULL, NULL, NULL, NULL, NULL),
	(48, '3288', 263, NULL, 7, 11, NULL, 953.07, 125805.24, NULL, NULL, NULL, NULL, NULL),
	(49, '9009', 264, NULL, 7, 11, NULL, 2296.30, 303111.60, NULL, NULL, NULL, NULL, NULL),
	(50, '9010', 265, NULL, 7, 11, NULL, 2296.30, 303111.60, NULL, NULL, NULL, NULL, NULL),
	(51, '3353', 266, NULL, 7, 11, NULL, 649.85, 85780.20, NULL, NULL, NULL, NULL, NULL),
	(52, '3180', 267, NULL, 7, 11, NULL, 1020.98, 134769.36, NULL, NULL, NULL, NULL, NULL),
	(53, '3135', 268, NULL, 7, 11, NULL, 649.85, 85780.20, NULL, NULL, NULL, NULL, NULL),
	(54, '3398', 269, NULL, 7, 11, NULL, 953.07, 125805.24, NULL, NULL, NULL, NULL, NULL),
	(55, '3392', 270, NULL, 7, 11, NULL, 691.30, 91251.60, NULL, NULL, NULL, NULL, NULL),
	(56, '3301', 271, NULL, 7, 11, NULL, 888.10, 117229.20, NULL, NULL, NULL, NULL, NULL),
	(57, '3375', 272, NULL, 7, 11, NULL, 1321.30, 174411.60, NULL, NULL, NULL, NULL, NULL),
	(58, '3229', 273, NULL, 7, 11, NULL, 782.18, 103247.76, NULL, NULL, NULL, NULL, NULL),
	(59, '3203', 274, NULL, 7, 11, NULL, 1321.30, 174411.60, NULL, NULL, NULL, NULL, NULL),
	(60, '3382', 275, NULL, 7, 11, NULL, 832.03, 109827.96, NULL, NULL, NULL, NULL, NULL),
	(61, '3384', 276, NULL, 7, 11, NULL, 782.18, 103247.76, NULL, NULL, NULL, NULL, NULL),
	(62, '3394', 277, NULL, 7, 11, NULL, 691.30, 91251.60, NULL, NULL, NULL, NULL, NULL),
	(63, '3393', 278, NULL, 7, 11, NULL, 1321.30, 174411.60, NULL, NULL, NULL, NULL, NULL),
	(64, '3391', 279, NULL, 7, 11, NULL, 917.22, 121073.04, NULL, NULL, NULL, NULL, NULL),
	(65, NULL, 280, NULL, 7, 11, NULL, 1732.64, 228708.00, NULL, NULL, NULL, NULL, NULL),
	(66, NULL, 281, NULL, 7, 11, NULL, 1321.31, 174412.80, NULL, NULL, NULL, NULL, NULL),
	(67, NULL, 282, NULL, 7, 11, NULL, 1321.31, 174412.80, NULL, NULL, NULL, NULL, NULL),
	(68, NULL, 283, NULL, 7, 11, NULL, 1321.31, 174412.80, NULL, NULL, NULL, NULL, NULL),
	(69, NULL, 284, NULL, 7, 11, NULL, 691.31, 91252.80, NULL, NULL, NULL, NULL, NULL),
	(70, NULL, 285, NULL, 7, 11, NULL, 888.11, 117230.40, NULL, NULL, NULL, NULL, NULL),
	(71, NULL, 286, NULL, 7, 11, NULL, 1732.64, 228708.00, NULL, NULL, NULL, NULL, NULL),
	(72, NULL, 287, NULL, 7, 11, NULL, 1732.64, 228708.00, NULL, NULL, NULL, NULL, NULL),
	(73, NULL, 288, NULL, 7, 11, NULL, 953.07, 125805.60, NULL, NULL, NULL, NULL, NULL),
	(74, NULL, 289, NULL, 7, 11, NULL, 1321.31, 174412.80, NULL, NULL, NULL, NULL, NULL),
	(75, NULL, 290, NULL, 7, 11, NULL, 1100.85, 145312.80, NULL, NULL, NULL, NULL, NULL),
	(76, NULL, 291, NULL, 7, 11, NULL, 2077.36, 274212.00, NULL, NULL, NULL, NULL, NULL),
	(77, NULL, 292, NULL, 7, 11, NULL, 2077.36, 274212.00, NULL, NULL, NULL, NULL, NULL),
	(78, NULL, 293, NULL, 7, 11, NULL, 1100.67, 145288.80, NULL, NULL, NULL, NULL, NULL),
	(79, NULL, 294, NULL, 7, 11, NULL, 1732.64, 228708.00, NULL, NULL, NULL, NULL, NULL),
	(80, NULL, 295, NULL, 7, 11, NULL, 1020.98, 134769.60, NULL, NULL, NULL, NULL, NULL),
	(81, NULL, 296, NULL, 7, 11, NULL, 782.18, 103248.00, NULL, NULL, NULL, NULL, NULL),
	(82, NULL, 297, NULL, 7, 11, NULL, 2296.31, 303112.80, NULL, NULL, NULL, NULL, NULL),
	(83, NULL, 298, NULL, 7, 11, NULL, 782.18, 103248.00, NULL, NULL, NULL, NULL, NULL),
	(84, NULL, 299, NULL, 7, 11, NULL, 1732.64, 228708.00, NULL, NULL, NULL, NULL, NULL),
	(85, NULL, 300, NULL, 7, 11, NULL, 1208.13, 159472.80, NULL, NULL, NULL, NULL, NULL),
	(86, NULL, 301, NULL, 7, 11, NULL, 888.11, 117230.40, NULL, NULL, NULL, NULL, NULL),
	(87, NULL, 302, NULL, 7, 11, NULL, 888.11, 117230.40, NULL, NULL, NULL, NULL, NULL),
	(88, NULL, 303, NULL, 7, 11, NULL, 782.18, 103248.00, NULL, NULL, NULL, NULL, NULL),
	(89, NULL, 304, NULL, 7, 11, NULL, 1020.98, 134769.60, NULL, NULL, NULL, NULL, NULL),
	(90, NULL, 305, NULL, 7, 11, NULL, 1321.31, 174412.80, NULL, NULL, NULL, NULL, NULL),
	(91, NULL, 306, NULL, 7, 11, NULL, 1321.31, 174412.80, NULL, NULL, NULL, NULL, NULL),
	(92, NULL, 307, NULL, 7, 11, NULL, 1321.31, 174412.80, NULL, NULL, NULL, NULL, NULL),
	(93, NULL, 308, NULL, 7, 11, NULL, 1100.85, 145312.80, NULL, NULL, NULL, NULL, NULL);
/*!40000 ALTER TABLE `pms_nonplantilla_employeeinfo` ENABLE KEYS */;

-- Dumping structure for table mirdc.pms_nonplantilla_transactions
DROP TABLE IF EXISTS `pms_nonplantilla_transactions`;
CREATE TABLE IF NOT EXISTS `pms_nonplantilla_transactions` (
  `id` int(11) NOT NULL AUTO_INCREMENT,
  `employee_number` varchar(225) DEFAULT NULL,
  `employee_id` int(11) DEFAULT NULL,
  `salaryinfo_id` int(11) DEFAULT NULL,
  `division_id` int(11) DEFAULT NULL,
  `company_id` int(11) DEFAULT NULL,
  `position_item_id` int(11) DEFAULT NULL,
  `office_id` int(11) DEFAULT NULL,
  `department_id` int(11) DEFAULT NULL,
  `position_id` int(11) DEFAULT NULL,
  `employee_status_id` int(11) DEFAULT NULL,
  `employeeinfo_id` int(11) DEFAULT NULL,
  `actual_basicpay_amount` decimal(9,2) DEFAULT NULL,
  `adjust_basicpay_amount` decimal(9,2) DEFAULT NULL,
  `total_basicpay_amount` decimal(9,2) DEFAULT NULL,
  `actual_absences_amount` decimal(9,2) DEFAULT NULL,
  `adjust_absences_amount` decimal(9,2) DEFAULT NULL,
  `total_absences_amount` decimal(9,2) DEFAULT NULL,
  `actual_tardiness_amount` decimal(9,2) DEFAULT NULL,
  `adjust_tardiness_amount` decimal(9,2) DEFAULT NULL,
  `total_tardiness_amount` decimal(9,2) DEFAULT NULL,
  `actual_undertime_amount` decimal(9,2) DEFAULT NULL,
  `adjust_undertime_amount` decimal(9,2) DEFAULT NULL,
  `total_undertime_amount` decimal(9,2) DEFAULT NULL,
  `monthly_rate_amount` decimal(9,2) DEFAULT NULL,
  `annual_rate_amount` decimal(9,2) DEFAULT NULL,
  `basic_net_pay` decimal(9,2) DEFAULT NULL,
  `actual_contribution` decimal(9,2) DEFAULT NULL,
  `adjust_contribution` decimal(9,2) DEFAULT NULL,
  `total_contribution` decimal(9,2) DEFAULT NULL,
  `actual_loan` decimal(9,2) DEFAULT NULL,
  `adjust_loan` decimal(9,2) DEFAULT NULL,
  `total_loan` decimal(9,2) DEFAULT NULL,
  `actual_otherdeduct` decimal(9,2) DEFAULT NULL,
  `adjust_otherdeduct` decimal(9,2) DEFAULT NULL,
  `total_otherdeduct` decimal(9,2) DEFAULT NULL,
  `net_deduction` decimal(9,2) DEFAULT NULL,
  `tax_rate_amount_one` decimal(9,2) DEFAULT NULL,
  `tax_rate_amount_two` decimal(9,2) DEFAULT NULL,
  `allowances` decimal(9,2) DEFAULT NULL,
  `gross_pay` decimal(9,2) DEFAULT NULL,
  `gross_taxable_pay` decimal(9,2) DEFAULT NULL,
  `actual_workdays` int(11) DEFAULT NULL,
  `adjust_workdays` int(11) DEFAULT NULL,
  `actual_absences` int(11) DEFAULT NULL,
  `adjust_absences` int(11) DEFAULT NULL,
  `actual_tardiness` int(11) DEFAULT NULL,
  `adjust_tardiness` int(11) DEFAULT NULL,
  `actual_undertime` int(11) DEFAULT NULL,
  `adjust_undertime` int(11) DEFAULT NULL,
  `net_pay` decimal(9,2) DEFAULT NULL,
  `pay_period` varchar(225) DEFAULT NULL,
  `sub_pay_period` varchar(225) DEFAULT NULL,
  `hold` int(11) DEFAULT NULL,
  `year` varchar(225) DEFAULT NULL,
  `month` varchar(225) DEFAULT NULL,
  `created_at` timestamp NULL DEFAULT NULL,
  `updated_at` timestamp NULL DEFAULT NULL,
  `updated_by` int(11) DEFAULT NULL,
  PRIMARY KEY (`id`)
) ENGINE=InnoDB AUTO_INCREMENT=30 DEFAULT CHARSET=latin1;

-- Dumping data for table mirdc.pms_nonplantilla_transactions: ~29 rows (approximately)
/*!40000 ALTER TABLE `pms_nonplantilla_transactions` DISABLE KEYS */;
INSERT INTO `pms_nonplantilla_transactions` (`id`, `employee_number`, `employee_id`, `salaryinfo_id`, `division_id`, `company_id`, `position_item_id`, `office_id`, `department_id`, `position_id`, `employee_status_id`, `employeeinfo_id`, `actual_basicpay_amount`, `adjust_basicpay_amount`, `total_basicpay_amount`, `actual_absences_amount`, `adjust_absences_amount`, `total_absences_amount`, `actual_tardiness_amount`, `adjust_tardiness_amount`, `total_tardiness_amount`, `actual_undertime_amount`, `adjust_undertime_amount`, `total_undertime_amount`, `monthly_rate_amount`, `annual_rate_amount`, `basic_net_pay`, `actual_contribution`, `adjust_contribution`, `total_contribution`, `actual_loan`, `adjust_loan`, `total_loan`, `actual_otherdeduct`, `adjust_otherdeduct`, `total_otherdeduct`, `net_deduction`, `tax_rate_amount_one`, `tax_rate_amount_two`, `allowances`, `gross_pay`, `gross_taxable_pay`, `actual_workdays`, `adjust_workdays`, `actual_absences`, `adjust_absences`, `actual_tardiness`, `adjust_tardiness`, `actual_undertime`, `adjust_undertime`, `net_pay`, `pay_period`, `sub_pay_period`, `hold`, `year`, `month`, `created_at`, `updated_at`, `updated_by`) VALUES
	(1, NULL, 294, NULL, NULL, NULL, NULL, NULL, 9, NULL, 10, 79, NULL, NULL, NULL, NULL, NULL, NULL, NULL, NULL, NULL, NULL, NULL, NULL, 38118.08, 457416.96, NULL, NULL, NULL, NULL, NULL, NULL, NULL, NULL, NULL, NULL, NULL, 1905.90, 0.00, NULL, 38118.08, NULL, 22, NULL, NULL, NULL, NULL, NULL, NULL, NULL, 36212.18, 'monthly', NULL, NULL, '2018', 'January', '2018-11-06 07:46:52', '2018-11-06 07:46:52', NULL),
	(2, NULL, 295, NULL, NULL, NULL, NULL, NULL, 9, NULL, 10, 80, NULL, NULL, NULL, NULL, NULL, NULL, NULL, NULL, NULL, NULL, NULL, NULL, 22461.56, 269538.72, NULL, NULL, NULL, NULL, NULL, NULL, NULL, NULL, NULL, NULL, NULL, 1123.08, 0.00, NULL, 22461.56, NULL, 22, NULL, NULL, NULL, NULL, NULL, NULL, NULL, 21338.48, 'monthly', NULL, NULL, '2018', 'January', '2018-11-06 07:47:03', '2018-11-06 07:47:03', NULL),
	(3, NULL, 296, NULL, NULL, NULL, NULL, NULL, 9, NULL, 10, 81, NULL, NULL, NULL, NULL, NULL, NULL, NULL, NULL, NULL, NULL, NULL, NULL, 17207.96, 206495.52, NULL, NULL, NULL, NULL, NULL, NULL, NULL, NULL, NULL, NULL, NULL, 860.40, 0.00, NULL, 17207.96, NULL, 22, NULL, NULL, NULL, NULL, NULL, NULL, NULL, 16347.56, 'monthly', NULL, NULL, '2018', 'January', '2018-11-06 07:49:37', '2018-11-06 07:49:37', NULL),
	(4, NULL, 286, NULL, NULL, NULL, NULL, NULL, 4, NULL, 10, 71, NULL, NULL, NULL, NULL, NULL, NULL, NULL, NULL, NULL, NULL, NULL, NULL, 38118.08, 457416.96, NULL, NULL, NULL, NULL, NULL, NULL, NULL, NULL, NULL, NULL, NULL, 1905.90, 0.00, NULL, 38118.08, NULL, 22, NULL, NULL, NULL, NULL, NULL, NULL, NULL, 36212.18, 'monthly', NULL, NULL, '2018', 'January', '2018-11-06 07:49:37', '2018-11-06 07:49:37', NULL),
	(5, NULL, 284, NULL, NULL, NULL, NULL, NULL, 2, NULL, 10, 69, NULL, NULL, NULL, NULL, NULL, NULL, NULL, NULL, NULL, NULL, NULL, NULL, 15208.82, 182505.84, NULL, NULL, NULL, NULL, NULL, NULL, NULL, NULL, NULL, NULL, NULL, 760.44, 0.00, NULL, 15208.82, NULL, 22, NULL, NULL, NULL, NULL, NULL, NULL, NULL, 14448.38, 'monthly', NULL, NULL, '2018', 'January', '2018-11-06 07:49:37', '2018-11-06 07:49:37', NULL),
	(6, NULL, 288, NULL, NULL, NULL, NULL, NULL, 5, NULL, 10, 73, NULL, NULL, NULL, NULL, NULL, NULL, NULL, NULL, NULL, NULL, NULL, NULL, 20967.54, 251610.48, NULL, NULL, NULL, NULL, NULL, NULL, NULL, NULL, NULL, NULL, NULL, 1048.38, 0.00, NULL, 20967.54, NULL, 22, NULL, NULL, NULL, NULL, NULL, NULL, NULL, 19919.16, 'monthly', NULL, NULL, '2018', 'January', '2018-11-06 07:49:37', '2018-11-06 07:49:37', NULL),
	(7, NULL, 290, NULL, NULL, NULL, NULL, NULL, 7, NULL, 10, 75, NULL, NULL, NULL, NULL, NULL, NULL, NULL, NULL, NULL, NULL, NULL, NULL, 24218.70, 290624.40, NULL, NULL, NULL, NULL, NULL, NULL, NULL, NULL, NULL, NULL, NULL, 1210.94, 0.00, NULL, 24218.70, NULL, 22, NULL, NULL, NULL, NULL, NULL, NULL, NULL, 23007.76, 'monthly', NULL, NULL, '2018', 'January', '2018-11-06 07:49:37', '2018-11-06 07:49:37', NULL),
	(8, NULL, 292, NULL, NULL, NULL, NULL, NULL, 8, NULL, 10, 77, NULL, NULL, NULL, NULL, NULL, NULL, NULL, NULL, NULL, NULL, NULL, NULL, 45701.92, 548423.04, NULL, NULL, NULL, NULL, NULL, NULL, NULL, NULL, NULL, NULL, NULL, 2285.10, 0.00, NULL, 45701.92, NULL, 22, NULL, NULL, NULL, NULL, NULL, NULL, NULL, 43416.82, 'monthly', NULL, NULL, '2018', 'January', '2018-11-06 07:49:37', '2018-11-06 07:49:37', NULL),
	(9, NULL, 297, NULL, NULL, NULL, NULL, NULL, 9, NULL, 10, 82, NULL, NULL, NULL, NULL, NULL, NULL, NULL, NULL, NULL, NULL, NULL, NULL, 50518.82, 606225.84, NULL, NULL, NULL, NULL, NULL, NULL, NULL, NULL, NULL, NULL, NULL, 2525.94, 0.00, NULL, 50518.82, NULL, 22, NULL, NULL, NULL, NULL, NULL, NULL, NULL, 47992.88, 'monthly', NULL, NULL, '2018', 'January', '2018-11-06 07:49:38', '2018-11-06 07:49:38', NULL),
	(10, NULL, 305, NULL, NULL, NULL, NULL, NULL, 9, NULL, 10, 90, NULL, NULL, NULL, NULL, NULL, NULL, NULL, NULL, NULL, NULL, NULL, NULL, 29068.82, 348825.84, NULL, NULL, NULL, NULL, NULL, NULL, NULL, NULL, NULL, NULL, NULL, 1453.44, 0.00, NULL, 29068.82, NULL, 22, NULL, NULL, NULL, NULL, NULL, NULL, NULL, 27615.38, 'monthly', NULL, NULL, '2018', 'January', '2018-11-06 07:49:38', '2018-11-06 07:49:38', NULL),
	(11, NULL, 280, NULL, NULL, NULL, NULL, NULL, 1, NULL, 10, 65, NULL, NULL, NULL, NULL, NULL, NULL, NULL, NULL, NULL, NULL, NULL, NULL, 38118.08, 457416.96, NULL, NULL, NULL, NULL, NULL, NULL, NULL, NULL, NULL, NULL, NULL, 1905.90, 0.00, NULL, 38118.08, NULL, 22, NULL, NULL, NULL, NULL, NULL, NULL, NULL, 36212.18, 'monthly', NULL, NULL, '2018', 'January', '2018-11-06 07:49:38', '2018-11-06 07:49:38', NULL),
	(12, NULL, 298, NULL, NULL, NULL, NULL, NULL, 9, NULL, 10, 83, NULL, NULL, NULL, NULL, NULL, NULL, NULL, NULL, NULL, NULL, NULL, NULL, 17207.96, 206495.52, NULL, NULL, NULL, NULL, NULL, NULL, NULL, NULL, NULL, NULL, NULL, 860.40, 0.00, NULL, 17207.96, NULL, 22, NULL, NULL, NULL, NULL, NULL, NULL, NULL, 16347.56, 'monthly', NULL, NULL, '2018', 'January', '2018-11-06 07:49:38', '2018-11-06 07:49:38', NULL),
	(13, NULL, 282, NULL, NULL, NULL, NULL, NULL, 2, NULL, 10, 67, NULL, NULL, NULL, NULL, NULL, NULL, NULL, NULL, NULL, NULL, NULL, NULL, 29068.82, 348825.84, NULL, NULL, NULL, NULL, NULL, NULL, NULL, NULL, NULL, NULL, NULL, 1453.44, 0.00, NULL, 29068.82, NULL, 22, NULL, NULL, NULL, NULL, NULL, NULL, NULL, 27615.38, 'monthly', NULL, NULL, '2018', 'January', '2018-11-06 07:49:38', '2018-11-06 07:49:38', NULL),
	(14, NULL, 299, NULL, NULL, NULL, NULL, NULL, 9, NULL, 10, 84, NULL, NULL, NULL, NULL, NULL, NULL, NULL, NULL, NULL, NULL, NULL, NULL, 38118.08, 457416.96, NULL, NULL, NULL, NULL, NULL, NULL, NULL, NULL, NULL, NULL, NULL, 1905.90, 0.00, NULL, 38118.08, NULL, 22, NULL, NULL, NULL, NULL, NULL, NULL, NULL, 36212.18, 'monthly', NULL, NULL, '2018', 'January', '2018-11-06 07:49:38', '2018-11-06 07:49:38', NULL),
	(15, NULL, 300, NULL, NULL, NULL, NULL, NULL, 9, NULL, 10, 85, NULL, NULL, NULL, NULL, NULL, NULL, NULL, NULL, NULL, NULL, NULL, NULL, 26578.86, 318946.32, NULL, NULL, NULL, NULL, NULL, NULL, NULL, NULL, NULL, NULL, NULL, 1328.94, 0.00, NULL, 26578.86, NULL, 22, NULL, NULL, NULL, NULL, NULL, NULL, NULL, 25249.92, 'monthly', NULL, NULL, '2018', 'January', '2018-11-06 07:49:38', '2018-11-06 07:49:38', NULL),
	(16, NULL, 301, NULL, NULL, NULL, NULL, NULL, 9, NULL, 10, 86, NULL, NULL, NULL, NULL, NULL, NULL, NULL, NULL, NULL, NULL, NULL, NULL, 19538.42, 234461.04, NULL, NULL, NULL, NULL, NULL, NULL, NULL, NULL, NULL, NULL, NULL, 976.92, 0.00, NULL, 19538.42, NULL, 22, NULL, NULL, NULL, NULL, NULL, NULL, NULL, 18561.50, 'monthly', NULL, NULL, '2018', 'January', '2018-11-06 07:49:38', '2018-11-06 07:49:38', NULL),
	(17, NULL, 302, NULL, NULL, NULL, NULL, NULL, 9, NULL, 10, 87, NULL, NULL, NULL, NULL, NULL, NULL, NULL, NULL, NULL, NULL, NULL, NULL, 19538.42, 234461.04, NULL, NULL, NULL, NULL, NULL, NULL, NULL, NULL, NULL, NULL, NULL, 976.92, 0.00, NULL, 19538.42, NULL, 22, NULL, NULL, NULL, NULL, NULL, NULL, NULL, 18561.50, 'monthly', NULL, NULL, '2018', 'January', '2018-11-06 07:49:38', '2018-11-06 07:49:38', NULL),
	(18, NULL, 303, NULL, NULL, NULL, NULL, NULL, 9, NULL, 10, 88, NULL, NULL, NULL, NULL, NULL, NULL, NULL, NULL, NULL, NULL, NULL, NULL, 17207.96, 206495.52, NULL, NULL, NULL, NULL, NULL, NULL, NULL, NULL, NULL, NULL, NULL, 860.40, 0.00, NULL, 17207.96, NULL, 22, NULL, NULL, NULL, NULL, NULL, NULL, NULL, 16347.56, 'monthly', NULL, NULL, '2018', 'January', '2018-11-06 07:49:38', '2018-11-06 07:49:38', NULL),
	(19, NULL, 289, NULL, NULL, NULL, NULL, NULL, 6, NULL, 10, 74, NULL, NULL, NULL, NULL, NULL, NULL, NULL, NULL, NULL, NULL, NULL, NULL, 29068.82, 348825.84, NULL, NULL, NULL, NULL, NULL, NULL, NULL, NULL, NULL, NULL, NULL, 1453.44, 0.00, NULL, 29068.82, NULL, 22, NULL, NULL, NULL, NULL, NULL, NULL, NULL, 27615.38, 'monthly', NULL, NULL, '2018', 'January', '2018-11-06 07:49:38', '2018-11-06 07:49:38', NULL),
	(20, NULL, 287, NULL, NULL, NULL, NULL, NULL, 5, NULL, 10, 72, NULL, NULL, NULL, NULL, NULL, NULL, NULL, NULL, NULL, NULL, NULL, NULL, 38118.08, 457416.96, NULL, NULL, NULL, NULL, NULL, NULL, NULL, NULL, NULL, NULL, NULL, 1905.90, 0.00, NULL, 38118.08, NULL, 22, NULL, NULL, NULL, NULL, NULL, NULL, NULL, 36212.18, 'monthly', NULL, NULL, '2018', 'January', '2018-11-06 07:49:38', '2018-11-06 07:49:38', NULL),
	(21, NULL, 308, NULL, NULL, NULL, NULL, NULL, 9, NULL, 10, 93, NULL, NULL, NULL, NULL, NULL, NULL, NULL, NULL, NULL, NULL, NULL, NULL, 24218.70, 290624.40, NULL, NULL, NULL, NULL, NULL, NULL, NULL, NULL, NULL, NULL, NULL, 1210.94, 0.00, NULL, 24218.70, NULL, 22, NULL, NULL, NULL, NULL, NULL, NULL, NULL, 23007.76, 'monthly', NULL, NULL, '2018', 'January', '2018-11-06 07:49:38', '2018-11-06 07:49:38', NULL),
	(22, NULL, 306, NULL, NULL, NULL, NULL, NULL, 9, NULL, 10, 91, NULL, NULL, NULL, NULL, NULL, NULL, NULL, NULL, NULL, NULL, NULL, NULL, 29068.82, 348825.84, NULL, NULL, NULL, NULL, NULL, NULL, NULL, NULL, NULL, NULL, NULL, 1453.44, 0.00, NULL, 29068.82, NULL, 22, NULL, NULL, NULL, NULL, NULL, NULL, NULL, 27615.38, 'monthly', NULL, NULL, '2018', 'January', '2018-11-06 07:49:38', '2018-11-06 07:49:38', NULL),
	(23, NULL, 304, NULL, NULL, NULL, NULL, NULL, 9, NULL, 10, 89, NULL, NULL, NULL, NULL, NULL, NULL, NULL, NULL, NULL, NULL, NULL, NULL, 22461.56, 269538.72, NULL, NULL, NULL, NULL, NULL, NULL, NULL, NULL, NULL, NULL, NULL, 1123.08, 0.00, NULL, 22461.56, NULL, 22, NULL, NULL, NULL, NULL, NULL, NULL, NULL, 21338.48, 'monthly', NULL, NULL, '2018', 'January', '2018-11-06 07:49:38', '2018-11-06 07:49:38', NULL),
	(24, NULL, 285, NULL, NULL, NULL, NULL, NULL, 3, NULL, 10, 70, NULL, NULL, NULL, NULL, NULL, NULL, NULL, NULL, NULL, NULL, NULL, NULL, 19538.42, 234461.04, NULL, NULL, NULL, NULL, NULL, NULL, NULL, NULL, NULL, NULL, NULL, 976.92, 0.00, NULL, 19538.42, NULL, 22, NULL, NULL, NULL, NULL, NULL, NULL, NULL, 18561.50, 'monthly', NULL, NULL, '2018', 'January', '2018-11-06 07:49:38', '2018-11-06 07:49:38', NULL),
	(25, NULL, 283, NULL, NULL, NULL, NULL, NULL, 2, NULL, 10, 68, NULL, NULL, NULL, NULL, NULL, NULL, NULL, NULL, NULL, NULL, NULL, NULL, 29068.82, 348825.84, NULL, NULL, NULL, NULL, NULL, NULL, NULL, NULL, NULL, NULL, NULL, 1453.44, 0.00, NULL, 29068.82, NULL, 22, NULL, NULL, NULL, NULL, NULL, NULL, NULL, 27615.38, 'monthly', NULL, NULL, '2018', 'January', '2018-11-06 07:49:38', '2018-11-06 07:49:38', NULL),
	(26, NULL, 291, NULL, NULL, NULL, NULL, NULL, 8, NULL, 10, 76, NULL, NULL, NULL, NULL, NULL, NULL, NULL, NULL, NULL, NULL, NULL, NULL, 45701.92, 548423.04, NULL, NULL, NULL, NULL, NULL, NULL, NULL, NULL, NULL, NULL, NULL, 2285.10, 0.00, NULL, 45701.92, NULL, 22, NULL, NULL, NULL, NULL, NULL, NULL, NULL, 43416.82, 'monthly', NULL, NULL, '2018', 'January', '2018-11-06 07:49:38', '2018-11-06 07:49:38', NULL),
	(27, NULL, 293, NULL, NULL, NULL, NULL, NULL, 8, NULL, 10, 78, NULL, NULL, NULL, NULL, NULL, NULL, NULL, NULL, NULL, NULL, NULL, NULL, 24214.74, 290576.88, NULL, NULL, NULL, NULL, NULL, NULL, NULL, NULL, NULL, NULL, NULL, 1210.74, 0.00, NULL, 24214.74, NULL, 22, NULL, NULL, NULL, NULL, NULL, NULL, NULL, 23004.00, 'monthly', NULL, NULL, '2018', 'January', '2018-11-06 07:49:38', '2018-11-06 07:49:38', NULL),
	(28, NULL, 281, NULL, NULL, NULL, NULL, NULL, 1, NULL, 10, 66, NULL, NULL, NULL, NULL, NULL, NULL, NULL, NULL, NULL, NULL, NULL, NULL, 29068.82, 348825.84, NULL, NULL, NULL, NULL, NULL, NULL, NULL, NULL, NULL, NULL, NULL, 1453.44, 0.00, NULL, 29068.82, NULL, 22, NULL, NULL, NULL, NULL, NULL, NULL, NULL, 27615.38, 'monthly', NULL, NULL, '2018', 'January', '2018-11-06 07:49:38', '2018-11-06 07:49:38', NULL),
	(29, NULL, 307, NULL, NULL, NULL, NULL, NULL, 9, NULL, 10, 92, NULL, NULL, NULL, NULL, NULL, NULL, NULL, NULL, NULL, NULL, NULL, NULL, 29068.82, 348825.84, NULL, NULL, NULL, NULL, NULL, NULL, NULL, NULL, NULL, NULL, NULL, 1453.44, 0.00, NULL, 29068.82, NULL, 22, NULL, NULL, NULL, NULL, NULL, NULL, NULL, 27615.38, 'monthly', NULL, NULL, '2018', 'January', '2018-11-06 07:49:38', '2018-11-06 07:49:38', NULL);
/*!40000 ALTER TABLE `pms_nonplantilla_transactions` ENABLE KEYS */;

-- Dumping structure for table mirdc.pms_offices
DROP TABLE IF EXISTS `pms_offices`;
CREATE TABLE IF NOT EXISTS `pms_offices` (
  `id` int(11) NOT NULL AUTO_INCREMENT,
  `code` varchar(50) DEFAULT NULL,
  `name` varchar(225) DEFAULT NULL,
  `created_at` timestamp NULL DEFAULT NULL,
  `updated_at` timestamp NULL DEFAULT NULL,
  `created_by` int(11) DEFAULT NULL,
  `updated_by` int(11) DEFAULT NULL,
  PRIMARY KEY (`id`)
) ENGINE=InnoDB AUTO_INCREMENT=20 DEFAULT CHARSET=latin1;

-- Dumping data for table mirdc.pms_offices: ~19 rows (approximately)
/*!40000 ALTER TABLE `pms_offices` DISABLE KEYS */;
INSERT INTO `pms_offices` (`id`, `code`, `name`, `created_at`, `updated_at`, `created_by`, `updated_by`) VALUES
	(1, NULL, 'Office of the Chairman', NULL, NULL, NULL, NULL),
	(2, NULL, 'Administrative Office', NULL, NULL, NULL, NULL),
	(3, NULL, 'Finance and Planning Management Office', NULL, NULL, NULL, NULL),
	(4, NULL, 'Competition Enforcement Office', NULL, NULL, NULL, NULL),
	(5, NULL, 'Mergers and Acquisitions Office', NULL, NULL, NULL, NULL),
	(6, 'EO', 'Economics Office', NULL, '2018-07-25 05:15:56', NULL, 2),
	(7, NULL, 'Communications and Knowledge Management Office', NULL, NULL, NULL, NULL),
	(8, NULL, 'Legal Office', NULL, NULL, NULL, NULL),
	(9, NULL, 'Office of the Executive Director', NULL, NULL, NULL, NULL),
	(10, NULL, 'Policy Research and Knowledge Management Office', NULL, NULL, NULL, NULL),
	(11, NULL, 'Administrative and Legal Offfice', NULL, NULL, NULL, NULL),
	(12, NULL, 'Financial&#44; Planning and Management Office', NULL, NULL, NULL, NULL),
	(13, NULL, 'Corporate Planning and Management Division', NULL, NULL, NULL, NULL),
	(14, NULL, 'Office of Comm JRB', NULL, NULL, NULL, NULL),
	(15, NULL, 'Office of Comm SAQ', NULL, NULL, NULL, NULL),
	(16, NULL, 'Office of Comm ERB', NULL, NULL, NULL, NULL),
	(17, NULL, 'Office of Comm ACA', NULL, NULL, NULL, NULL),
	(18, NULL, 'Office of Commissioner Stella Luz A. Quimbo', NULL, NULL, NULL, NULL),
	(19, NULL, 'Office of Commissioner Amabelle C. Asuncion', NULL, NULL, NULL, NULL);
/*!40000 ALTER TABLE `pms_offices` ENABLE KEYS */;

-- Dumping structure for table mirdc.pms_other_payrolls
DROP TABLE IF EXISTS `pms_other_payrolls`;
CREATE TABLE IF NOT EXISTS `pms_other_payrolls` (
  `id` int(11) NOT NULL AUTO_INCREMENT,
  `employee_number` varchar(225) DEFAULT NULL,
  `employee_id` int(11) DEFAULT NULL,
  `basic_salary_amount` decimal(9,2) DEFAULT NULL,
  `pera_amount` decimal(9,2) DEFAULT NULL,
  `gross_salary_amount` decimal(9,2) DEFAULT NULL,
  `gsis_premium_amount` decimal(9,2) DEFAULT NULL,
  `philhealth_amount` decimal(9,2) DEFAULT NULL,
  `hdmf_amount` decimal(9,2) DEFAULT NULL,
  `hdmf_mpl_amount` decimal(9,2) DEFAULT NULL,
  `hdmf_calamity_loan` decimal(9,2) DEFAULT NULL,
  `gsis_educ_loan` decimal(9,2) DEFAULT NULL,
  `gsis_emerg_loan` decimal(9,2) DEFAULT NULL,
  `gsis_policy_loan` decimal(9,2) DEFAULT NULL,
  `gsis_conso_loan` decimal(9,2) DEFAULT NULL,
  `withholding_amount` decimal(9,2) DEFAULT NULL,
  `total_deductions_amount` decimal(9,2) DEFAULT NULL,
  `net_amount` decimal(9,2) DEFAULT NULL,
  `lwop` int(11) DEFAULT NULL,
  `gross_taxable_amount` int(11) DEFAULT NULL,
  `status` varchar(225) DEFAULT NULL,
  `year` varchar(225) DEFAULT NULL,
  `month` varchar(225) DEFAULT NULL,
  `process_date` date DEFAULT NULL,
  `created_by` int(11) DEFAULT NULL,
  `updated_by` int(11) DEFAULT NULL,
  `created_at` timestamp NULL DEFAULT NULL,
  `updated_at` timestamp NULL DEFAULT NULL,
  PRIMARY KEY (`id`)
) ENGINE=InnoDB AUTO_INCREMENT=5 DEFAULT CHARSET=latin1;

-- Dumping data for table mirdc.pms_other_payrolls: ~3 rows (approximately)
/*!40000 ALTER TABLE `pms_other_payrolls` DISABLE KEYS */;
INSERT INTO `pms_other_payrolls` (`id`, `employee_number`, `employee_id`, `basic_salary_amount`, `pera_amount`, `gross_salary_amount`, `gsis_premium_amount`, `philhealth_amount`, `hdmf_amount`, `hdmf_mpl_amount`, `hdmf_calamity_loan`, `gsis_educ_loan`, `gsis_emerg_loan`, `gsis_policy_loan`, `gsis_conso_loan`, `withholding_amount`, `total_deductions_amount`, `net_amount`, `lwop`, `gross_taxable_amount`, `status`, `year`, `month`, `process_date`, `created_by`, `updated_by`, `created_at`, `updated_at`) VALUES
	(1, NULL, 245, 30000.00, 2000.00, 32000.00, 2000.00, 200.00, 200.00, 0.00, NULL, NULL, NULL, NULL, NULL, 200.00, 2600.00, 29400.00, NULL, NULL, 'initialsalary', NULL, NULL, '2018-09-06', NULL, 2, '2018-09-07 09:04:24', '2018-09-07 09:04:30'),
	(3, NULL, 245, 30000.00, 2000.00, 30000.00, 1000.00, 200.00, 200.00, 0.00, NULL, NULL, NULL, NULL, NULL, 3000.00, 4400.00, 30000.00, 1, 28636, 'lastsalary', NULL, NULL, '2018-09-03', NULL, 2, '2018-09-07 09:35:30', '2018-09-07 09:41:40'),
	(4, NULL, 245, 50000.00, 2000.00, 52000.00, 120.00, 120.00, 120.00, 120.00, 120.00, 120.00, 120.00, 120.00, 120.00, 120.00, 1080.00, 50920.00, NULL, NULL, 'cancelsalary', '2018', 'January', '2018-09-06', NULL, 2, '2018-09-07 10:28:02', '2018-09-07 10:28:02');
/*!40000 ALTER TABLE `pms_other_payrolls` ENABLE KEYS */;

-- Dumping structure for table mirdc.pms_overtime
DROP TABLE IF EXISTS `pms_overtime`;
CREATE TABLE IF NOT EXISTS `pms_overtime` (
  `id` int(11) NOT NULL AUTO_INCREMENT,
  `employee_id` int(11) DEFAULT NULL,
  `employee_number` varchar(225) DEFAULT NULL,
  `previous_balance` decimal(9,2) DEFAULT NULL,
  `used_amount` decimal(9,2) DEFAULT NULL,
  `available_balance` decimal(9,2) DEFAULT NULL,
  `actual_regular_overtime` decimal(9,2) DEFAULT NULL,
  `adjust_regular_overtime` decimal(9,2) DEFAULT NULL,
  `total_regular_amount` decimal(9,2) DEFAULT NULL,
  `actual_special_overtime` decimal(9,2) DEFAULT NULL,
  `adjust_special_overtime` decimal(9,2) DEFAULT NULL,
  `total_special_amount` decimal(9,2) DEFAULT NULL,
  `actual_regular_holiday_overtime` decimal(9,2) DEFAULT NULL,
  `adjust_regular_holiday_overtime` decimal(9,2) DEFAULT NULL,
  `total_regular_holiday_amount` decimal(9,2) DEFAULT NULL,
  `total_overtime_amount` decimal(9,2) DEFAULT NULL,
  `year` varchar(50) DEFAULT NULL,
  `month` varchar(50) DEFAULT NULL,
  `pay_period` varchar(50) DEFAULT NULL,
  `sub_pay_period` varchar(50) DEFAULT NULL,
  `created_at` timestamp NULL DEFAULT NULL,
  `updated_at` timestamp NULL DEFAULT NULL,
  `created_by` int(11) DEFAULT NULL,
  `updated_by` int(11) DEFAULT NULL,
  PRIMARY KEY (`id`)
) ENGINE=InnoDB DEFAULT CHARSET=latin1;

-- Dumping data for table mirdc.pms_overtime: ~0 rows (approximately)
/*!40000 ALTER TABLE `pms_overtime` DISABLE KEYS */;
/*!40000 ALTER TABLE `pms_overtime` ENABLE KEYS */;

-- Dumping structure for table mirdc.pms_pagibigpolicy
DROP TABLE IF EXISTS `pms_pagibigpolicy`;
CREATE TABLE IF NOT EXISTS `pms_pagibigpolicy` (
  `id` int(11) NOT NULL AUTO_INCREMENT,
  `policy_name` varchar(225) DEFAULT NULL,
  `pay_period` varchar(225) DEFAULT NULL,
  `deduction_period` varchar(225) DEFAULT NULL,
  `policy_type` varchar(225) DEFAULT NULL,
  `based_on` varchar(225) DEFAULT NULL,
  `value` decimal(9,2) DEFAULT NULL,
  `remarks` varchar(225) DEFAULT NULL,
  `created_at` timestamp NULL DEFAULT NULL,
  `updated_at` timestamp NULL DEFAULT NULL,
  `updated_by` int(11) DEFAULT NULL,
  PRIMARY KEY (`id`)
) ENGINE=InnoDB AUTO_INCREMENT=3 DEFAULT CHARSET=latin1;

-- Dumping data for table mirdc.pms_pagibigpolicy: ~1 rows (approximately)
/*!40000 ALTER TABLE `pms_pagibigpolicy` DISABLE KEYS */;
INSERT INTO `pms_pagibigpolicy` (`id`, `policy_name`, `pay_period`, `deduction_period`, `policy_type`, `based_on`, `value`, `remarks`, `created_at`, `updated_at`, `updated_by`) VALUES
	(2, 'STANDARD POLICY', NULL, 'Both', 'System Generated', 'Monthly Salary', NULL, NULL, '2018-06-21 03:12:28', '2018-06-21 03:12:28', NULL);
/*!40000 ALTER TABLE `pms_pagibigpolicy` ENABLE KEYS */;

-- Dumping structure for table mirdc.pms_payroll_information
DROP TABLE IF EXISTS `pms_payroll_information`;
CREATE TABLE IF NOT EXISTS `pms_payroll_information` (
  `id` int(11) NOT NULL AUTO_INCREMENT,
  `bp_no` varchar(225) DEFAULT NULL,
  `crn` varchar(225) DEFAULT NULL,
  `employee_number` varchar(225) DEFAULT NULL,
  `employee_id` int(11) DEFAULT NULL,
  `gsispolicy_id` int(11) DEFAULT NULL,
  `pagibigpolicy_id` int(11) DEFAULT NULL,
  `philhealthpolicy_id` int(11) DEFAULT NULL,
  `taxpolicy_id` int(11) DEFAULT NULL,
  `bank_id` int(11) DEFAULT NULL,
  `bankbranch_id` int(11) DEFAULT NULL,
  `wagestatus_id` int(11) DEFAULT NULL,
  `providentfund_id` int(11) DEFAULT NULL,
  `daily_rate_amount` decimal(9,2) DEFAULT NULL,
  `monthly_rate_amount` decimal(9,2) DEFAULT NULL,
  `annual_rate_amount` decimal(9,2) DEFAULT NULL,
  `pagibig_contribution` decimal(9,2) DEFAULT NULL,
  `er_pagibig_share` decimal(9,2) DEFAULT NULL,
  `philhealth_contribution` decimal(9,2) DEFAULT NULL,
  `er_philhealth_share` decimal(9,2) DEFAULT NULL,
  `gsis_contribution` decimal(9,2) DEFAULT NULL,
  `er_gsis_share` decimal(9,2) DEFAULT NULL,
  `tax_contribution` decimal(9,2) DEFAULT NULL,
  `overtime_balance_amount` decimal(9,2) DEFAULT NULL,
  `atm_no` varchar(225) DEFAULT NULL,
  `pagibig2` decimal(9,2) DEFAULT NULL,
  `pagibig_personal` decimal(9,2) DEFAULT NULL,
  `no_ofdays_inayear` int(11) DEFAULT NULL,
  `no_ofdays_inamonth` int(11) DEFAULT NULL,
  `total_hours_inaday` int(11) DEFAULT NULL,
  `tax_payperiod` varchar(255) DEFAULT NULL,
  `tax_bracket` varchar(255) DEFAULT NULL,
  `tax_bracket_amount` decimal(9,2) DEFAULT NULL,
  `tax_inexcess` decimal(9,2) DEFAULT NULL,
  `union_dues` decimal(9,2) DEFAULT NULL,
  `mid_year_bonus` tinyint(4) DEFAULT NULL,
  `year_end_bonus` tinyint(4) DEFAULT NULL,
  `tax_id_number` varchar(225) DEFAULT NULL,
  `created_at` timestamp NULL DEFAULT NULL,
  `updated_at` timestamp NULL DEFAULT NULL,
  `updated_by` int(11) DEFAULT NULL,
  PRIMARY KEY (`id`)
) ENGINE=InnoDB AUTO_INCREMENT=244 DEFAULT CHARSET=latin1;

-- Dumping data for table mirdc.pms_payroll_information: ~215 rows (approximately)
/*!40000 ALTER TABLE `pms_payroll_information` DISABLE KEYS */;
INSERT INTO `pms_payroll_information` (`id`, `bp_no`, `crn`, `employee_number`, `employee_id`, `gsispolicy_id`, `pagibigpolicy_id`, `philhealthpolicy_id`, `taxpolicy_id`, `bank_id`, `bankbranch_id`, `wagestatus_id`, `providentfund_id`, `daily_rate_amount`, `monthly_rate_amount`, `annual_rate_amount`, `pagibig_contribution`, `er_pagibig_share`, `philhealth_contribution`, `er_philhealth_share`, `gsis_contribution`, `er_gsis_share`, `tax_contribution`, `overtime_balance_amount`, `atm_no`, `pagibig2`, `pagibig_personal`, `no_ofdays_inayear`, `no_ofdays_inamonth`, `total_hours_inaday`, `tax_payperiod`, `tax_bracket`, `tax_bracket_amount`, `tax_inexcess`, `union_dues`, `mid_year_bonus`, `year_end_bonus`, `tax_id_number`, `created_at`, `updated_at`, `updated_by`) VALUES
	(1, '2001196674', '6007029651', '1985005', 1, 1, 2, 2, 12, NULL, NULL, NULL, NULL, 3697.45, 81344.00, 976128.00, 100.00, 100.00, 550.00, 550.00, 7320.96, 9761.28, 0.00, 488064.00, NULL, 0.00, 0.00, NULL, NULL, NULL, NULL, NULL, 0.00, 0.00, NULL, NULL, NULL, NULL, '2018-09-06 05:12:43', '2018-10-25 02:55:24', NULL),
	(2, '2001193788', '6005850754', '2005001', 2, 1, 2, 2, 12, NULL, NULL, NULL, NULL, 1913.59, 42099.00, 505188.00, 100.00, 100.00, 550.00, 550.00, 3788.91, 5051.88, 0.00, 252594.00, NULL, 0.00, 0.00, NULL, 22, 8, NULL, NULL, 0.00, 0.00, NULL, NULL, NULL, NULL, '2018-09-06 05:15:35', '2018-10-20 13:00:28', NULL),
	(3, '2001194794', '6001122758', '1990008', 3, 1, 2, 2, 12, NULL, NULL, NULL, NULL, 1292.00, 28424.00, 341088.00, 100.00, 100.00, 390.83, 390.83, 2558.16, 3410.88, 0.00, 170544.00, NULL, 0.00, 0.00, NULL, 22, 8, NULL, NULL, 0.00, 0.00, NULL, NULL, NULL, NULL, '2018-09-06 05:16:43', '2018-10-20 13:01:18', NULL),
	(4, '2001189916', '6011636616', '1996003', 4, 1, 2, 2, 12, NULL, NULL, NULL, NULL, 2668.95, 58717.00, 704604.00, 100.00, 100.00, 550.00, 550.00, 5284.53, 7046.04, 0.00, 352302.00, NULL, 0.00, 0.00, NULL, 22, 8, NULL, NULL, 0.00, 0.00, NULL, NULL, NULL, NULL, '2018-09-06 05:17:00', '2018-10-23 07:06:37', NULL),
	(5, '2004659675', '11105389243', '2015001', 5, 1, 2, 2, 12, NULL, NULL, NULL, NULL, 1913.59, 42099.00, 505188.00, 100.00, 100.00, 550.00, 550.00, 3788.91, 5051.88, 0.00, 252594.00, NULL, 0.00, 0.00, NULL, 22, 8, NULL, NULL, 0.00, 0.00, NULL, NULL, NULL, NULL, '2018-09-06 05:17:13', '2018-10-23 07:06:21', NULL),
	(6, '2004074472', '6017269478', '2011008', 6, 1, 2, 2, 12, NULL, NULL, NULL, NULL, 917.23, 20179.00, 242148.00, 100.00, 100.00, 277.46, 277.46, 1816.11, 2421.48, 0.00, 121074.00, NULL, 0.00, 0.00, NULL, 22, 8, NULL, NULL, 0.00, 0.00, NULL, NULL, NULL, NULL, '2018-09-06 05:17:34', '2018-10-23 07:07:01', NULL),
	(7, '2001195147', '6006351867', '1984001', 7, 1, 2, 2, 12, NULL, NULL, NULL, NULL, 1067.55, 23486.00, 281832.00, 100.00, 100.00, 322.93, 322.93, 2113.74, 2818.32, 0.00, 140916.00, NULL, 0.00, 0.00, NULL, 22, 8, NULL, NULL, 0.00, 0.00, NULL, NULL, NULL, NULL, '2018-09-06 05:17:45', '2018-10-23 07:07:17', NULL),
	(8, '2001191080', '6001116340', '1983003', 8, 1, 2, 2, 12, NULL, NULL, NULL, NULL, 1204.27, 26494.00, 317928.00, 100.00, 100.00, 364.29, 364.29, 2384.46, 3179.28, 0.00, 158964.00, NULL, 0.00, 0.00, NULL, 22, 8, NULL, NULL, 0.00, 0.00, NULL, NULL, NULL, NULL, '2018-09-06 05:18:00', '2018-10-23 07:08:06', NULL),
	(9, '2001194893', '6008429098', '2003001', 9, 1, 2, 2, 12, NULL, NULL, NULL, NULL, 952.86, 20963.00, 251556.00, 100.00, 100.00, 288.24, 288.24, 1886.67, 2515.56, 0.00, 125778.00, NULL, 0.00, 0.00, NULL, 22, 8, NULL, NULL, 0.00, 0.00, NULL, NULL, NULL, NULL, '2018-09-06 05:19:47', '2018-10-23 07:10:14', NULL),
	(10, '2004062882', '3382561073', '2010016', 10, 1, 2, 2, 12, NULL, NULL, NULL, NULL, 1443.86, 31765.00, 381180.00, 100.00, 100.00, 436.77, 436.77, 2858.85, 3811.80, 0.00, 190590.00, NULL, 0.00, 0.00, NULL, 22, 8, NULL, NULL, 0.00, 0.00, NULL, NULL, NULL, NULL, '2018-09-06 05:20:00', '2018-10-23 07:10:24', NULL),
	(11, '2004186785', '3400341997', '2012005', 11, 1, 2, 2, 12, NULL, NULL, NULL, NULL, 850.82, 18718.00, 224616.00, 100.00, 100.00, 257.37, 257.37, 1684.62, 2246.16, 0.00, 112308.00, NULL, 0.00, 0.00, NULL, 22, 8, NULL, NULL, 0.00, 0.00, NULL, NULL, NULL, NULL, '2018-09-06 05:20:13', '2018-10-23 07:13:50', NULL),
	(12, '2001193146', '6001115464', '1981002', 12, 1, 2, 2, 12, NULL, NULL, NULL, NULL, 1334.50, 29359.00, 352308.00, 100.00, 100.00, 403.69, 403.69, 2642.31, 3523.08, 0.00, 176154.00, NULL, 0.00, 0.00, NULL, 22, 8, NULL, NULL, 0.00, 0.00, NULL, NULL, NULL, NULL, '2018-09-06 05:20:26', '2018-10-23 07:12:04', NULL),
	(13, '2004375370', '3376912298', '2013006', 13, 1, 2, 2, 12, NULL, NULL, NULL, NULL, 1731.14, 38085.00, 457020.00, 100.00, 100.00, 523.67, 523.67, 3427.65, 4570.20, 0.00, 228510.00, NULL, 0.00, 0.00, NULL, 22, 8, NULL, NULL, 0.00, 0.00, NULL, NULL, NULL, NULL, '2018-09-06 05:20:40', '2018-10-23 07:14:09', NULL),
	(14, '2001190295', '6007287037', '1989003', 93, 1, 2, 2, NULL, NULL, NULL, NULL, NULL, 4677.73, 102910.00, 1234920.00, 100.00, 100.00, 550.00, 550.00, 9261.90, 12349.20, 0.00, 617460.00, NULL, 0.00, 0.00, NULL, 22, 8, NULL, NULL, 0.00, 0.00, NULL, NULL, NULL, NULL, '2018-09-07 06:52:09', '2018-09-07 06:52:09', NULL),
	(15, '2004108465', '6018266287', '2011019', 14, 1, 2, 2, 12, NULL, NULL, NULL, NULL, 740.09, 16282.00, 195384.00, 100.00, 100.00, 223.88, 223.88, 1465.38, 1953.84, 0.00, 97692.00, NULL, 0.00, 0.00, NULL, 22, 8, NULL, NULL, 0.00, 0.00, NULL, NULL, NULL, NULL, '2018-09-07 06:53:52', '2018-10-23 07:12:17', NULL),
	(16, '2001190471', '6010033456', '1985004', 15, 1, 2, 2, 12, NULL, NULL, NULL, NULL, 573.64, 12620.00, 151440.00, 100.00, 100.00, 173.53, 173.53, 1135.80, 1514.40, 0.00, 75720.00, NULL, 0.00, 0.00, NULL, 22, 8, NULL, NULL, 0.00, 0.00, NULL, NULL, NULL, NULL, '2018-09-07 06:56:49', '2018-10-23 07:08:30', NULL),
	(17, '2001191620', '6005850644', '1992007', 16, 1, 2, 2, 12, NULL, NULL, NULL, NULL, 850.82, 18718.00, 224616.00, 100.00, 100.00, 257.37, 257.37, 1684.62, 2246.16, 0.00, 112308.00, NULL, 0.00, 0.00, NULL, 22, 8, NULL, NULL, 0.00, 0.00, NULL, NULL, NULL, NULL, '2018-09-07 06:57:02', '2018-10-23 07:11:17', NULL),
	(18, '2004108464', '6017325046', '2011018', 17, 1, 2, 2, 12, NULL, NULL, NULL, NULL, 1913.59, 42099.00, 505188.00, 100.00, 100.00, 550.00, 550.00, 3788.91, 5051.88, 0.00, 252594.00, NULL, 0.00, 0.00, NULL, 22, 8, NULL, NULL, 0.00, 0.00, NULL, NULL, NULL, NULL, '2018-09-07 06:57:15', '2018-10-23 07:11:44', NULL),
	(19, '2001193224', '6001115749', '1987004', 18, 1, 2, 2, 12, NULL, NULL, NULL, NULL, 1080.14, 23763.00, 285156.00, 100.00, 100.00, 326.74, 326.74, 2138.67, 2851.56, 0.00, 142578.00, NULL, 0.00, 0.00, NULL, 22, 8, NULL, NULL, 0.00, 0.00, NULL, NULL, NULL, NULL, '2018-09-07 06:57:27', '2018-10-23 07:08:46', NULL),
	(20, '2004042968', '6017348579', '2010005', 19, 1, 2, 2, 12, NULL, NULL, NULL, NULL, 850.82, 18718.00, 224616.00, 100.00, 100.00, 257.37, 257.37, 1684.62, 2246.16, 0.00, 112308.00, NULL, 0.00, 0.00, NULL, 22, 8, NULL, NULL, 0.00, 0.00, NULL, NULL, NULL, NULL, '2018-09-07 06:57:40', '2018-10-23 07:07:51', NULL),
	(21, '2001190851', '6011637644', '1977001', 20, 1, 2, 2, 12, NULL, NULL, NULL, NULL, 1292.00, 28424.00, 341088.00, 100.00, 100.00, 390.83, 390.83, 2558.16, 3410.88, 0.00, 170544.00, NULL, 0.00, 0.00, NULL, 22, 8, NULL, NULL, 0.00, 0.00, NULL, NULL, NULL, NULL, '2018-09-07 06:57:52', '2018-10-23 07:12:48', NULL),
	(22, '2004108466', '6017310271', '2010002', 21, 1, 2, 2, 12, NULL, NULL, NULL, NULL, 1443.86, 31765.00, 381180.00, 100.00, 100.00, 436.77, 436.77, 2858.85, 3811.80, 0.00, 190590.00, NULL, 0.00, 0.00, NULL, 22, 8, NULL, NULL, 0.00, 0.00, NULL, NULL, NULL, NULL, '2018-09-07 06:58:17', '2018-10-23 07:10:54', NULL),
	(23, '2001192991', '6005850819', '1993004', 22, 1, 2, 2, 12, NULL, NULL, NULL, NULL, 850.82, 18718.00, 224616.00, 100.00, 100.00, 257.37, 257.37, 1684.62, 2246.16, 0.00, 112308.00, NULL, 0.00, 0.00, NULL, 22, 8, NULL, NULL, 0.00, 0.00, NULL, NULL, NULL, NULL, '2018-09-07 06:58:29', '2018-10-23 07:11:25', NULL),
	(24, '2004096361', '3354107180', '2011020', 23, 1, 2, 2, 12, NULL, NULL, NULL, NULL, 651.82, 14340.00, 172080.00, 100.00, 100.00, 197.18, 197.18, 1290.60, 1720.80, 0.00, 86040.00, NULL, 0.00, 0.00, NULL, 22, 8, NULL, NULL, 0.00, 0.00, NULL, NULL, NULL, NULL, '2018-09-07 06:58:41', '2018-10-23 07:13:05', NULL),
	(25, '2001191183', '6001116353', '1993002', 24, 1, 2, 2, 12, NULL, NULL, NULL, NULL, 1551.36, 34130.00, 409560.00, 100.00, 100.00, 469.29, 469.29, 3071.70, 4095.60, 0.00, 204780.00, NULL, 0.00, 0.00, NULL, 22, 8, NULL, NULL, 0.00, 0.00, NULL, NULL, NULL, NULL, '2018-09-07 06:58:51', '2018-10-23 07:11:02', NULL),
	(26, '2005046415', '3338168336', '2016009', 25, 1, 2, 2, 12, NULL, NULL, NULL, NULL, 576.09, 12674.00, 152088.00, 100.00, 100.00, 174.27, 174.27, 1140.66, 1520.88, 0.00, 76044.00, NULL, 0.00, 0.00, NULL, 22, 8, NULL, NULL, 0.00, 0.00, NULL, NULL, NULL, NULL, '2018-09-07 06:59:04', '2018-10-23 07:11:32', NULL),
	(27, '2005377078', '11147355633', '2018005', 26, 1, 2, 2, 12, NULL, NULL, NULL, NULL, 1318.64, 29010.00, 348120.00, 100.00, 100.00, 398.89, 398.89, 2610.90, 3481.20, 0.00, 174060.00, NULL, 0.00, 0.00, NULL, 22, 8, NULL, NULL, 0.00, 0.00, NULL, NULL, NULL, NULL, '2018-09-07 06:59:16', '2018-10-23 07:13:19', NULL),
	(28, '2001191693', '6010034730', '1995005', 27, 1, 2, 2, 12, NULL, NULL, NULL, NULL, 1913.59, 42099.00, 505188.00, 100.00, 100.00, 550.00, 550.00, 3788.91, 5051.88, 0.00, 252594.00, NULL, 0.00, 0.00, NULL, 22, 8, NULL, NULL, 0.00, 0.00, NULL, NULL, NULL, NULL, '2018-09-07 06:59:30', '2018-10-23 07:07:41', NULL),
	(29, '2001191997', '6006850533', '1992003', 28, 1, 2, 2, 12, NULL, NULL, NULL, NULL, 1006.77, 22149.00, 265788.00, 100.00, 100.00, 304.55, 304.55, 1993.41, 2657.88, 0.00, 132894.00, NULL, 0.00, 0.00, NULL, NULL, NULL, NULL, NULL, 0.00, 0.00, NULL, NULL, NULL, NULL, '2018-09-07 06:59:46', '2018-10-28 02:23:01', NULL),
	(30, '2001196678', '6011638818', '1987013', 29, 1, 2, 2, 12, NULL, NULL, NULL, NULL, 1292.00, 28424.00, 341088.00, 100.00, 100.00, 390.83, 390.83, 2558.16, 3410.88, 0.00, 170544.00, NULL, 0.00, 0.00, NULL, 22, 8, NULL, NULL, 0.00, 0.00, NULL, NULL, NULL, NULL, '2018-10-23 07:14:36', '2018-10-23 07:14:36', NULL),
	(31, '2004096366', '6017608116', '2011023', 30, 1, 2, 2, 12, NULL, NULL, NULL, NULL, 740.09, 16282.00, 195384.00, 100.00, 100.00, 223.88, 223.88, 1465.38, 1953.84, 0.00, 97692.00, NULL, 0.00, 0.00, NULL, NULL, NULL, NULL, NULL, 0.00, 0.00, NULL, NULL, NULL, NULL, '2018-10-23 07:15:26', '2018-10-23 07:15:26', NULL),
	(32, '2004108467', '6017338383', '2011017', 31, 1, 2, 2, 12, NULL, NULL, NULL, NULL, 1913.59, 42099.00, 505188.00, 100.00, 100.00, 550.00, 550.00, 3788.91, 5051.88, 0.00, 252594.00, NULL, 0.00, 0.00, NULL, NULL, NULL, NULL, NULL, 0.00, 0.00, NULL, NULL, NULL, NULL, '2018-10-25 02:56:43', '2018-10-25 02:56:43', NULL),
	(33, '2004710007', '21152074462', '2015003', 32, 1, 2, 2, 12, NULL, NULL, NULL, NULL, 917.23, 20179.00, 242148.00, 100.00, 100.00, 277.46, 277.46, 1816.11, 2421.48, 0.00, 121074.00, NULL, 0.00, 0.00, NULL, NULL, NULL, NULL, NULL, 0.00, 0.00, NULL, NULL, NULL, NULL, '2018-10-25 02:57:11', '2018-10-25 02:57:11', NULL),
	(53, '2001172005', '6010027080', '2011032', 52, 1, 2, 2, 12, NULL, NULL, NULL, NULL, 1913.59, 42099.00, 505188.00, 100.00, 100.00, 550.00, 550.00, 3788.91, 5051.88, 0.00, 252594.00, NULL, 0.00, 0.00, NULL, NULL, NULL, NULL, NULL, 0.00, 0.00, NULL, NULL, NULL, NULL, '2018-10-28 02:18:01', '2018-10-28 02:25:20', NULL),
	(61, '2001194795', '6001123265', '1995007', 60, 1, 2, 2, 12, NULL, NULL, NULL, NULL, 2668.95, 58717.00, 704604.00, 100.00, 100.00, 550.00, 550.00, 5284.53, 7046.04, 0.00, 352302.00, NULL, 0.00, 0.00, NULL, NULL, NULL, NULL, NULL, 0.00, 0.00, NULL, NULL, NULL, NULL, '2018-10-28 02:21:17', '2018-10-28 02:22:37', NULL),
	(63, '2004133210', '6017646318', '2011033', 33, 1, 2, 2, 12, NULL, NULL, NULL, NULL, 850.82, 18718.00, 224616.00, 100.00, 100.00, 257.37, 257.37, 1684.62, 2246.16, 0.00, 112308.00, NULL, 0.00, 0.00, NULL, NULL, NULL, NULL, NULL, 0.00, 0.00, NULL, NULL, NULL, NULL, '2018-10-28 02:27:15', '2018-10-28 02:27:15', NULL),
	(64, '2004710009', '11108418483', '2015005', 34, 1, 2, 2, 12, NULL, NULL, NULL, NULL, 1443.86, 31765.00, 381180.00, 100.00, 100.00, 436.77, 436.77, 2858.85, 3811.80, 0.00, 190590.00, NULL, 0.00, 0.00, NULL, NULL, NULL, NULL, NULL, 0.00, 0.00, NULL, NULL, NULL, NULL, '2018-10-28 02:27:51', '2018-10-28 02:27:51', NULL),
	(65, '2004108484', '6017281694', '2010011', 35, 1, 2, 2, 12, NULL, NULL, NULL, NULL, 1318.64, 29010.00, 348120.00, 100.00, 100.00, 398.89, 398.89, 2610.90, 3481.20, 0.00, 174060.00, NULL, 0.00, 0.00, NULL, NULL, NULL, NULL, NULL, 0.00, 0.00, NULL, NULL, NULL, NULL, '2018-10-28 02:28:17', '2018-10-28 02:28:17', NULL),
	(66, '2001192754', '6011638164', '2018008', 36, 1, 2, 2, 12, NULL, NULL, NULL, NULL, 740.09, 16282.00, 195384.00, 100.00, 100.00, 223.88, 223.88, 1465.38, 1953.84, 0.00, 97692.00, NULL, 0.00, 0.00, NULL, NULL, NULL, NULL, NULL, 0.00, 0.00, NULL, NULL, NULL, NULL, '2018-10-28 02:29:47', '2018-10-28 02:29:47', NULL),
	(67, '2001194727', '6006850928', '1985001', 37, 1, 2, 2, 12, NULL, NULL, NULL, NULL, 1080.14, 23763.00, 285156.00, 100.00, 100.00, 326.74, 326.74, 2138.67, 2851.56, 0.00, 142578.00, NULL, 0.00, 0.00, NULL, NULL, NULL, NULL, NULL, 0.00, 0.00, NULL, NULL, NULL, NULL, '2018-10-28 02:29:57', '2018-10-28 02:29:57', NULL),
	(68, '2001196265', '6005600218', '1989005', 38, 1, 2, 2, 12, NULL, NULL, NULL, NULL, 1860.00, 40920.00, 491040.00, 100.00, 100.00, 562.65, 562.65, 3682.80, 4910.40, 0.00, 245520.00, NULL, 0.00, 0.00, NULL, NULL, NULL, NULL, NULL, 0.00, 0.00, NULL, NULL, NULL, NULL, '2018-10-28 02:30:10', '2018-10-28 02:30:10', NULL),
	(69, '2005108772', '21174740732', '2016010', 39, 1, 2, 2, 12, NULL, NULL, NULL, NULL, 1731.14, 38085.00, 457020.00, 100.00, 100.00, 523.67, 523.67, 3427.65, 4570.20, 0.00, 228510.00, NULL, 0.00, 0.00, NULL, NULL, NULL, NULL, NULL, 0.00, 0.00, NULL, NULL, NULL, NULL, '2018-10-28 02:33:49', '2018-10-28 02:33:49', NULL),
	(70, '2004062881', '21112982662', '2010014', 40, 1, 2, 2, 12, NULL, NULL, NULL, NULL, 850.82, 18718.00, 224616.00, 100.00, 100.00, 257.37, 257.37, 1684.62, 2246.16, 0.00, 112308.00, NULL, 0.00, 0.00, NULL, NULL, NULL, NULL, NULL, 0.00, 0.00, NULL, NULL, NULL, NULL, '2018-10-28 02:34:06', '2018-10-28 02:34:06', NULL),
	(71, '2004074360', '6017348531', '2011002', 41, 1, 2, 2, 12, NULL, NULL, NULL, NULL, 917.23, 20179.00, 242148.00, 100.00, 100.00, 277.46, 277.46, 1816.11, 2421.48, 0.00, 121074.00, NULL, 0.00, 0.00, NULL, NULL, NULL, NULL, NULL, 0.00, 0.00, NULL, NULL, NULL, NULL, '2018-10-28 02:34:15', '2018-10-28 02:34:15', NULL),
	(72, '2004108469', '21112826375', '2011037', 42, 1, 2, 2, 12, NULL, NULL, NULL, NULL, 850.82, 18718.00, 224616.00, 100.00, 100.00, 257.37, 257.37, 1684.62, 2246.16, 0.00, 112308.00, NULL, 0.00, 0.00, NULL, NULL, NULL, NULL, NULL, 0.00, 0.00, NULL, NULL, NULL, NULL, '2018-10-28 02:34:25', '2018-10-28 02:34:25', NULL),
	(73, '2004307493', '21132587076', '2013002', 43, 1, 2, 2, 12, NULL, NULL, NULL, NULL, 1443.86, 31765.00, 381180.00, 100.00, 100.00, 436.77, 436.77, 2858.85, 3811.80, 0.00, 190590.00, NULL, 0.00, 0.00, NULL, NULL, NULL, NULL, NULL, 0.00, 0.00, NULL, NULL, NULL, NULL, '2018-10-28 02:34:36', '2018-10-28 02:34:36', NULL),
	(74, '2004659439', '21158366938', '2014009', 44, 1, 2, 2, 12, NULL, NULL, NULL, NULL, 1318.64, 29010.00, 348120.00, 100.00, 100.00, 398.89, 398.89, 2610.90, 3481.20, 0.00, 174060.00, NULL, 0.00, 0.00, NULL, NULL, NULL, NULL, NULL, 0.00, 0.00, NULL, NULL, NULL, NULL, '2018-10-28 02:35:12', '2018-10-28 02:35:12', NULL),
	(75, NULL, NULL, '2011028', 45, 1, 2, 2, 12, NULL, NULL, NULL, NULL, 1443.86, 31765.00, 381180.00, 100.00, 100.00, 436.77, 436.77, 2858.85, 3811.80, 0.00, 190590.00, NULL, 0.00, 0.00, NULL, NULL, NULL, NULL, NULL, 0.00, 0.00, NULL, NULL, NULL, NULL, '2018-10-28 02:35:21', '2018-10-28 02:35:21', NULL),
	(76, '2001196495', '6007855508', '1979003', 46, 1, 2, 2, 12, NULL, NULL, NULL, NULL, 1882.41, 41413.00, 496956.00, 100.00, 100.00, 569.43, 569.43, 3727.17, 4969.56, 0.00, 248478.00, NULL, 0.00, 0.00, NULL, NULL, NULL, NULL, NULL, 0.00, 0.00, NULL, NULL, NULL, NULL, '2018-10-28 02:35:31', '2018-10-28 02:35:31', NULL),
	(77, '2004754022', '11133245663', '2015008', 51, 1, 2, 2, 12, NULL, NULL, NULL, NULL, 794.23, 17473.00, 209676.00, 100.00, 100.00, 240.25, 240.25, 1572.57, 2096.76, 0.00, 104838.00, NULL, 0.00, 0.00, NULL, NULL, NULL, NULL, NULL, 0.00, 0.00, NULL, NULL, NULL, NULL, '2018-10-28 02:36:22', '2018-10-28 02:36:22', NULL),
	(78, '2001191012', '6007602256', '1987009', 50, 1, 2, 2, 12, NULL, NULL, NULL, NULL, 889.41, 19567.00, 234804.00, 100.00, 100.00, 269.05, 269.05, 1761.03, 2348.04, 0.00, 117402.00, NULL, 0.00, 0.00, NULL, NULL, NULL, NULL, NULL, 0.00, 0.00, NULL, NULL, NULL, NULL, '2018-10-28 02:36:38', '2018-10-28 02:36:38', NULL),
	(79, '2005411618', '21189760422', '2018006', 48, 1, 2, 2, 12, NULL, NULL, NULL, NULL, 740.09, 16282.00, 195384.00, 100.00, 100.00, 223.88, 223.88, 1465.38, 1953.84, 0.00, 97692.00, NULL, 0.00, 0.00, NULL, NULL, NULL, NULL, NULL, 0.00, 0.00, NULL, NULL, NULL, NULL, '2018-10-28 02:37:36', '2018-10-28 02:37:36', NULL),
	(80, '2004331293', '366961184', '2012012', 47, 1, 2, 2, 12, NULL, NULL, NULL, NULL, 1913.59, 42099.00, 505188.00, 100.00, 100.00, 550.00, 550.00, 3788.91, 5051.88, 0.00, 252594.00, NULL, 0.00, 0.00, NULL, NULL, NULL, NULL, NULL, 0.00, 0.00, NULL, NULL, NULL, NULL, '2018-10-28 02:37:47', '2018-10-28 02:37:47', NULL),
	(81, '2001195951', '6007101320', '1989006', 49, 1, 2, 2, 12, NULL, NULL, NULL, NULL, 1860.00, 40920.00, 491040.00, 100.00, 100.00, 562.65, 562.65, 3682.80, 4910.40, 0.00, 245520.00, NULL, 0.00, 0.00, NULL, NULL, NULL, NULL, NULL, 0.00, 0.00, NULL, NULL, NULL, NULL, '2018-10-28 02:38:04', '2018-10-28 02:38:04', NULL),
	(82, '2004258195', '411352114', '2012011', 53, 1, 2, 2, 12, NULL, NULL, NULL, NULL, 1731.14, 38085.00, 457020.00, 100.00, 100.00, 523.67, 523.67, 3427.65, 4570.20, 0.00, 228510.00, NULL, 0.00, 0.00, NULL, NULL, NULL, NULL, NULL, 0.00, 0.00, NULL, NULL, NULL, NULL, '2018-10-28 02:38:22', '2018-10-28 02:38:22', NULL),
	(83, '2001196136', '6008428950', '1993006', 55, 1, 2, 2, 12, NULL, NULL, NULL, NULL, 2668.95, 58717.00, 704604.00, 100.00, 100.00, 550.00, 550.00, 5284.53, 7046.04, 0.00, 352302.00, NULL, 0.00, 0.00, NULL, NULL, NULL, NULL, NULL, 0.00, 0.00, NULL, NULL, NULL, NULL, '2018-10-28 02:42:38', '2018-10-28 02:42:38', NULL),
	(84, '2001192066', '6001113916', '1993001', 54, 1, 2, 2, 12, NULL, NULL, NULL, NULL, 2668.95, 58717.00, 704604.00, 100.00, 100.00, 550.00, 550.00, 5284.53, 7046.04, 0.00, 352302.00, NULL, 0.00, 0.00, NULL, NULL, NULL, NULL, NULL, 0.00, 0.00, NULL, NULL, NULL, NULL, '2018-10-28 02:42:51', '2018-10-28 02:42:51', NULL),
	(85, '2004307494', '21140546902', '2013003', 56, 1, 2, 2, 12, NULL, NULL, NULL, NULL, 1443.86, 31765.00, 381180.00, 100.00, 100.00, 436.77, 436.77, 2858.85, 3811.80, 0.00, 190590.00, NULL, 0.00, 0.00, NULL, NULL, NULL, NULL, NULL, 0.00, 0.00, NULL, NULL, NULL, NULL, '2018-10-28 02:43:08', '2018-10-28 02:43:08', NULL),
	(86, '2001194667', '6001124662', '1978007', 57, 1, 2, 2, 12, NULL, NULL, NULL, NULL, 1140.50, 25091.00, 301092.00, 100.00, 100.00, 345.00, 345.00, 2258.19, 3010.92, 0.00, 150546.00, NULL, 0.00, 0.00, NULL, NULL, NULL, NULL, NULL, 0.00, 0.00, NULL, NULL, NULL, NULL, '2018-10-28 02:43:19', '2018-10-28 02:43:19', NULL),
	(87, '2005306794', '21189760383', '2017006', 58, 1, 2, 2, 12, NULL, NULL, NULL, NULL, 1006.77, 22149.00, 265788.00, 100.00, 100.00, 304.55, 304.55, 1993.41, 2657.88, 0.00, 132894.00, NULL, 0.00, 0.00, NULL, NULL, NULL, NULL, NULL, 0.00, 0.00, NULL, NULL, NULL, NULL, '2018-10-28 02:43:30', '2018-10-28 02:43:30', NULL),
	(88, '2004879431', '11116019997', '2016005', 59, 1, 2, 2, 12, NULL, NULL, NULL, NULL, 1443.86, 31765.00, 381180.00, 100.00, 100.00, 436.77, 436.77, 2858.85, 3811.80, 0.00, 190590.00, NULL, 0.00, 0.00, NULL, NULL, NULL, NULL, NULL, 0.00, 0.00, NULL, NULL, NULL, NULL, '2018-10-28 02:43:41', '2018-10-28 02:43:41', NULL),
	(89, '2001195907', '6011638685', '1990013', 61, 1, 2, 2, 12, NULL, NULL, NULL, NULL, 1318.64, 29010.00, 348120.00, 100.00, 100.00, 398.89, 398.89, 2610.90, 3481.20, 0.00, 174060.00, NULL, 0.00, 0.00, NULL, NULL, NULL, NULL, NULL, 0.00, 0.00, NULL, NULL, NULL, NULL, '2018-10-28 02:44:00', '2018-10-28 02:44:00', NULL),
	(90, '2001196860', '6001119460', '1976004', 62, 1, 2, 2, 12, NULL, NULL, NULL, NULL, 1307.23, 28759.00, 345108.00, 100.00, 100.00, 395.44, 395.44, 2588.31, 3451.08, 0.00, 172554.00, NULL, 0.00, 0.00, NULL, NULL, NULL, NULL, NULL, 0.00, 0.00, NULL, NULL, NULL, NULL, '2018-10-28 02:44:47', '2018-10-28 02:44:47', NULL),
	(91, '2001193026', '6001117792', '1985007', 63, 1, 2, 2, 12, NULL, NULL, NULL, NULL, 1204.27, 26494.00, 317928.00, 100.00, 100.00, 364.29, 364.29, 2384.46, 3179.28, 0.00, 158964.00, NULL, 0.00, 0.00, NULL, NULL, NULL, NULL, NULL, 0.00, 0.00, NULL, NULL, NULL, NULL, '2018-10-28 02:45:04', '2018-10-28 02:45:04', NULL),
	(92, '2001193661', '6001116434', '1987010', 64, 1, 2, 2, 12, NULL, NULL, NULL, NULL, 782.23, 17209.00, 206508.00, 100.00, 100.00, 236.62, 236.62, 1548.81, 2065.08, 0.00, 103254.00, NULL, 0.00, 0.00, NULL, NULL, NULL, NULL, NULL, 0.00, 0.00, NULL, NULL, NULL, NULL, '2018-10-28 02:45:15', '2018-10-28 02:45:15', NULL),
	(93, '2004074453', '6017341840', '2011011', 65, 1, 2, 2, 12, NULL, NULL, NULL, NULL, 1443.86, 31765.00, 381180.00, 100.00, 100.00, 436.77, 436.77, 2858.85, 3811.80, 0.00, 190590.00, NULL, 0.00, 0.00, NULL, NULL, NULL, NULL, NULL, 0.00, 0.00, NULL, NULL, NULL, NULL, '2018-10-28 02:45:26', '2018-10-28 02:45:26', NULL),
	(94, '2001194069', '6005851038', '1993008', 66, 1, 2, 2, 12, NULL, NULL, NULL, NULL, 1443.86, 31765.00, 381180.00, 100.00, 100.00, 436.77, 436.77, 2858.85, 3811.80, 0.00, 190590.00, NULL, 0.00, 0.00, NULL, NULL, NULL, NULL, NULL, 0.00, 0.00, NULL, NULL, NULL, NULL, '2018-10-28 02:45:35', '2018-10-28 02:45:35', NULL),
	(95, '2001194271', '6010034808', '1990001', 67, 1, 2, 2, 12, NULL, NULL, NULL, NULL, 2668.95, 58717.00, 704604.00, 100.00, 100.00, 550.00, 550.00, 5284.53, 7046.04, 0.00, 352302.00, NULL, 0.00, 0.00, NULL, NULL, NULL, NULL, NULL, 0.00, 0.00, NULL, NULL, NULL, NULL, '2018-10-28 02:48:01', '2018-10-28 02:48:01', NULL),
	(96, '2001191464', '6005850738', '1990007', 68, 1, 2, 2, 12, NULL, NULL, NULL, NULL, 2092.27, 46030.00, 552360.00, 100.00, 100.00, 550.00, 550.00, 4142.70, 5523.60, 0.00, 276180.00, NULL, 0.00, 0.00, NULL, NULL, NULL, NULL, NULL, 0.00, 0.00, NULL, NULL, NULL, NULL, '2018-10-28 02:48:08', '2018-10-28 02:48:08', NULL),
	(97, '2001191657', '6001114931', '1981003', 69, 1, 2, 2, 12, NULL, NULL, NULL, NULL, 1292.00, 28424.00, 341088.00, 100.00, 100.00, 390.83, 390.83, 2558.16, 3410.88, 0.00, 170544.00, NULL, 0.00, 0.00, NULL, NULL, NULL, NULL, NULL, 0.00, 0.00, NULL, NULL, NULL, NULL, '2018-10-28 02:48:18', '2018-10-28 02:48:18', NULL),
	(98, '2001191565', '6006351375', '1995001', 70, 1, 2, 2, 12, NULL, NULL, NULL, NULL, 1204.27, 26494.00, 317928.00, 100.00, 100.00, 364.29, 364.29, 2384.46, 3179.28, 0.00, 158964.00, NULL, 0.00, 0.00, NULL, NULL, NULL, NULL, NULL, 0.00, 0.00, NULL, NULL, NULL, NULL, '2018-10-28 02:48:45', '2018-10-28 02:48:45', NULL),
	(99, '2001193107', '6006351618', '1987001', 71, 1, 2, 2, 12, NULL, NULL, NULL, NULL, 896.59, 19725.00, 236700.00, 100.00, 100.00, 271.22, 271.22, 1775.25, 2367.00, 0.00, 118350.00, NULL, 0.00, 0.00, NULL, NULL, NULL, NULL, NULL, 0.00, 0.00, NULL, NULL, NULL, NULL, '2018-10-28 02:49:01', '2018-10-28 02:49:01', NULL),
	(100, '2001192111', '6005850725', '1990011', 72, 1, 2, 2, 12, NULL, NULL, NULL, NULL, 2918.18, 64200.00, 770400.00, 100.00, 100.00, 550.00, 550.00, 5778.00, 7704.00, 0.00, 385200.00, NULL, 0.00, 0.00, NULL, NULL, NULL, NULL, NULL, 0.00, 0.00, NULL, NULL, NULL, NULL, '2018-10-28 02:49:49', '2018-10-28 02:49:49', NULL),
	(101, '2001196209', '6001119415', '1988001', 73, 1, 2, 2, 12, NULL, NULL, NULL, NULL, 1731.14, 38085.00, 457020.00, 100.00, 100.00, 523.67, 523.67, 3427.65, 4570.20, 0.00, 228510.00, NULL, 0.00, 0.00, NULL, NULL, NULL, NULL, NULL, 0.00, 0.00, NULL, NULL, NULL, NULL, '2018-10-28 02:52:18', '2018-10-28 02:52:18', NULL),
	(102, '2004175784', '6017721271', '2012001', 74, 1, 2, 2, 12, NULL, NULL, NULL, NULL, 740.09, 16282.00, 195384.00, 100.00, 100.00, 223.88, 223.88, 1465.38, 1953.84, 0.00, 97692.00, NULL, 0.00, 0.00, NULL, NULL, NULL, NULL, NULL, 0.00, 0.00, NULL, NULL, NULL, NULL, '2018-10-28 02:52:29', '2018-10-28 02:52:29', NULL),
	(103, '2001192931', '21110728527', '2016002', 75, 1, 2, 2, 12, NULL, NULL, NULL, NULL, 5226.41, 114981.00, 1379772.00, 100.00, 100.00, 550.00, 550.00, 10348.29, 13797.72, 0.00, 689886.00, NULL, 0.00, 0.00, NULL, NULL, NULL, NULL, NULL, 0.00, 0.00, NULL, NULL, NULL, NULL, '2018-10-28 02:52:40', '2018-10-28 02:52:40', NULL),
	(104, '2004879433', '21174715246', '2016003', 76, 1, 2, 2, 12, NULL, NULL, NULL, NULL, 740.09, 16282.00, 195384.00, 100.00, 100.00, 223.88, 223.88, 1465.38, 1953.84, 0.00, 97692.00, NULL, 0.00, 0.00, NULL, NULL, NULL, NULL, NULL, 0.00, 0.00, NULL, NULL, NULL, NULL, '2018-10-28 02:52:50', '2018-10-28 02:52:50', NULL),
	(105, '2004710008', '21152074792', '2015006', 77, 1, 2, 2, 12, NULL, NULL, NULL, NULL, 1318.64, 29010.00, 348120.00, 100.00, 100.00, 398.89, 398.89, 2610.90, 3481.20, 0.00, 174060.00, NULL, 0.00, 0.00, NULL, NULL, NULL, NULL, NULL, 0.00, 0.00, NULL, NULL, NULL, NULL, '2018-10-28 02:53:00', '2018-10-28 02:53:00', NULL),
	(106, '2004096364', '3392018671', '2011021', 78, 1, 2, 2, 12, NULL, NULL, NULL, NULL, 740.09, 16282.00, 195384.00, 100.00, 100.00, 223.88, 223.88, 1465.38, 1953.84, 0.00, 97692.00, NULL, 0.00, 0.00, NULL, NULL, NULL, NULL, NULL, 0.00, 0.00, NULL, NULL, NULL, NULL, '2018-10-28 02:53:11', '2018-10-28 02:53:11', NULL),
	(107, '2001192183', '6001115024', '1983001', 79, 1, 2, 2, 12, NULL, NULL, NULL, NULL, 684.82, 15066.00, 180792.00, 100.00, 100.00, 207.16, 207.16, 1355.94, 1807.92, 0.00, 90396.00, NULL, 0.00, 0.00, NULL, NULL, NULL, NULL, NULL, 0.00, 0.00, NULL, NULL, NULL, NULL, '2018-10-28 02:53:26', '2018-10-28 02:53:26', NULL),
	(108, '2001195323', '6001124358', '1983002', 80, 1, 2, 2, 12, NULL, NULL, NULL, NULL, 1080.14, 23763.00, 285156.00, 100.00, 100.00, 326.74, 326.74, 2138.67, 2851.56, 0.00, 142578.00, NULL, 0.00, 0.00, NULL, NULL, NULL, NULL, NULL, 0.00, 0.00, NULL, NULL, NULL, NULL, '2018-10-28 02:53:39', '2018-10-28 02:53:39', NULL),
	(109, '2003134401', '6017368133', '2010019', 81, 1, 2, 2, 12, NULL, NULL, NULL, NULL, 1731.14, 38085.00, 457020.00, 100.00, 100.00, 523.67, 523.67, 3427.65, 4570.20, 0.00, 228510.00, NULL, 0.00, 0.00, NULL, NULL, NULL, NULL, NULL, 0.00, 0.00, NULL, NULL, NULL, NULL, '2018-10-28 02:53:48', '2018-10-28 02:53:48', NULL),
	(110, '2003201376', '6017501192', '2010010', 82, 1, 2, 2, 12, NULL, NULL, NULL, NULL, 917.23, 20179.00, 242148.00, 100.00, 100.00, 277.46, 277.46, 1816.11, 2421.48, 0.00, 121074.00, NULL, 0.00, 0.00, NULL, NULL, NULL, NULL, NULL, 0.00, 0.00, NULL, NULL, NULL, NULL, '2018-10-28 02:54:00', '2018-10-28 02:54:00', NULL),
	(111, '2001196320', '6008429687', '1977004', 83, 1, 2, 2, 12, NULL, NULL, NULL, NULL, 896.59, 19725.00, 236700.00, 100.00, 100.00, 271.22, 271.22, 1775.25, 2367.00, 0.00, 118350.00, NULL, 0.00, 0.00, NULL, NULL, NULL, NULL, NULL, 0.00, 0.00, NULL, NULL, NULL, NULL, '2018-10-28 02:54:11', '2018-10-28 02:54:11', NULL),
	(112, '2001189696', '6006850504', '1997001', 84, 1, 2, 2, 12, NULL, NULL, NULL, NULL, 2000.91, 44020.00, 528240.00, 100.00, 100.00, 550.00, 550.00, 3961.80, 5282.40, 0.00, 264120.00, NULL, 0.00, 0.00, NULL, NULL, NULL, NULL, NULL, 0.00, 0.00, NULL, NULL, NULL, NULL, '2018-10-28 02:54:23', '2018-10-28 02:54:23', NULL),
	(113, '2001196554', '6001121050', '1987002', 85, 1, 2, 2, 12, NULL, NULL, NULL, NULL, 1292.00, 28424.00, 341088.00, 100.00, 100.00, 390.83, 390.83, 2558.16, 3410.88, 0.00, 170544.00, NULL, 0.00, 0.00, NULL, NULL, NULL, NULL, NULL, 0.00, 0.00, NULL, NULL, NULL, NULL, '2018-10-28 02:54:36', '2018-10-28 02:54:36', NULL),
	(114, '2004823937', 'NO CRN', '2015011', 86, 1, 2, 2, 12, NULL, NULL, NULL, NULL, 693.36, 15254.00, 183048.00, 100.00, 100.00, 209.74, 209.74, 1372.86, 1830.48, 0.00, 91524.00, NULL, 0.00, 0.00, NULL, NULL, NULL, NULL, NULL, 0.00, 0.00, NULL, NULL, NULL, NULL, '2018-10-28 02:54:51', '2018-10-28 02:54:51', NULL),
	(115, '2004753979', '21174740509', '2015010', 87, 1, 2, 2, 12, NULL, NULL, NULL, NULL, 1006.77, 22149.00, 265788.00, 100.00, 100.00, 304.55, 304.55, 1993.41, 2657.88, 0.00, 132894.00, NULL, 0.00, 0.00, NULL, NULL, NULL, NULL, NULL, 0.00, 0.00, NULL, NULL, NULL, NULL, '2018-10-28 02:55:05', '2018-10-28 02:55:05', NULL),
	(116, '2001192723', '6010034701', '1980001', 88, 1, 2, 2, 12, NULL, NULL, NULL, NULL, 2918.18, 64200.00, 770400.00, 100.00, 100.00, 550.00, 550.00, 5778.00, 7704.00, 0.00, 385200.00, NULL, 0.00, 0.00, NULL, NULL, NULL, NULL, NULL, 0.00, 0.00, NULL, NULL, NULL, NULL, '2018-10-28 02:55:18', '2018-10-28 02:55:18', NULL),
	(117, '2004186784', '11124433921', '2012006', 89, 1, 2, 2, 12, NULL, NULL, NULL, NULL, 693.36, 15254.00, 183048.00, 100.00, 100.00, 209.74, 209.74, 1372.86, 1830.48, 0.00, 91524.00, NULL, 0.00, 0.00, NULL, NULL, NULL, NULL, NULL, 0.00, 0.00, NULL, NULL, NULL, NULL, '2018-10-28 02:55:33', '2018-10-28 02:55:33', NULL),
	(118, '2001193141', '6001117190', '1992006', 90, 1, 2, 2, 12, NULL, NULL, NULL, NULL, 873.41, 19215.00, 230580.00, 100.00, 100.00, 264.21, 264.21, 1729.35, 2305.80, 0.00, 115290.00, NULL, 0.00, 0.00, NULL, NULL, NULL, NULL, NULL, 0.00, 0.00, NULL, NULL, NULL, NULL, '2018-10-28 02:57:18', '2018-10-28 02:57:18', NULL),
	(119, '2004108435', '6017272650', '2011024', 91, 1, 2, 2, 12, NULL, NULL, NULL, NULL, 794.23, 17473.00, 209676.00, 100.00, 100.00, 240.25, 240.25, 1572.57, 2096.76, 0.00, 104838.00, NULL, 0.00, 0.00, NULL, NULL, NULL, NULL, NULL, 0.00, 0.00, NULL, NULL, NULL, NULL, '2018-10-28 02:57:28', '2018-10-28 02:57:28', NULL),
	(120, '2001190973', '6006278607', '1987003', 92, 1, 2, 2, 12, NULL, NULL, NULL, NULL, 1080.14, 23763.00, 285156.00, 100.00, 100.00, 326.74, 326.74, 2138.67, 2851.56, 0.00, 142578.00, NULL, 0.00, 0.00, NULL, NULL, NULL, NULL, NULL, 0.00, 0.00, NULL, NULL, NULL, NULL, '2018-10-28 02:58:26', '2018-10-28 02:58:26', NULL),
	(121, '2001533956', '6018157154', '2011013', 94, 1, 2, 2, 12, NULL, NULL, NULL, NULL, 2668.95, 58717.00, 704604.00, 100.00, 100.00, 550.00, 550.00, 5284.53, 7046.04, 0.00, 352302.00, NULL, 0.00, 0.00, NULL, NULL, NULL, NULL, '33333', 2500.00, 25384.00, NULL, NULL, NULL, NULL, '2018-10-28 02:58:44', '2018-10-28 02:58:44', NULL),
	(122, '2001192148', '6005094866', '1985002', 95, 1, 2, 2, 12, NULL, NULL, NULL, NULL, 904.45, 19898.00, 238776.00, 100.00, 100.00, 273.60, 273.60, 1790.82, 2387.76, 0.00, 119388.00, NULL, 0.00, 0.00, NULL, NULL, NULL, NULL, NULL, 0.00, 0.00, NULL, NULL, NULL, NULL, '2018-10-28 03:04:31', '2018-10-28 03:04:31', NULL),
	(123, '2004146085', '6017665146', '2011034', 96, 1, 2, 2, 12, NULL, NULL, NULL, NULL, 1443.86, 31765.00, 381180.00, 100.00, 100.00, 436.77, 436.77, 2858.85, 3811.80, 0.00, 190590.00, NULL, 0.00, 0.00, NULL, NULL, NULL, NULL, NULL, 0.00, 0.00, NULL, NULL, NULL, NULL, '2018-10-28 03:04:40', '2018-10-28 03:04:40', NULL),
	(124, '2003171130', '6018205693', '2011015', 97, 1, 2, 2, 12, NULL, NULL, NULL, NULL, 794.23, 17473.00, 209676.00, 100.00, 100.00, 240.25, 240.25, 1572.57, 2096.76, 0.00, 104838.00, NULL, 0.00, 0.00, NULL, NULL, NULL, NULL, '0', 0.00, 17473.00, NULL, NULL, NULL, NULL, '2018-10-28 03:04:49', '2018-10-28 03:04:49', NULL),
	(125, '2003955525', '21111362102', '2010004', 98, 1, 2, 2, 12, NULL, NULL, NULL, NULL, 1913.59, 42099.00, 505188.00, 100.00, 100.00, 550.00, 550.00, 3788.91, 5051.88, 0.00, 252594.00, NULL, 0.00, 0.00, NULL, NULL, NULL, NULL, '0', 0.00, 17473.00, NULL, NULL, NULL, NULL, '2018-10-28 03:04:59', '2018-10-28 03:04:59', NULL),
	(126, '2001196760', '6008429470', '1988002', 99, 1, 2, 2, 12, NULL, NULL, NULL, NULL, 1731.14, 38085.00, 457020.00, 100.00, 100.00, 523.67, 523.67, 3427.65, 4570.20, 0.00, 228510.00, NULL, 0.00, 0.00, NULL, NULL, NULL, NULL, '0', 0.00, 17473.00, NULL, NULL, NULL, NULL, '2018-10-28 03:05:10', '2018-10-28 03:05:10', NULL),
	(127, '2001195149', '6001123993', '1976002', 100, 1, 2, 2, 12, NULL, NULL, NULL, NULL, 836.95, 18413.00, 220956.00, 100.00, 100.00, 253.18, 253.18, 1657.17, 2209.56, 0.00, 110478.00, NULL, 0.00, 0.00, NULL, NULL, NULL, NULL, '0', 0.00, 17473.00, NULL, NULL, NULL, NULL, '2018-10-28 03:05:20', '2018-10-28 03:05:20', NULL),
	(128, '2001196552', '6010036440', '1987006', 101, 1, 2, 2, 12, NULL, NULL, NULL, NULL, 1416.82, 31170.00, 374040.00, 100.00, 100.00, 428.59, 428.59, 2805.30, 3740.40, 0.00, 187020.00, NULL, 0.00, 0.00, NULL, NULL, NULL, NULL, '0', 0.00, 17473.00, NULL, NULL, NULL, NULL, '2018-10-28 03:05:30', '2018-10-28 03:05:30', NULL),
	(129, '2004108438', '21112707698', '2011027', 102, 1, 2, 2, 12, NULL, NULL, NULL, NULL, 1443.86, 31765.00, 381180.00, 100.00, 100.00, 436.77, 436.77, 2858.85, 3811.80, 0.00, 190590.00, NULL, 0.00, 0.00, NULL, NULL, NULL, NULL, '0', 0.00, 17473.00, NULL, NULL, NULL, NULL, '2018-10-28 03:05:41', '2018-10-28 03:05:41', NULL),
	(130, '2004375367', '21136426191', '2013004', 103, 1, 2, 2, 12, NULL, NULL, NULL, NULL, 794.23, 17473.00, 209676.00, 100.00, 100.00, 240.25, 240.25, 1572.57, 2096.76, 0.00, 104838.00, NULL, 0.00, 0.00, NULL, NULL, NULL, NULL, '0', 0.00, 17473.00, NULL, NULL, NULL, NULL, '2018-10-28 03:05:50', '2018-10-28 03:05:50', NULL),
	(131, '2001008082', '3339861069', '2016006', 104, 1, 2, 2, 12, NULL, NULL, NULL, NULL, 1731.14, 38085.00, 457020.00, 100.00, 100.00, 523.67, 523.67, 3427.65, 4570.20, 0.00, 228510.00, NULL, 0.00, 0.00, NULL, NULL, NULL, NULL, '0', 0.00, 17473.00, NULL, NULL, NULL, NULL, '2018-10-28 03:06:01', '2018-10-28 03:06:01', NULL),
	(132, '2001193393', '6001117857', '1977002', 105, 1, 2, 2, 12, NULL, NULL, NULL, NULL, 836.95, 18413.00, 220956.00, 100.00, 100.00, 253.18, 253.18, 1657.17, 2209.56, 0.00, 110478.00, NULL, 0.00, 0.00, NULL, NULL, NULL, NULL, '0', 0.00, 17473.00, NULL, NULL, NULL, NULL, '2018-10-28 03:06:10', '2018-10-28 03:06:10', NULL),
	(133, '2004062884', '21167264005', '2010017', 106, 1, 2, 2, 12, NULL, NULL, NULL, NULL, 1913.59, 42099.00, 505188.00, 100.00, 100.00, 550.00, 550.00, 3788.91, 5051.88, 0.00, 252594.00, NULL, 0.00, 0.00, NULL, NULL, NULL, NULL, '0', 0.00, 17473.00, NULL, NULL, NULL, NULL, '2018-10-28 03:06:21', '2018-10-28 03:06:21', NULL),
	(134, '2005207814', '11103166484', '2017001', 107, 1, 2, 2, 12, NULL, NULL, NULL, NULL, 740.09, 16282.00, 195384.00, 100.00, 100.00, 223.88, 223.88, 1465.38, 1953.84, 0.00, 97692.00, NULL, 0.00, 0.00, NULL, NULL, NULL, NULL, '0', 0.00, 17473.00, NULL, NULL, NULL, NULL, '2018-10-28 03:06:32', '2018-10-28 03:06:32', NULL),
	(135, '2005411620', 'NO CRN', '2018007', 108, 1, 2, 2, 12, NULL, NULL, NULL, NULL, 740.09, 16282.00, 195384.00, 100.00, 100.00, 223.88, 223.88, 1465.38, 1953.84, 0.00, 97692.00, NULL, 0.00, 0.00, NULL, NULL, NULL, NULL, '0', 0.00, 17473.00, NULL, NULL, NULL, NULL, '2018-10-28 03:06:42', '2018-10-28 03:06:42', NULL),
	(136, '2001191385', '6008428170', '1990012', 109, 1, 2, 2, 12, NULL, NULL, NULL, NULL, 2092.27, 46030.00, 552360.00, 100.00, 100.00, 550.00, 550.00, 4142.70, 5523.60, 0.00, 276180.00, NULL, 0.00, 0.00, NULL, NULL, NULL, NULL, '0', 0.00, 17473.00, NULL, NULL, NULL, NULL, '2018-10-28 03:06:51', '2018-10-28 03:06:51', NULL),
	(137, '2001196433', '6007352218', '1989004', 110, 1, 2, 2, 12, NULL, NULL, NULL, NULL, 1731.14, 38085.00, 457020.00, 100.00, 100.00, 523.67, 523.67, 3427.65, 4570.20, 0.00, 228510.00, NULL, 0.00, 0.00, NULL, NULL, NULL, NULL, '0', 0.00, 17473.00, NULL, NULL, NULL, NULL, '2018-10-28 03:06:59', '2018-10-28 03:06:59', NULL),
	(138, '2001190805', '6001115338', '1994003', 111, 1, 2, 2, 12, NULL, NULL, NULL, NULL, 651.82, 14340.00, 172080.00, 100.00, 100.00, 197.18, 197.18, 1290.60, 1720.80, 0.00, 86040.00, NULL, 0.00, 0.00, NULL, NULL, NULL, NULL, '0', 0.00, 17473.00, NULL, NULL, NULL, NULL, '2018-10-28 03:07:10', '2018-10-28 03:07:10', NULL),
	(139, '2004074474', '3321724457', '2011009', 112, 1, 2, 2, 12, NULL, NULL, NULL, NULL, 794.23, 17473.00, 209676.00, 100.00, 100.00, 240.25, 240.25, 1572.57, 2096.76, 0.00, 104838.00, NULL, 0.00, 0.00, NULL, NULL, NULL, NULL, '0', 0.00, 17473.00, NULL, NULL, NULL, NULL, '2018-10-28 03:07:21', '2018-10-28 03:07:21', NULL),
	(140, '2004331295', '3389861310', '2012013', 113, 1, 2, 2, 12, NULL, NULL, NULL, NULL, 1443.86, 31765.00, 381180.00, 100.00, 100.00, 436.77, 436.77, 2858.85, 3811.80, 0.00, 190590.00, NULL, 0.00, 0.00, NULL, NULL, NULL, NULL, '0', 0.00, 17473.00, NULL, NULL, NULL, NULL, '2018-10-28 03:07:31', '2018-10-28 03:07:31', NULL),
	(141, '2001191915', '6001113505', '1978002', 114, 1, 2, 2, 12, NULL, NULL, NULL, NULL, 836.95, 18413.00, 220956.00, 100.00, 100.00, 253.18, 253.18, 1657.17, 2209.56, 0.00, 110478.00, NULL, 0.00, 0.00, NULL, NULL, NULL, NULL, '0', 0.00, 17473.00, NULL, NULL, NULL, NULL, '2018-10-28 03:07:41', '2018-10-28 03:07:41', NULL),
	(142, '2001196811', '6001123388', '1981001', 115, 1, 2, 2, 12, NULL, NULL, NULL, NULL, 836.95, 18413.00, 220956.00, 100.00, 100.00, 253.18, 253.18, 1657.17, 2209.56, 0.00, 110478.00, NULL, 0.00, 0.00, NULL, NULL, NULL, NULL, '0', 0.00, 17473.00, NULL, NULL, NULL, NULL, '2018-10-28 03:07:50', '2018-10-28 03:07:50', NULL),
	(143, '2001196263', '6005095315', '1992009', 116, 1, 2, 2, 12, NULL, NULL, NULL, NULL, 873.41, 19215.00, 230580.00, 100.00, 100.00, 264.21, 264.21, 1729.35, 2305.80, 0.00, 115290.00, NULL, 0.00, 0.00, NULL, NULL, NULL, NULL, '0', 0.00, 17473.00, NULL, NULL, NULL, NULL, '2018-10-28 03:08:00', '2018-10-28 03:08:00', NULL),
	(144, '2001191604', '6001113466', '1989002', 117, 1, 2, 2, 12, NULL, NULL, NULL, NULL, 896.59, 19725.00, 236700.00, 100.00, 100.00, 271.22, 271.22, 1775.25, 2367.00, 0.00, 118350.00, NULL, 0.00, 0.00, NULL, NULL, NULL, NULL, '0', 0.00, 17473.00, NULL, NULL, NULL, NULL, '2018-10-28 03:08:10', '2018-10-28 03:08:10', NULL),
	(145, '2001190249', '6008425872', '1990006', 118, 1, 2, 2, 12, NULL, NULL, NULL, NULL, 1731.14, 38085.00, 457020.00, 100.00, 100.00, 523.67, 523.67, 3427.65, 4570.20, 0.00, 228510.00, NULL, 0.00, 0.00, NULL, NULL, NULL, NULL, '0', 0.00, 17473.00, NULL, NULL, NULL, NULL, '2018-10-28 03:08:23', '2018-10-28 03:08:23', NULL),
	(146, '2001192091', '6001115011', '1992001', 119, 1, 2, 2, 12, NULL, NULL, NULL, NULL, 2918.18, 64200.00, 770400.00, 100.00, 100.00, 550.00, 550.00, 5778.00, 7704.00, 0.00, 385200.00, NULL, 0.00, 0.00, NULL, NULL, NULL, NULL, '0', 0.00, 17473.00, NULL, NULL, NULL, NULL, '2018-10-28 03:08:32', '2018-10-28 03:08:32', NULL),
	(147, '2005046417', '21169509933', '2016007', 120, 1, 2, 2, 12, NULL, NULL, NULL, NULL, 1913.59, 42099.00, 505188.00, 100.00, 100.00, 550.00, 550.00, 3788.91, 5051.88, 0.00, 252594.00, NULL, 0.00, 0.00, NULL, NULL, NULL, NULL, '0', 0.00, 17473.00, NULL, NULL, NULL, NULL, '2018-10-28 03:08:42', '2018-10-28 03:08:42', NULL),
	(148, '2004610457', 'NO CRN', '2014008', 121, 1, 2, 2, 12, NULL, NULL, NULL, NULL, 1913.59, 42099.00, 505188.00, 100.00, 100.00, 550.00, 550.00, 3788.91, 5051.88, 0.00, 252594.00, NULL, 0.00, 0.00, NULL, NULL, NULL, NULL, '0', 0.00, 17473.00, NULL, NULL, NULL, NULL, '2018-10-28 03:08:51', '2018-10-28 03:08:51', NULL),
	(149, '2001195495', '6001124387', '1980002', 122, 1, 2, 2, 12, NULL, NULL, NULL, NULL, 844.32, 18575.00, 222900.00, 100.00, 100.00, 255.41, 255.41, 1671.75, 2229.00, 0.00, 111450.00, NULL, 0.00, 0.00, NULL, NULL, NULL, NULL, '0', 0.00, 17473.00, NULL, NULL, NULL, NULL, '2018-10-28 03:09:01', '2018-10-28 03:09:01', NULL),
	(150, '2001195613', '6008428840', '1988003', 123, 1, 2, 2, 12, NULL, NULL, NULL, NULL, 2061.36, 45350.00, 544200.00, 100.00, 100.00, 550.00, 550.00, 4081.50, 5442.00, 0.00, 272100.00, NULL, 0.00, 0.00, NULL, NULL, NULL, NULL, '0', 0.00, 17473.00, NULL, NULL, NULL, NULL, '2018-10-28 03:09:10', '2018-10-28 03:09:10', NULL),
	(151, '2004108436', '6017333797', '2011025', 124, 1, 2, 2, 12, NULL, NULL, NULL, NULL, 1443.86, 31765.00, 381180.00, 100.00, 100.00, 436.77, 436.77, 2858.85, 3811.80, 0.00, 190590.00, NULL, 0.00, 0.00, NULL, NULL, NULL, NULL, '0', 0.00, 17473.00, NULL, NULL, NULL, NULL, '2018-10-28 03:09:18', '2018-10-28 03:09:18', NULL),
	(152, '2001192143', '6010034374', '1992004', 125, 1, 2, 2, 12, NULL, NULL, NULL, NULL, 3331.77, 73299.00, 879588.00, 100.00, 100.00, 550.00, 550.00, 6596.91, 8795.88, 0.00, 439794.00, NULL, 0.00, 0.00, NULL, NULL, NULL, NULL, '0', 0.00, 17473.00, NULL, NULL, NULL, NULL, '2018-10-28 03:09:28', '2018-10-28 03:09:28', NULL),
	(153, '2004062888', '6017309204', '2010021', 126, 1, 2, 2, 12, NULL, NULL, NULL, NULL, 1204.27, 26494.00, 317928.00, 100.00, 100.00, 364.29, 364.29, 2384.46, 3179.28, 0.00, 158964.00, NULL, 0.00, 0.00, NULL, NULL, NULL, NULL, '0', 0.00, 17473.00, NULL, NULL, NULL, NULL, '2018-10-28 03:09:36', '2018-10-28 03:09:36', NULL),
	(154, '2001194272', '6007602366', '1984003', 127, 1, 2, 2, 12, NULL, NULL, NULL, NULL, 836.95, 18413.00, 220956.00, 100.00, 100.00, 253.18, 253.18, 1657.17, 2209.56, 0.00, 110478.00, NULL, 0.00, 0.00, NULL, NULL, NULL, NULL, '0', 0.00, 17473.00, NULL, NULL, NULL, NULL, '2018-10-28 03:09:46', '2018-10-28 03:09:46', NULL),
	(155, '2004074455', '6017587943', '2011010', 128, 1, 2, 2, 12, NULL, NULL, NULL, NULL, 1443.86, 31765.00, 381180.00, 100.00, 100.00, 436.77, 436.77, 2858.85, 3811.80, 0.00, 190590.00, NULL, 0.00, 0.00, NULL, NULL, NULL, NULL, '0', 0.00, 17473.00, NULL, NULL, NULL, NULL, '2018-10-28 03:09:57', '2018-10-28 03:09:57', NULL),
	(156, '2001193821', '6001116447', '2015012', 129, 1, 2, 2, 12, NULL, NULL, NULL, NULL, 850.82, 18718.00, 224616.00, 100.00, 100.00, 257.37, 257.37, 1684.62, 2246.16, 0.00, 112308.00, NULL, 0.00, 0.00, NULL, NULL, NULL, NULL, '0', 0.00, 17473.00, NULL, NULL, NULL, NULL, '2018-10-28 03:10:07', '2018-10-28 03:10:07', NULL),
	(157, '2005121554', '3326310659', '2017004', 130, 1, 2, 2, 12, NULL, NULL, NULL, NULL, 693.36, 15254.00, 183048.00, 100.00, 100.00, 209.74, 209.74, 1372.86, 1830.48, 0.00, 91524.00, NULL, 0.00, 0.00, NULL, NULL, NULL, NULL, '0', 0.00, 17473.00, NULL, NULL, NULL, NULL, '2018-10-28 03:10:16', '2018-10-28 03:10:16', NULL),
	(158, '2005366231', '3393950770', '1990002', 132, 1, 2, 2, 12, NULL, NULL, NULL, NULL, 917.23, 20179.00, 242148.00, 100.00, 100.00, 277.46, 277.46, 1816.11, 2421.48, 0.00, 121074.00, NULL, 0.00, 0.00, NULL, NULL, NULL, NULL, '0', 0.00, 17473.00, NULL, NULL, NULL, NULL, '2018-10-28 03:10:30', '2018-10-28 03:10:30', NULL),
	(159, '2001195490', '6006351906', '2018003', 131, 1, 2, 2, 12, NULL, NULL, NULL, NULL, 740.09, 16282.00, 195384.00, 100.00, 100.00, 223.88, 223.88, 1465.38, 1953.84, 0.00, 97692.00, NULL, 0.00, 0.00, NULL, NULL, NULL, NULL, '0', 0.00, 17473.00, NULL, NULL, NULL, NULL, '2018-10-28 03:10:39', '2018-10-28 03:10:39', NULL),
	(160, '2005288849', '11145187337', '2017003', 133, 1, 2, 2, 12, NULL, NULL, NULL, NULL, 917.23, 20179.00, 242148.00, 100.00, 100.00, 277.46, 277.46, 1816.11, 2421.48, 0.00, 121074.00, NULL, 0.00, 0.00, NULL, NULL, NULL, NULL, '0', 0.00, 17473.00, NULL, NULL, NULL, NULL, '2018-10-28 03:10:47', '2018-10-28 03:10:47', NULL),
	(161, '2005366213', '11171967945', '2018002', 134, 1, 2, 2, 12, NULL, NULL, NULL, NULL, 850.82, 18718.00, 224616.00, 100.00, 100.00, 257.37, 257.37, 1684.62, 2246.16, 0.00, 112308.00, NULL, 0.00, 0.00, NULL, NULL, NULL, NULL, '0', 0.00, 17473.00, NULL, NULL, NULL, NULL, '2018-10-28 03:10:56', '2018-10-28 03:10:56', NULL),
	(162, '2005319202', 'NO CRN', '2017007', 135, 1, 2, 2, 12, NULL, NULL, NULL, NULL, 651.82, 14340.00, 172080.00, 100.00, 100.00, 197.18, 197.18, 1290.60, 1720.80, 0.00, 86040.00, NULL, 0.00, 0.00, NULL, NULL, NULL, NULL, '0', 0.00, 17473.00, NULL, NULL, NULL, NULL, '2018-10-28 03:11:04', '2018-10-28 03:11:04', NULL),
	(163, '2004146090', '3380073699', '2011036', 136, 1, 2, 2, 12, NULL, NULL, NULL, NULL, 1913.59, 42099.00, 505188.00, 100.00, 100.00, 550.00, 550.00, 3788.91, 5051.88, 0.00, 252594.00, NULL, 0.00, 0.00, NULL, NULL, NULL, NULL, '0', 0.00, 17473.00, NULL, NULL, NULL, NULL, '2018-10-28 03:11:48', '2018-10-28 03:11:48', NULL),
	(165, '2004108269', '6017262598', '2011014', 137, 1, 2, 2, 12, NULL, NULL, NULL, NULL, 1913.59, 42099.00, 505188.00, 100.00, 100.00, 550.00, 550.00, 3788.91, 5051.88, 0.00, 252594.00, NULL, 0.00, 0.00, NULL, NULL, NULL, NULL, '33333', 2500.00, 8766.00, NULL, NULL, NULL, NULL, '2018-10-28 03:13:07', '2018-10-28 03:13:07', NULL),
	(166, '2001192940', '6001116531', '1985008', 138, 1, 2, 2, 12, NULL, NULL, NULL, NULL, 896.59, 19725.00, 236700.00, 100.00, 100.00, 271.22, 271.22, 1775.25, 2367.00, 0.00, 118350.00, NULL, 0.00, 0.00, NULL, NULL, NULL, NULL, '33333', 2500.00, 8766.00, NULL, NULL, NULL, NULL, '2018-10-28 03:13:16', '2018-10-28 03:13:16', NULL),
	(167, '2004202391', '3347036666', '2012007', 139, 1, 2, 2, 12, NULL, NULL, NULL, NULL, 1443.86, 31765.00, 381180.00, 100.00, 100.00, 436.77, 436.77, 2858.85, 3811.80, 0.00, 190590.00, NULL, 0.00, 0.00, NULL, NULL, NULL, NULL, '33333', 2500.00, 8766.00, NULL, NULL, NULL, NULL, '2018-10-28 03:13:27', '2018-10-28 03:13:27', NULL),
	(168, '2001192116', '6005347584', '1990005', 140, 1, 2, 2, 12, NULL, NULL, NULL, NULL, 850.82, 18718.00, 224616.00, 100.00, 100.00, 257.37, 257.37, 1684.62, 2246.16, 0.00, 112308.00, NULL, 0.00, 0.00, NULL, NULL, NULL, NULL, '33333', 2500.00, 8766.00, NULL, NULL, NULL, NULL, '2018-10-28 03:13:35', '2018-10-28 03:13:35', NULL),
	(169, '2004686617', '11113035819', '2015002', 141, 1, 2, 2, 12, NULL, NULL, NULL, NULL, 1443.86, 31765.00, 381180.00, 100.00, 100.00, 436.77, 436.77, 2858.85, 3811.80, 0.00, 190590.00, NULL, 0.00, 0.00, NULL, NULL, NULL, NULL, '33333', 2500.00, 8766.00, NULL, NULL, NULL, NULL, '2018-10-28 03:13:43', '2018-10-28 03:13:43', NULL),
	(170, '2001113720', '6004537939', '2011001', 142, 1, 2, 2, 12, NULL, NULL, NULL, NULL, 1443.86, 31765.00, 381180.00, 100.00, 100.00, 436.77, 436.77, 2858.85, 3811.80, 0.00, 190590.00, NULL, 0.00, 0.00, NULL, NULL, NULL, NULL, '33333', 2500.00, 8766.00, NULL, NULL, NULL, NULL, '2018-10-28 03:13:51', '2018-10-28 03:13:51', NULL),
	(171, '2001193989', '6001124235', '1978005', 143, 1, 2, 2, 12, NULL, NULL, NULL, NULL, 1204.27, 26494.00, 317928.00, 100.00, 100.00, 364.29, 364.29, 2384.46, 3179.28, 0.00, 158964.00, NULL, 0.00, 0.00, NULL, NULL, NULL, NULL, '33333', 2500.00, 8766.00, NULL, NULL, NULL, NULL, '2018-10-28 03:14:00', '2018-10-28 03:14:00', NULL),
	(172, '2003968704', '21111392198', '2014010', 144, 1, 2, 2, 12, NULL, NULL, NULL, NULL, 1318.64, 29010.00, 348120.00, 100.00, 100.00, 398.89, 398.89, 2610.90, 3481.20, 0.00, 174060.00, NULL, 0.00, 0.00, NULL, NULL, NULL, NULL, '33333', 2500.00, 8766.00, NULL, NULL, NULL, NULL, '2018-10-28 03:14:32', '2018-10-28 03:14:32', NULL),
	(173, '2001192481', '6001115037', '1994001', 145, 1, 2, 2, 12, NULL, NULL, NULL, NULL, 2668.95, 58717.00, 704604.00, 100.00, 100.00, 550.00, 550.00, 5284.53, 7046.04, 0.00, 352302.00, NULL, 0.00, 0.00, NULL, NULL, NULL, NULL, '33333', 2500.00, 8766.00, NULL, NULL, NULL, NULL, '2018-10-28 03:15:01', '2018-10-28 03:15:01', NULL),
	(174, '2001196436', '6008429182', '1994002', 146, 1, 2, 2, 12, NULL, NULL, NULL, NULL, 2668.95, 58717.00, 704604.00, 100.00, 100.00, 550.00, 550.00, 5284.53, 7046.04, 0.00, 352302.00, NULL, 0.00, 0.00, NULL, NULL, NULL, NULL, '33333', 2500.00, 8766.00, NULL, NULL, NULL, NULL, '2018-10-28 03:15:09', '2018-10-28 03:15:09', NULL),
	(175, '2004331291', '3380637831', '2012009', 147, 1, 2, 2, 12, NULL, NULL, NULL, NULL, 651.82, 14340.00, 172080.00, 100.00, 100.00, 197.18, 197.18, 1290.60, 1720.80, 0.00, 86040.00, NULL, 0.00, 0.00, NULL, NULL, NULL, NULL, '33333', 2500.00, 8766.00, NULL, NULL, NULL, NULL, '2018-10-28 03:15:49', '2018-10-28 03:15:49', NULL),
	(176, '2001195216', '6001121322', '1992002', 148, 1, 2, 2, 12, NULL, NULL, NULL, NULL, 1006.77, 22149.00, 265788.00, 100.00, 100.00, 304.55, 304.55, 1993.41, 2657.88, 0.00, 132894.00, NULL, 0.00, 0.00, NULL, NULL, NULL, NULL, '33333', 2500.00, 8766.00, NULL, NULL, NULL, NULL, '2018-10-28 03:15:57', '2018-10-28 03:15:57', NULL),
	(177, '2001195796', '6001120611', '2014006', 149, 1, 2, 2, 12, NULL, NULL, NULL, NULL, 3331.77, 73299.00, 879588.00, 100.00, 100.00, 550.00, 550.00, 6596.91, 8795.88, 0.00, 439794.00, NULL, 0.00, 0.00, NULL, NULL, NULL, NULL, '33333', 2500.00, 8766.00, NULL, NULL, NULL, NULL, '2018-10-28 03:16:05', '2018-10-28 03:16:05', NULL),
	(178, '2004577071', '21152073942', '2014002', 150, 1, 2, 2, 12, NULL, NULL, NULL, NULL, 1318.64, 29010.00, 348120.00, 100.00, 100.00, 398.89, 398.89, 2610.90, 3481.20, 0.00, 174060.00, NULL, 0.00, 0.00, NULL, NULL, NULL, NULL, '33333', 2500.00, 8766.00, NULL, NULL, NULL, NULL, '2018-10-28 03:16:25', '2018-10-28 03:16:25', NULL),
	(179, '2005288845', '21181979169', '2017002', 151, 1, 2, 2, 12, NULL, NULL, NULL, NULL, 541.55, 11914.00, 142968.00, 100.00, 100.00, 163.82, 163.82, 1072.26, 1429.68, 0.00, 71484.00, NULL, 0.00, 0.00, NULL, NULL, NULL, NULL, '33333', 2500.00, 8766.00, NULL, NULL, NULL, NULL, '2018-10-28 03:16:46', '2018-10-28 03:16:46', NULL),
	(180, '2004108461', '6017617507', '2011030', 152, 1, 2, 2, 12, NULL, NULL, NULL, NULL, 794.23, 17473.00, 209676.00, 100.00, 100.00, 240.25, 240.25, 1572.57, 2096.76, 0.00, 104838.00, NULL, 0.00, 0.00, NULL, NULL, NULL, NULL, '33333', 2500.00, 8766.00, NULL, NULL, NULL, NULL, '2018-10-28 03:16:57', '2018-10-28 03:16:57', NULL),
	(181, '2004108437', '6016645062', '2011026', 153, 1, 2, 2, 12, NULL, NULL, NULL, NULL, 1443.86, 31765.00, 381180.00, 100.00, 100.00, 436.77, 436.77, 2858.85, 3811.80, 0.00, 190590.00, NULL, 0.00, 0.00, NULL, NULL, NULL, NULL, '33333', 2500.00, 8766.00, NULL, NULL, NULL, NULL, '2018-10-28 03:17:23', '2018-10-28 03:17:23', NULL),
	(182, '2005136422', '21183019276', '2016011', 154, 1, 2, 2, 12, NULL, NULL, NULL, NULL, 576.09, 12674.00, 152088.00, 100.00, 100.00, 174.27, 174.27, 1140.66, 1520.88, 0.00, 76044.00, NULL, 0.00, 0.00, NULL, NULL, NULL, NULL, '33333', 2500.00, 8766.00, NULL, NULL, NULL, NULL, '2018-10-28 03:18:51', '2018-10-28 03:18:51', NULL),
	(183, '2003955524', '6018172452', '2010003', 155, 1, 2, 2, 12, NULL, NULL, NULL, NULL, 1443.86, 31765.00, 381180.00, 100.00, 100.00, 436.77, 436.77, 2858.85, 3811.80, 0.00, 190590.00, NULL, 0.00, 0.00, NULL, NULL, NULL, NULL, '33333', 2500.00, 8766.00, NULL, NULL, NULL, NULL, '2018-10-28 03:19:01', '2018-10-28 03:19:01', NULL),
	(184, '2004820951', '430281169', '2015014', 156, 1, 2, 2, 12, NULL, NULL, NULL, NULL, 1318.64, 29010.00, 348120.00, 100.00, 100.00, 398.89, 398.89, 2610.90, 3481.20, 0.00, 174060.00, NULL, 0.00, 0.00, NULL, NULL, NULL, NULL, '33333', 2500.00, 8766.00, NULL, NULL, NULL, NULL, '2018-10-28 03:19:11', '2018-10-28 03:19:11', NULL),
	(185, '2004375421', '373196023', '2013007', 157, 1, 2, 2, 12, NULL, NULL, NULL, NULL, 850.82, 18718.00, 224616.00, 100.00, 100.00, 257.37, 257.37, 1684.62, 2246.16, 0.00, 112308.00, NULL, 0.00, 0.00, NULL, NULL, NULL, NULL, '33333', 2500.00, 8766.00, NULL, NULL, NULL, NULL, '2018-10-28 03:19:21', '2018-10-28 03:19:21', NULL),
	(186, '2004768473', '21158298200', '2017005', 158, 1, 2, 2, 12, NULL, NULL, NULL, NULL, 850.82, 18718.00, 224616.00, 100.00, 100.00, 257.37, 257.37, 1684.62, 2246.16, 0.00, 112308.00, NULL, 0.00, 0.00, NULL, NULL, NULL, NULL, '33333', 2500.00, 8766.00, NULL, NULL, NULL, NULL, '2018-10-28 03:19:31', '2018-10-28 03:19:31', NULL),
	(187, '2001196205', '6008429276', '2003002', 159, 1, 2, 2, 12, NULL, NULL, NULL, NULL, 2790.77, 61397.00, 736764.00, 100.00, 100.00, 550.00, 550.00, 5525.73, 7367.64, 0.00, 368382.00, NULL, 0.00, 0.00, NULL, NULL, NULL, NULL, '33333', 2500.00, 8766.00, NULL, NULL, NULL, NULL, '2018-10-28 03:19:40', '2018-10-28 03:19:40', NULL),
	(188, '2001191992', '6001114355', '1992005', 160, 1, 2, 2, 12, NULL, NULL, NULL, NULL, 2092.27, 46030.00, 552360.00, 100.00, 100.00, 550.00, 550.00, 4142.70, 5523.60, 0.00, 276180.00, NULL, 0.00, 0.00, NULL, NULL, NULL, NULL, '33333', 2500.00, 8766.00, NULL, NULL, NULL, NULL, '2018-10-28 03:19:49', '2018-10-28 03:19:49', NULL),
	(189, '2004307492', '3406319363', '2013001', 161, 1, 2, 2, 12, NULL, NULL, NULL, NULL, 1913.59, 42099.00, 505188.00, 100.00, 100.00, 550.00, 550.00, 3788.91, 5051.88, 0.00, 252594.00, NULL, 0.00, 0.00, NULL, NULL, NULL, NULL, '33333', 2500.00, 8766.00, NULL, NULL, NULL, NULL, '2018-10-28 03:20:00', '2018-10-28 03:20:00', NULL),
	(190, '2001194349', '6008427359', '1990014', 162, 1, 2, 2, 12, NULL, NULL, NULL, NULL, 3331.77, 73299.00, 879588.00, 100.00, 100.00, 550.00, 550.00, 6596.91, 8795.88, 0.00, 439794.00, NULL, 0.00, 0.00, NULL, NULL, NULL, NULL, '33333', 2500.00, 8766.00, NULL, NULL, NULL, NULL, '2018-10-28 03:20:09', '2018-10-28 03:20:09', NULL),
	(191, '2001174616', '6005598744', '2016008', 163, 1, 2, 2, 12, NULL, NULL, NULL, NULL, 1318.64, 29010.00, 348120.00, 100.00, 100.00, 398.89, 398.89, 2610.90, 3481.20, 0.00, 174060.00, NULL, 0.00, 0.00, NULL, NULL, NULL, NULL, '33333', 2500.00, 8766.00, NULL, NULL, NULL, NULL, '2018-10-28 03:20:18', '2018-10-28 03:20:18', NULL),
	(192, '2001190500', '6001116719', '1989001', 164, 1, 2, 2, 12, NULL, NULL, NULL, NULL, 782.23, 17209.00, 206508.00, 100.00, 100.00, 236.62, 236.62, 1548.81, 2065.08, 0.00, 103254.00, NULL, 0.00, 0.00, NULL, NULL, NULL, NULL, '33333', 2500.00, 8766.00, NULL, NULL, NULL, NULL, '2018-10-28 03:20:35', '2018-10-28 03:20:35', NULL),
	(193, '2003523898', '3362323273', '2008003', 165, 1, 2, 2, 12, NULL, NULL, NULL, NULL, 1913.59, 42099.00, 505188.00, 100.00, 100.00, 550.00, 550.00, 3788.91, 5051.88, 0.00, 252594.00, NULL, 0.00, 0.00, NULL, NULL, NULL, NULL, '33333', 2500.00, 8766.00, NULL, NULL, NULL, NULL, '2018-10-28 03:20:42', '2018-10-28 03:20:42', NULL),
	(194, '2001195448', '6011638999', '1995004', 166, 1, 2, 2, 12, NULL, NULL, NULL, NULL, 889.41, 19567.00, 234804.00, 100.00, 100.00, 269.05, 269.05, 1761.03, 2348.04, 0.00, 117402.00, NULL, 0.00, 0.00, NULL, NULL, NULL, NULL, '33333', 2500.00, 8766.00, NULL, NULL, NULL, NULL, '2018-10-28 03:20:52', '2018-10-28 03:20:52', NULL),
	(195, '2004108483', '6017316040', '2010012', 167, 1, 2, 2, 12, NULL, NULL, NULL, NULL, 541.55, 11914.00, 142968.00, 100.00, 100.00, 163.82, 163.82, 1072.26, 1429.68, 0.00, 71484.00, NULL, 0.00, 0.00, NULL, NULL, NULL, NULL, '33333', 2500.00, 8766.00, NULL, NULL, NULL, NULL, '2018-10-28 03:21:07', '2018-10-28 03:21:07', NULL),
	(196, '2001195677', '6005347953', '1995006', 168, 1, 2, 2, 12, NULL, NULL, NULL, NULL, 1731.14, 38085.00, 457020.00, 100.00, 100.00, 523.67, 523.67, 3427.65, 4570.20, 0.00, 228510.00, NULL, 0.00, 0.00, NULL, NULL, NULL, NULL, '33333', 2500.00, 8766.00, NULL, NULL, NULL, NULL, '2018-10-28 03:21:17', '2018-10-28 03:21:17', NULL),
	(197, '2001190651', '6011636373', '1996001', 169, 1, 2, 2, 12, NULL, NULL, NULL, NULL, 740.09, 16282.00, 195384.00, 100.00, 100.00, 223.88, 223.88, 1465.38, 1953.84, 0.00, 97692.00, NULL, 0.00, 0.00, NULL, NULL, NULL, NULL, '33333', 2500.00, 8766.00, NULL, NULL, NULL, NULL, '2018-10-28 03:21:27', '2018-10-28 03:21:27', NULL),
	(198, '2001191293', '6004776729', '1990004', 170, 1, 2, 2, 12, NULL, NULL, NULL, NULL, 3589.05, 78959.00, 947508.00, 100.00, 100.00, 550.00, 550.00, 7106.31, 9475.08, 0.00, 473754.00, NULL, 0.00, 0.00, NULL, NULL, NULL, NULL, '33333', 2500.00, 8766.00, NULL, NULL, NULL, NULL, '2018-10-28 03:21:37', '2018-10-28 03:21:37', NULL),
	(199, '2001196013', '6001121746', '1994004', 171, 1, 2, 2, 12, NULL, NULL, NULL, NULL, 1913.59, 42099.00, 505188.00, 100.00, 100.00, 550.00, 550.00, 3788.91, 5051.88, 0.00, 252594.00, NULL, 0.00, 0.00, NULL, NULL, NULL, NULL, '33333', 2500.00, 8766.00, NULL, NULL, NULL, NULL, '2018-10-28 03:21:49', '2018-10-28 03:21:49', NULL),
	(200, '2004610181', '11115713896', '2014007', 172, 1, 2, 2, 12, NULL, NULL, NULL, NULL, 1443.86, 31765.00, 381180.00, 100.00, 100.00, 436.77, 436.77, 2858.85, 3811.80, 0.00, 190590.00, NULL, 0.00, 0.00, NULL, NULL, NULL, NULL, '33333', 2500.00, 8766.00, NULL, NULL, NULL, NULL, '2018-10-28 03:22:00', '2018-10-28 03:22:00', NULL),
	(201, '2003465421', '220902470', '2015004', 173, 1, 2, 2, 12, NULL, NULL, NULL, NULL, 1318.64, 29010.00, 348120.00, 100.00, 100.00, 398.89, 398.89, 2610.90, 3481.20, 0.00, 174060.00, NULL, 0.00, 0.00, NULL, NULL, NULL, NULL, '33333', 2500.00, 8766.00, NULL, NULL, NULL, NULL, '2018-10-28 03:22:10', '2018-10-28 03:22:10', NULL),
	(202, '2001192721', '6001116803', '1990003', 174, 1, 2, 2, 12, NULL, NULL, NULL, NULL, 4677.73, 102910.00, 1234920.00, 100.00, 100.00, 550.00, 550.00, 9261.90, 12349.20, 0.00, 617460.00, NULL, 0.00, 0.00, NULL, NULL, NULL, NULL, '33333', 2500.00, 8766.00, NULL, NULL, NULL, NULL, '2018-10-28 03:22:22', '2018-10-28 03:22:22', NULL),
	(203, '2004146088', '6017328795', '2011035', 175, 1, 2, 2, 12, NULL, NULL, NULL, NULL, 1913.59, 42099.00, 505188.00, 100.00, 100.00, 550.00, 550.00, 3788.91, 5051.88, 0.00, 252594.00, NULL, 0.00, 0.00, NULL, NULL, NULL, NULL, '33333', 2500.00, 8766.00, NULL, NULL, NULL, NULL, '2018-10-28 03:22:33', '2018-10-28 03:22:33', NULL),
	(204, '2000155326', '6000220978', '2015007', 176, 1, 2, 2, 12, NULL, NULL, NULL, NULL, 2668.95, 58717.00, 704604.00, 100.00, 100.00, 550.00, 550.00, 5284.53, 7046.04, 0.00, 352302.00, NULL, 0.00, 0.00, NULL, NULL, NULL, NULL, '33333', 2500.00, 8766.00, NULL, NULL, NULL, NULL, '2018-10-28 03:22:43', '2018-10-28 03:22:43', NULL),
	(205, '2001190037', '6010032127', '1993007', 177, 1, 2, 2, 12, NULL, NULL, NULL, NULL, 1318.64, 29010.00, 348120.00, 100.00, 100.00, 398.89, 398.89, 2610.90, 3481.20, 0.00, 174060.00, NULL, 0.00, 0.00, NULL, NULL, NULL, NULL, '33333', 2500.00, 8766.00, NULL, NULL, NULL, NULL, '2018-10-28 03:22:53', '2018-10-28 03:22:53', NULL),
	(206, '2001190928', '6001112959', '1976001', 178, 1, 2, 2, 12, NULL, NULL, NULL, NULL, 844.32, 18575.00, 222900.00, 100.00, 100.00, 255.41, 255.41, 1671.75, 2229.00, 0.00, 111450.00, NULL, 0.00, 0.00, NULL, NULL, NULL, NULL, '33333', 2500.00, 8766.00, NULL, NULL, NULL, NULL, '2018-10-28 03:23:03', '2018-10-28 03:23:03', NULL),
	(207, '2001196613', '6001119868', '1987007', 179, 1, 2, 2, 12, NULL, NULL, NULL, NULL, 989.86, 21777.00, 261324.00, 100.00, 100.00, 299.43, 299.43, 1959.93, 2613.24, 0.00, 130662.00, NULL, 0.00, 0.00, NULL, NULL, NULL, NULL, '33333', 2500.00, 8766.00, NULL, NULL, NULL, NULL, '2018-10-28 03:23:13', '2018-10-28 03:23:13', NULL),
	(208, '2004879435', '21158301838', '2016004', 180, 1, 2, 2, 12, NULL, NULL, NULL, NULL, 740.09, 16282.00, 195384.00, 100.00, 100.00, 223.88, 223.88, 1465.38, 1953.84, 0.00, 97692.00, NULL, 0.00, 0.00, NULL, NULL, NULL, NULL, '33333', 2500.00, 8766.00, NULL, NULL, NULL, NULL, '2018-10-28 03:23:22', '2018-10-28 03:23:22', NULL),
	(209, '2004175785', '6017721288', '2012002', 181, 1, 2, 2, 12, NULL, NULL, NULL, NULL, 651.82, 14340.00, 172080.00, 100.00, 100.00, 197.18, 197.18, 1290.60, 1720.80, 0.00, 86040.00, NULL, 0.00, 0.00, NULL, NULL, NULL, NULL, '33333', 2500.00, 8766.00, NULL, NULL, NULL, NULL, '2018-10-28 03:23:33', '2018-10-28 03:23:33', NULL),
	(210, '2001192692', '6010034507', '1978003', 182, 1, 2, 2, 12, NULL, NULL, NULL, NULL, 1002.50, 22055.00, 264660.00, 100.00, 100.00, 303.26, 303.26, 1984.95, 2646.60, 0.00, 132330.00, NULL, 0.00, 0.00, NULL, NULL, NULL, NULL, '33333', 2500.00, 8766.00, NULL, NULL, NULL, NULL, '2018-10-28 03:23:42', '2018-10-28 03:23:42', NULL),
	(211, '2001196371', '6005095111', '1991001', 183, 1, 2, 2, 12, NULL, NULL, NULL, NULL, 1942.27, 42730.00, 512760.00, 100.00, 100.00, 550.00, 550.00, 3845.70, 5127.60, 0.00, 256380.00, NULL, 0.00, 0.00, NULL, NULL, NULL, NULL, '33333', 2500.00, 8766.00, NULL, NULL, NULL, NULL, '2018-10-28 03:23:51', '2018-10-28 03:23:51', NULL),
	(212, '2004175786', '11101388879', '2012003', 184, 1, 2, 2, 12, NULL, NULL, NULL, NULL, 794.23, 17473.00, 209676.00, 100.00, 100.00, 240.25, 240.25, 1572.57, 2096.76, 0.00, 104838.00, NULL, 0.00, 0.00, NULL, NULL, NULL, NULL, '33333', 2500.00, 8766.00, NULL, NULL, NULL, NULL, '2018-10-28 03:24:05', '2018-10-28 03:24:05', NULL),
	(213, '2001193518', '6008428536', '1979002', 185, 1, 2, 2, 12, NULL, NULL, NULL, NULL, 1882.41, 41413.00, 496956.00, 100.00, 100.00, 569.43, 569.43, 3727.17, 4969.56, 0.00, 248478.00, NULL, 0.00, 0.00, NULL, NULL, NULL, NULL, '33333', 2500.00, 8766.00, NULL, NULL, NULL, NULL, '2018-10-28 03:24:17', '2018-10-28 03:24:17', NULL),
	(214, '2004003641', '21110737217', '2012004', 186, 1, 2, 2, 12, NULL, NULL, NULL, NULL, 1913.59, 42099.00, 505188.00, 100.00, 100.00, 550.00, 550.00, 3788.91, 5051.88, 0.00, 252594.00, NULL, 0.00, 0.00, NULL, NULL, NULL, NULL, '33333', 2500.00, 8766.00, NULL, NULL, NULL, NULL, '2018-10-28 03:24:27', '2018-10-28 03:24:27', NULL),
	(215, '2001192859', '6001117459', '1992008', 187, 1, 2, 2, 12, NULL, NULL, NULL, NULL, 760.86, 16739.00, 200868.00, 100.00, 100.00, 230.16, 230.16, 1506.51, 2008.68, 0.00, 100434.00, NULL, 0.00, 0.00, NULL, NULL, NULL, NULL, '33333', 2500.00, 8766.00, NULL, NULL, NULL, NULL, '2018-10-28 03:24:36', '2018-10-28 03:24:36', NULL),
	(216, '2001196329', '6008032087', '1994005', 188, 1, 2, 2, 12, NULL, NULL, NULL, NULL, 1318.64, 29010.00, 348120.00, 100.00, 100.00, 398.89, 398.89, 2610.90, 3481.20, 0.00, 174060.00, NULL, 0.00, 0.00, NULL, NULL, NULL, NULL, '33333', 2500.00, 8766.00, NULL, NULL, NULL, NULL, '2018-10-28 03:24:49', '2018-10-28 03:24:49', NULL),
	(217, '2001190183', '6010033197', '1993003', 189, 1, 2, 2, 12, NULL, NULL, NULL, NULL, 836.95, 18413.00, 220956.00, 100.00, 100.00, 253.18, 253.18, 1657.17, 2209.56, 0.00, 110478.00, NULL, 0.00, 0.00, NULL, NULL, NULL, NULL, '33333', 2500.00, 8766.00, NULL, NULL, NULL, NULL, '2018-10-28 03:24:58', '2018-10-28 03:24:58', NULL),
	(218, '2001194962', '6001122774', '1987011', 190, 1, 2, 2, 12, NULL, NULL, NULL, NULL, 2123.64, 46720.00, 560640.00, 100.00, 100.00, 550.00, 550.00, 4204.80, 5606.40, 0.00, 280320.00, NULL, 0.00, 0.00, NULL, NULL, NULL, NULL, '33333', 2500.00, 8766.00, NULL, NULL, NULL, NULL, '2018-10-28 03:25:08', '2018-10-28 03:25:08', NULL),
	(219, '2004820952', '21158302219', '2016001', 191, 1, 2, 2, 12, NULL, NULL, NULL, NULL, 740.09, 16282.00, 195384.00, 100.00, 100.00, 223.88, 223.88, 1465.38, 1953.84, 0.00, 97692.00, NULL, 0.00, 0.00, NULL, NULL, NULL, NULL, '33333', 2500.00, 8766.00, NULL, NULL, NULL, NULL, '2018-10-28 03:25:18', '2018-10-28 03:25:18', NULL),
	(220, '2001194897', '6001124316', '1985003', 192, 1, 2, 2, 12, NULL, NULL, NULL, NULL, 1080.14, 23763.00, 285156.00, 100.00, 100.00, 326.74, 326.74, 2138.67, 2851.56, 0.00, 142578.00, NULL, 0.00, 0.00, NULL, NULL, NULL, NULL, '33333', 2500.00, 8766.00, NULL, NULL, NULL, NULL, '2018-10-28 03:25:31', '2018-10-28 03:25:31', NULL),
	(221, '2001190156', '6011636551', '1990009', 193, 1, 2, 2, 12, NULL, NULL, NULL, NULL, 1731.14, 38085.00, 457020.00, 100.00, 100.00, 523.67, 523.67, 3427.65, 4570.20, 0.00, 228510.00, NULL, 0.00, 0.00, NULL, NULL, NULL, NULL, '33333', 2500.00, 8766.00, NULL, NULL, NULL, NULL, '2018-10-28 03:25:40', '2018-10-28 03:25:40', NULL),
	(222, '2001194965', '6007855582', '1978001', 194, 1, 2, 2, 12, NULL, NULL, NULL, NULL, 989.86, 21777.00, 261324.00, 100.00, 100.00, 299.43, 299.43, 1959.93, 2613.24, 0.00, 130662.00, NULL, 0.00, 0.00, NULL, NULL, NULL, NULL, '33333', 2500.00, 8766.00, NULL, NULL, NULL, NULL, '2018-10-28 03:25:49', '2018-10-28 03:25:49', NULL),
	(223, '2001190736', '6001116298', '1993005', 195, 1, 2, 2, 12, NULL, NULL, NULL, NULL, 1006.77, 22149.00, 265788.00, 100.00, 100.00, 304.55, 304.55, 1993.41, 2657.88, 0.00, 132894.00, NULL, 0.00, 0.00, NULL, NULL, NULL, NULL, '33333', 2500.00, 8766.00, NULL, NULL, NULL, NULL, '2018-10-28 03:25:58', '2018-10-28 03:25:58', NULL),
	(224, '2001194531', '6010034811', '1979001', 196, 1, 2, 2, 12, NULL, NULL, NULL, NULL, 836.95, 18413.00, 220956.00, 100.00, 100.00, 253.18, 253.18, 1657.17, 2209.56, 0.00, 110478.00, NULL, 0.00, 0.00, NULL, NULL, NULL, NULL, '33333', 2500.00, 8766.00, NULL, NULL, NULL, NULL, '2018-10-28 03:26:07', '2018-10-28 03:26:07', NULL),
	(225, '2004062848', '3311601483', '2010013', 197, 1, 2, 2, 12, NULL, NULL, NULL, NULL, 576.09, 12674.00, 152088.00, 100.00, 100.00, 174.27, 174.27, 1140.66, 1520.88, 0.00, 76044.00, NULL, 0.00, 0.00, NULL, NULL, NULL, NULL, '33333', 2500.00, 8766.00, NULL, NULL, NULL, NULL, '2018-10-28 03:26:17', '2018-10-28 03:26:17', NULL),
	(226, '2005136398', '3305188132', '2016012', 198, 1, 2, 2, 12, NULL, NULL, NULL, NULL, 541.55, 11914.00, 142968.00, 100.00, 100.00, 163.82, 163.82, 1072.26, 1429.68, 0.00, 71484.00, NULL, 0.00, 0.00, NULL, NULL, NULL, NULL, '33333', 2500.00, 8766.00, NULL, NULL, NULL, NULL, '2018-10-28 03:26:27', '2018-10-28 03:26:27', NULL),
	(227, '2001197052', '6001118607', '1978009', 199, 1, 2, 2, 12, NULL, NULL, NULL, NULL, 1416.82, 31170.00, 374040.00, 100.00, 100.00, 428.59, 428.59, 2805.30, 3740.40, 0.00, 187020.00, NULL, 0.00, 0.00, NULL, NULL, NULL, NULL, '33333', 2500.00, 8766.00, NULL, NULL, NULL, NULL, '2018-10-28 03:26:39', '2018-10-28 03:26:39', NULL),
	(228, '2004533236', '11125522378', '2014004', 200, 1, 2, 2, 12, NULL, NULL, NULL, NULL, 917.23, 20179.00, 242148.00, 100.00, 100.00, 277.46, 277.46, 1816.11, 2421.48, 0.00, 121074.00, NULL, 0.00, 0.00, NULL, NULL, NULL, NULL, '33333', 2500.00, 8766.00, NULL, NULL, NULL, NULL, '2018-10-28 03:26:50', '2018-10-28 03:26:50', NULL),
	(229, '2005366219', '3372813760', '2018001', 201, 1, 2, 2, 12, NULL, NULL, NULL, NULL, 651.82, 14340.00, 172080.00, 100.00, 100.00, 197.18, 197.18, 1290.60, 1720.80, 0.00, 86040.00, NULL, 0.00, 0.00, NULL, NULL, NULL, NULL, '33333', 2500.00, 8766.00, NULL, NULL, NULL, NULL, '2018-10-28 03:27:03', '2018-10-28 03:27:03', NULL),
	(230, '2001190563', '6001115309', '1987005', 202, 1, 2, 2, 12, NULL, NULL, NULL, NULL, 1006.77, 22149.00, 265788.00, 100.00, 100.00, 304.55, 304.55, 1993.41, 2657.88, 0.00, 132894.00, NULL, 0.00, 0.00, NULL, NULL, NULL, NULL, '33333', 2500.00, 8766.00, NULL, NULL, NULL, NULL, '2018-10-28 03:27:13', '2018-10-28 03:27:13', NULL),
	(231, '2001194530', '6008428471', '1987014', 203, 1, 2, 2, 12, NULL, NULL, NULL, NULL, 3331.77, 73299.00, 879588.00, 100.00, 100.00, 550.00, 550.00, 6596.91, 8795.88, 0.00, 439794.00, NULL, 0.00, 0.00, NULL, NULL, NULL, NULL, '33333', 2500.00, 8766.00, NULL, NULL, NULL, NULL, '2018-10-28 03:27:24', '2018-10-28 03:27:24', NULL),
	(232, '2004074452', '6017587936', '2011006', 204, 1, 2, 2, 12, NULL, NULL, NULL, NULL, 651.82, 14340.00, 172080.00, 100.00, 100.00, 197.18, 197.18, 1290.60, 1720.80, 0.00, 86040.00, NULL, 0.00, 0.00, NULL, NULL, NULL, NULL, '33333', 2500.00, 8766.00, NULL, NULL, NULL, NULL, '2018-10-28 03:27:34', '2018-10-28 03:27:34', NULL),
	(233, '2004823940', '21158301692', '2015013', 205, 1, 2, 2, 12, NULL, NULL, NULL, NULL, 693.36, 15254.00, 183048.00, 100.00, 100.00, 209.74, 209.74, 1372.86, 1830.48, 0.00, 91524.00, NULL, 0.00, 0.00, NULL, NULL, NULL, NULL, '33333', 2500.00, 8766.00, NULL, NULL, NULL, NULL, '2018-10-28 03:27:46', '2018-10-28 03:27:46', NULL),
	(234, '2001192217', '6011638135', '1984002', 206, 1, 2, 2, 12, NULL, NULL, NULL, NULL, 896.59, 19725.00, 236700.00, 100.00, 100.00, 271.22, 271.22, 1775.25, 2367.00, 0.00, 118350.00, NULL, 0.00, 0.00, NULL, NULL, NULL, NULL, '33333', 2500.00, 8766.00, NULL, NULL, NULL, NULL, '2018-10-28 03:27:56', '2018-10-28 03:27:56', NULL),
	(235, '2001190442', '6011636687', '1995003', 207, 1, 2, 2, 12, NULL, NULL, NULL, NULL, 850.82, 18718.00, 224616.00, 100.00, 100.00, 257.37, 257.37, 1684.62, 2246.16, 0.00, 112308.00, NULL, 0.00, 0.00, NULL, NULL, NULL, NULL, '0', 0.00, 18718.00, NULL, NULL, NULL, NULL, '2018-10-28 03:28:06', '2018-10-28 03:28:06', NULL),
	(236, '2005366220', '3370759648', '2018004', 208, 1, 2, 2, 12, NULL, NULL, NULL, NULL, 651.82, 14340.00, 172080.00, 100.00, 100.00, 197.18, 197.18, 1290.60, 1720.80, 0.00, 86040.00, NULL, 0.00, 0.00, NULL, NULL, NULL, NULL, '0', 0.00, 18718.00, NULL, NULL, NULL, NULL, '2018-10-28 03:28:16', '2018-10-28 03:28:16', NULL),
	(237, '2004108470', '6017310666', '2011016', 209, 1, 2, 2, 12, NULL, NULL, NULL, NULL, 1443.86, 31765.00, 381180.00, 100.00, 100.00, 436.77, 436.77, 2858.85, 3811.80, 0.00, 190590.00, NULL, 0.00, 0.00, NULL, NULL, NULL, NULL, '0', 0.00, 18718.00, NULL, NULL, NULL, NULL, '2018-10-28 03:28:25', '2018-10-28 03:28:25', NULL),
	(238, '2004096363', '6017262419', '2011022', 210, 1, 2, 2, 12, NULL, NULL, NULL, NULL, 1443.86, 31765.00, 381180.00, 100.00, 100.00, 436.77, 436.77, 2858.85, 3811.80, 0.00, 190590.00, NULL, 0.00, 0.00, NULL, NULL, NULL, NULL, '0', 0.00, 18718.00, NULL, NULL, NULL, NULL, '2018-10-28 03:28:37', '2018-10-28 03:28:37', NULL),
	(239, '2004074459', '3328034195', '2011007', 211, 1, 2, 2, 12, NULL, NULL, NULL, NULL, 2982.00, 65604.00, 787248.00, 100.00, 100.00, 550.00, 550.00, 5904.36, 7872.48, 0.00, 393624.00, NULL, 0.00, 0.00, NULL, NULL, NULL, NULL, '0', 0.00, 18718.00, NULL, NULL, NULL, NULL, '2018-10-28 03:28:46', '2018-10-28 03:28:46', NULL),
	(240, '2001196676', '6011638805', '1989007', 212, 1, 2, 2, 12, NULL, NULL, NULL, NULL, 1204.27, 26494.00, 317928.00, 100.00, 100.00, 364.29, 364.29, 2384.46, 3179.28, 0.00, 158964.00, NULL, 0.00, 0.00, NULL, NULL, NULL, NULL, '0', 0.00, 18718.00, NULL, NULL, NULL, NULL, '2018-10-28 03:28:55', '2018-10-28 03:28:55', NULL),
	(241, '2004074420', '6017302740', '2011004', 213, 1, 2, 2, 12, NULL, NULL, NULL, NULL, 917.23, 20179.00, 242148.00, 100.00, 100.00, 277.46, 277.46, 1816.11, 2421.48, 0.00, 121074.00, NULL, 0.00, 0.00, NULL, NULL, NULL, NULL, '0', 0.00, 18718.00, NULL, NULL, NULL, NULL, '2018-10-28 03:29:07', '2018-10-28 03:29:07', NULL),
	(242, '2001196992', '6007352027', '1987008', 214, 1, 2, 2, 12, NULL, NULL, NULL, NULL, 989.86, 21777.00, 261324.00, 100.00, 100.00, 299.43, 299.43, 1959.93, 2613.24, 0.00, 130662.00, NULL, 0.00, 0.00, NULL, NULL, NULL, NULL, '0', 0.00, 18718.00, NULL, NULL, NULL, NULL, '2018-10-28 03:29:17', '2018-10-28 03:29:17', NULL),
	(243, '2004074419', '21112981391', '2011005', 215, 1, 2, 2, 12, NULL, NULL, NULL, NULL, 917.23, 20179.00, 242148.00, 100.00, 100.00, 277.46, 277.46, 1816.11, 2421.48, 0.00, 121074.00, NULL, 0.00, 0.00, NULL, NULL, NULL, NULL, '0', 0.00, 18718.00, NULL, NULL, NULL, NULL, '2018-10-28 03:29:26', '2018-10-28 03:29:26', NULL);
/*!40000 ALTER TABLE `pms_payroll_information` ENABLE KEYS */;

-- Dumping structure for table mirdc.pms_philhealthpolicy
DROP TABLE IF EXISTS `pms_philhealthpolicy`;
CREATE TABLE IF NOT EXISTS `pms_philhealthpolicy` (
  `id` int(11) NOT NULL AUTO_INCREMENT,
  `policy_name` varchar(225) DEFAULT NULL,
  `pay_period` varchar(225) DEFAULT NULL,
  `deduction_period` varchar(225) DEFAULT NULL,
  `policy_type` varchar(225) DEFAULT NULL,
  `based_on` varchar(225) DEFAULT NULL,
  `below` decimal(9,4) DEFAULT NULL,
  `above` decimal(9,2) DEFAULT NULL,
  `remarks` varchar(225) DEFAULT NULL,
  `created_at` timestamp NULL DEFAULT NULL,
  `updated_at` timestamp NULL DEFAULT NULL,
  `updated_by` int(11) DEFAULT NULL,
  PRIMARY KEY (`id`)
) ENGINE=InnoDB AUTO_INCREMENT=3 DEFAULT CHARSET=latin1;

-- Dumping data for table mirdc.pms_philhealthpolicy: ~1 rows (approximately)
/*!40000 ALTER TABLE `pms_philhealthpolicy` DISABLE KEYS */;
INSERT INTO `pms_philhealthpolicy` (`id`, `policy_name`, `pay_period`, `deduction_period`, `policy_type`, `based_on`, `below`, `above`, `remarks`, `created_at`, `updated_at`, `updated_by`) VALUES
	(2, 'STANDARD POLICY', 'Monthly', 'Both', 'System Generated', 'Monthly Salary', 0.0275, 1100.00, NULL, '2018-06-14 05:47:40', '2018-06-21 03:12:52', NULL);
/*!40000 ALTER TABLE `pms_philhealthpolicy` ENABLE KEYS */;

-- Dumping structure for table mirdc.pms_positionitem_setup
DROP TABLE IF EXISTS `pms_positionitem_setup`;
CREATE TABLE IF NOT EXISTS `pms_positionitem_setup` (
  `id` int(11) NOT NULL AUTO_INCREMENT,
  `employee_id` int(11) DEFAULT NULL,
  `employee_number` varchar(225) DEFAULT NULL,
  `positionitem_id` int(11) DEFAULT NULL,
  `position_id` int(11) DEFAULT NULL,
  `salarygrade_id` int(11) DEFAULT NULL,
  `jobgrade_id` int(11) DEFAULT NULL,
  `step_inc` varchar(225) DEFAULT NULL,
  `amount` decimal(9,2) DEFAULT NULL,
  `created_at` timestamp NULL DEFAULT NULL,
  `updated_at` timestamp NULL DEFAULT NULL,
  `updated_by` int(11) DEFAULT NULL,
  PRIMARY KEY (`id`)
) ENGINE=InnoDB DEFAULT CHARSET=latin1;

-- Dumping data for table mirdc.pms_positionitem_setup: ~0 rows (approximately)
/*!40000 ALTER TABLE `pms_positionitem_setup` DISABLE KEYS */;
/*!40000 ALTER TABLE `pms_positionitem_setup` ENABLE KEYS */;

-- Dumping structure for table mirdc.pms_positions
DROP TABLE IF EXISTS `pms_positions`;
CREATE TABLE IF NOT EXISTS `pms_positions` (
  `id` int(11) NOT NULL AUTO_INCREMENT,
  `code` varchar(50) DEFAULT NULL,
  `name` varchar(225) DEFAULT NULL,
  `created_at` timestamp NULL DEFAULT NULL,
  `updated_at` timestamp NULL DEFAULT NULL,
  `created_by` int(11) DEFAULT NULL,
  `updated_by` int(11) DEFAULT NULL,
  PRIMARY KEY (`id`)
) ENGINE=InnoDB AUTO_INCREMENT=75 DEFAULT CHARSET=latin1;

-- Dumping data for table mirdc.pms_positions: ~74 rows (approximately)
/*!40000 ALTER TABLE `pms_positions` DISABLE KEYS */;
INSERT INTO `pms_positions` (`id`, `code`, `name`, `created_at`, `updated_at`, `created_by`, `updated_by`) VALUES
	(1, NULL, 'Accountant IV', NULL, NULL, NULL, NULL),
	(2, NULL, 'Admin Aide IV', NULL, NULL, NULL, NULL),
	(3, NULL, 'Administrative Aide III', NULL, NULL, NULL, NULL),
	(4, NULL, 'Administrative Aide IV', NULL, NULL, NULL, NULL),
	(5, NULL, 'Administrative Aide VI', NULL, NULL, NULL, NULL),
	(6, NULL, 'Administrative Assistant I', NULL, NULL, NULL, NULL),
	(7, NULL, 'Administrative Assistant II', NULL, NULL, NULL, NULL),
	(8, NULL, 'Administrative Assistant III', NULL, NULL, NULL, NULL),
	(9, NULL, 'Administrative Assistant IV', NULL, NULL, NULL, NULL),
	(10, NULL, 'Administrative Assistant V', NULL, NULL, NULL, NULL),
	(11, NULL, 'Administrative Officer I', NULL, NULL, NULL, NULL),
	(12, NULL, 'Administrative Officer II', NULL, NULL, NULL, NULL),
	(13, NULL, 'Administrative Officer III', NULL, NULL, NULL, NULL),
	(14, NULL, 'Administrative Officer IV', NULL, NULL, NULL, NULL),
	(15, NULL, 'Administrative Officer V', NULL, NULL, NULL, NULL),
	(16, NULL, 'Administrative Officer VI', NULL, NULL, NULL, NULL),
	(17, NULL, 'Attorney IV', NULL, NULL, NULL, NULL),
	(18, NULL, 'Chief AO', NULL, NULL, NULL, NULL),
	(19, NULL, 'Chief Science Research Specialist', NULL, NULL, NULL, NULL),
	(20, NULL, 'Clerk II', NULL, NULL, NULL, NULL),
	(21, NULL, 'Clerk III', NULL, NULL, NULL, NULL),
	(22, NULL, 'Clerk IV', NULL, NULL, NULL, NULL),
	(23, NULL, 'Computer Operator I', NULL, NULL, NULL, NULL),
	(24, NULL, 'Computer Operator II', NULL, NULL, NULL, NULL),
	(25, NULL, 'Computer Programmer III', NULL, NULL, NULL, NULL),
	(26, NULL, 'Data Controller II', NULL, NULL, NULL, NULL),
	(27, NULL, 'Deputy Executive Director III', NULL, NULL, NULL, NULL),
	(28, NULL, 'Draftsman II', NULL, NULL, NULL, NULL),
	(29, NULL, 'Draftsman IV', NULL, NULL, NULL, NULL),
	(30, NULL, 'Driver I', NULL, NULL, NULL, NULL),
	(31, NULL, 'Electronics & Communications Equipment', NULL, NULL, NULL, NULL),
	(32, NULL, 'Eletrical Inspector II', NULL, NULL, NULL, NULL),
	(33, NULL, 'Engineer I', NULL, NULL, NULL, NULL),
	(34, NULL, 'Engineer III', NULL, NULL, NULL, NULL),
	(35, NULL, 'Executive Director', NULL, NULL, NULL, NULL),
	(36, NULL, 'Information System Analyst I', NULL, NULL, NULL, NULL),
	(37, NULL, 'Information System Analyst III', NULL, NULL, NULL, NULL),
	(38, NULL, 'Information Systems Researcher II', NULL, NULL, NULL, NULL),
	(39, NULL, 'Labor Foreman', NULL, NULL, NULL, NULL),
	(40, NULL, 'Labor General Foreman', NULL, NULL, NULL, NULL),
	(41, NULL, 'Laboratory Inspector I', NULL, NULL, NULL, NULL),
	(42, NULL, 'Laboratory Inspector II', NULL, NULL, NULL, NULL),
	(43, NULL, 'Laboratory Inspector III', NULL, NULL, NULL, NULL),
	(44, NULL, 'Laboratory Technician I', NULL, NULL, NULL, NULL),
	(45, NULL, 'Laborer II', NULL, NULL, NULL, NULL),
	(46, NULL, 'Metals Technologist I', NULL, NULL, NULL, NULL),
	(47, NULL, 'Metals Technologist II', NULL, NULL, NULL, NULL),
	(48, NULL, 'Metals Technologist III', NULL, NULL, NULL, NULL),
	(49, NULL, 'Metals Technologist IV', NULL, NULL, NULL, NULL),
	(50, NULL, 'Metals Technologist IV', NULL, NULL, NULL, NULL),
	(51, NULL, 'Metals Technologist V', NULL, NULL, NULL, NULL),
	(52, NULL, 'Planning Officer I', NULL, NULL, NULL, NULL),
	(53, NULL, 'Planning Officer II', NULL, NULL, NULL, NULL),
	(54, NULL, 'Planning Officer III', NULL, NULL, NULL, NULL),
	(55, NULL, 'Planning Officer IV', NULL, NULL, NULL, NULL),
	(56, NULL, 'Planning Officer V', NULL, NULL, NULL, NULL),
	(57, NULL, 'Production Planning & Control Officer I', NULL, NULL, NULL, NULL),
	(58, NULL, 'Project Assistant II', NULL, NULL, NULL, NULL),
	(59, NULL, 'Project Evaluation Officer I', NULL, NULL, NULL, NULL),
	(60, NULL, 'Project Officer I', NULL, NULL, NULL, NULL),
	(61, NULL, 'Science Research Assistant', NULL, NULL, NULL, NULL),
	(62, NULL, 'Science Research Specialist I', NULL, NULL, NULL, NULL),
	(63, NULL, 'Science Research Specialist II', NULL, NULL, NULL, NULL),
	(64, NULL, 'Senior Administrative Assistant I', NULL, NULL, NULL, NULL),
	(65, NULL, 'Senior Administrative Assistant II', NULL, NULL, NULL, NULL),
	(66, NULL, 'Senior Science Research Specialist', NULL, NULL, NULL, NULL),
	(67, NULL, 'Senior SRS', NULL, NULL, NULL, NULL),
	(68, NULL, 'SRS I', NULL, NULL, NULL, NULL),
	(69, NULL, 'Supervising Administrative Officer', NULL, NULL, NULL, NULL),
	(70, NULL, 'Supervising Science Research Specialist', NULL, NULL, NULL, NULL),
	(71, NULL, 'Training Specialist I', NULL, NULL, NULL, NULL),
	(72, NULL, 'Training Specialist II', NULL, NULL, NULL, NULL),
	(73, NULL, 'Training Specialist III', NULL, NULL, NULL, NULL),
	(74, NULL, 'Training Specialist IV', NULL, NULL, NULL, NULL);
/*!40000 ALTER TABLE `pms_positions` ENABLE KEYS */;

-- Dumping structure for table mirdc.pms_position_items
DROP TABLE IF EXISTS `pms_position_items`;
CREATE TABLE IF NOT EXISTS `pms_position_items` (
  `id` int(11) NOT NULL AUTO_INCREMENT,
  `code` varchar(50) DEFAULT NULL,
  `name` varchar(300) DEFAULT NULL,
  `position_id` int(11) DEFAULT NULL,
  `position_level_id` int(11) DEFAULT NULL,
  `position_classification_id` int(11) DEFAULT NULL,
  `created_at` timestamp NULL DEFAULT NULL,
  `updated_at` timestamp NULL DEFAULT NULL,
  `created_by` int(11) DEFAULT NULL,
  `updated_by` int(11) DEFAULT NULL,
  PRIMARY KEY (`id`)
) ENGINE=InnoDB AUTO_INCREMENT=150 DEFAULT CHARSET=latin1;

-- Dumping data for table mirdc.pms_position_items: ~149 rows (approximately)
/*!40000 ALTER TABLE `pms_position_items` DISABLE KEYS */;
INSERT INTO `pms_position_items` (`id`, `code`, `name`, `position_id`, `position_level_id`, `position_classification_id`, `created_at`, `updated_at`, `created_by`, `updated_by`) VALUES
	(1, 'PHCC-COCH-1-2016', 'PHCC-COCH-1-2016', NULL, NULL, NULL, NULL, NULL, NULL, NULL),
	(2, 'PHCC-COM-1-2016', 'PHCC-COM-1-2016', NULL, NULL, NULL, NULL, NULL, NULL, NULL),
	(3, 'PHCC-COM-2-2016', 'PHCC-COM-2-2016', NULL, NULL, NULL, NULL, NULL, NULL, NULL),
	(4, 'PHCC-COM-3-2016', 'PHCC-COM-3-2016', NULL, NULL, NULL, NULL, NULL, NULL, NULL),
	(5, 'PHCC-DRV2-2-2016', 'PHCC-DRV2-2-2016', NULL, NULL, NULL, NULL, NULL, NULL, NULL),
	(6, 'PHCC-EXA4-1-2016', 'PHCC-EXA4-1-2016', NULL, NULL, NULL, NULL, NULL, NULL, NULL),
	(7, 'PHCC-TRNSP4-1-2016', 'PHCC-TRNSP4-1-2016', NULL, NULL, NULL, NULL, NULL, NULL, NULL),
	(8, 'PHCC-CFER1-1-2016', 'PHCC-CFER1-1-2016', NULL, NULL, NULL, NULL, NULL, NULL, NULL),
	(9, 'PHCC-DIR4-1-2016', 'PHCC-DIR4-1-2016', NULL, NULL, NULL, NULL, NULL, NULL, NULL),
	(10, 'PHCC-HEA-1-2016', 'PHCC-HEA-1-2016', NULL, NULL, NULL, NULL, NULL, NULL, NULL),
	(11, 'PHCC-DIR4-5-2016', 'PHCC-DIR4-5-2016', NULL, NULL, NULL, NULL, NULL, NULL, NULL),
	(12, 'PHCC-DIR4-2-2016', 'PHCC-DIR4-2-2016', NULL, NULL, NULL, NULL, NULL, NULL, NULL),
	(13, 'PHCC-EXA4-3-2016', 'PHCC-EXA4-3-2016', NULL, NULL, NULL, NULL, NULL, NULL, NULL),
	(14, 'PHCC-PSEC2-3-2016', 'PHCC-PSEC2-3-2016', NULL, NULL, NULL, NULL, NULL, NULL, NULL),
	(15, 'PHCC-DIR3-1-2016', 'PHCC-DIR3-1-2016', NULL, NULL, NULL, NULL, NULL, NULL, NULL),
	(16, 'PHCC-DIR4-4-2016', 'PHCC-DIR4-4-2016', NULL, NULL, NULL, NULL, NULL, NULL, NULL),
	(17, 'PHCC-EXA3-1-2016', 'PHCC-EXA3-1-2016', NULL, NULL, NULL, NULL, NULL, NULL, NULL),
	(18, 'PHCC-CMPRO5-1-2016', 'PHCC-CMPRO5-1-2016', NULL, NULL, NULL, NULL, NULL, NULL, NULL),
	(19, 'PHCC-PSEC2-1-2016', 'PHCC-PSEC2-1-2016', NULL, NULL, NULL, NULL, NULL, NULL, NULL),
	(20, 'PHCC-ATY3-4-2016', 'PHCC-ATY3-4-2016', NULL, NULL, NULL, NULL, NULL, NULL, NULL),
	(21, 'PHCC-DRV2-9-2016', 'PHCC-DRV2-9-2016', NULL, NULL, NULL, NULL, NULL, NULL, NULL),
	(22, 'PHCC-CADOF-1-2016', 'PHCC-CADOF-1-2016', NULL, NULL, NULL, NULL, NULL, NULL, NULL),
	(23, 'PHCC-RO3-1-2016', 'PHCC-RO3-1-2016', NULL, NULL, NULL, NULL, NULL, NULL, NULL),
	(24, 'PHCC-ATY2-9-2016', 'PHCC-ATY2-9-2016', NULL, NULL, NULL, NULL, NULL, NULL, NULL),
	(25, 'PHCC-INVA3-1-2016', 'PHCC-INVA3-1-2016', NULL, NULL, NULL, NULL, NULL, NULL, NULL),
	(26, 'PHCC-LEA2-9-2016', 'PHCC-LEA2-9-2016', NULL, NULL, NULL, NULL, NULL, NULL, NULL),
	(27, 'PHCC-ADO3-2-2016', 'PHCC-ADO3-2-2016', NULL, NULL, NULL, NULL, NULL, NULL, NULL),
	(28, 'PHCC-ATY3-7-2016', 'PHCC-ATY3-7-2016', NULL, NULL, NULL, NULL, NULL, NULL, NULL),
	(29, 'PHCC-INVA3-2-2016', 'PHCC-INVA3-2-2016', NULL, NULL, NULL, NULL, NULL, NULL, NULL),
	(30, 'PHCC-EXA3-3-2016', 'PHCC-EXA3-3-2016', NULL, NULL, NULL, NULL, NULL, NULL, NULL),
	(31, 'PHCC-PLO3-1-2016', 'PHCC-PLO3-1-2016', NULL, NULL, NULL, NULL, NULL, NULL, NULL),
	(32, 'PHCC-INFO4-1-2016', 'PHCC-INFO4-1-2016', NULL, NULL, NULL, NULL, NULL, NULL, NULL),
	(33, 'PHCC-CMPRO4-1-2016', 'PHCC-CMPRO4-1-2016', NULL, NULL, NULL, NULL, NULL, NULL, NULL),
	(34, 'PHCC-CADOF-2-2016', 'PHCC-CADOF-2-2016', NULL, NULL, NULL, NULL, NULL, NULL, NULL),
	(35, 'PHCC-CMPRO3-5-2016', 'PHCC-CMPRO3-5-2016', NULL, NULL, NULL, NULL, NULL, NULL, NULL),
	(36, 'PHCC-DIR4-3-2016', 'PHCC-DIR4-3-2016', NULL, NULL, NULL, NULL, NULL, NULL, NULL),
	(37, 'PHCC-LEA2-5-2016', 'PHCC-LEA2-5-2016', NULL, NULL, NULL, NULL, NULL, NULL, NULL),
	(38, 'PHCC-ATY4-4-2016', 'PHCC-ATY4-4-2016', NULL, NULL, NULL, NULL, NULL, NULL, NULL),
	(39, 'PHCC-TRNSP3-2-2016', 'PHCC-TRNSP3-2-2016', NULL, NULL, NULL, NULL, NULL, NULL, NULL),
	(40, 'PHCC-INFO5-1-2016', 'PHCC-INFO5-1-2016', NULL, NULL, NULL, NULL, NULL, NULL, NULL),
	(41, 'PHCC-ATY3-9-2016', 'PHCC-ATY3-9-2016', NULL, NULL, NULL, NULL, NULL, NULL, NULL),
	(42, 'PHCC-SADOF-3-2016', 'PHCC-SADOF-3-2016', NULL, NULL, NULL, NULL, NULL, NULL, NULL),
	(43, 'PHCC-ATY4-1-2016', 'PHCC-ATY4-1-2016', NULL, NULL, NULL, NULL, NULL, NULL, NULL),
	(44, 'PHCC-INFO3-2-2016', 'PHCC-INFO3-2-2016', NULL, NULL, NULL, NULL, NULL, NULL, NULL),
	(45, 'PHCC-DRV2-10-2016', 'PHCC-DRV2-10-2016', NULL, NULL, NULL, NULL, NULL, NULL, NULL),
	(46, 'PHCC-ATY5-4-2016', 'PHCC-ATY5-4-2016', NULL, NULL, NULL, NULL, NULL, NULL, NULL),
	(47, 'PHCC-DRV2-7-2016', 'PHCC-DRV2-7-2016', NULL, NULL, NULL, NULL, NULL, NULL, NULL),
	(48, 'PHCC-INVA5-1-2016', 'PHCC-INVA5-1-2016', NULL, NULL, NULL, NULL, NULL, NULL, NULL),
	(49, 'PHCC-HRMO3-1-2016', 'PHCC-HRMO3-1-2016', NULL, NULL, NULL, NULL, NULL, NULL, NULL),
	(50, 'PHCC-INFO2-2-2016', 'PHCC-INFO2-2-2016', NULL, NULL, NULL, NULL, NULL, NULL, NULL),
	(51, 'PHCC-HRMO2-1-2016', 'PHCC-HRMO2-1-2016', NULL, NULL, NULL, NULL, NULL, NULL, NULL),
	(52, 'PHCC-DRV2-8-2016', 'PHCC-DRV2-8-2016', NULL, NULL, NULL, NULL, NULL, NULL, NULL),
	(53, 'PHCC-ATY5-1-2016', 'PHCC-ATY5-1-2016', NULL, NULL, NULL, NULL, NULL, NULL, NULL),
	(54, 'PHCC-CMPRO3-3-2016', 'PHCC-CMPRO3-3-2016', NULL, NULL, NULL, NULL, NULL, NULL, NULL),
	(55, 'PHCC-INFO1-1-2016', 'PHCC-INFO1-1-2016', NULL, NULL, NULL, NULL, NULL, NULL, NULL),
	(56, 'PHCC-ECO2-1-2016', 'PHCC-ECO2-1-2016', NULL, NULL, NULL, NULL, NULL, NULL, NULL),
	(57, 'PHCC-ATY5-3-2016', 'PHCC-ATY5-3-2016', NULL, NULL, NULL, NULL, NULL, NULL, NULL),
	(58, 'PHCC-ECO3-1-2016', 'PHCC-ECO3-1-2016', NULL, NULL, NULL, NULL, NULL, NULL, NULL),
	(59, 'PHCC-ATY4-3-2016', 'PHCC-ATY4-3-2016', NULL, NULL, NULL, NULL, NULL, NULL, NULL),
	(60, 'PHCC-SEC2-9-2016', 'PHCC-SEC2-9-2016', NULL, NULL, NULL, NULL, NULL, NULL, NULL),
	(61, 'PHCC-TRNSP2-2-2016', 'PHCC-TRNSP2-2-2016', NULL, NULL, NULL, NULL, NULL, NULL, NULL),
	(62, 'PHCC-SADOF-2-2016', 'PHCC-SADOF-2-2016', NULL, NULL, NULL, NULL, NULL, NULL, NULL),
	(63, 'PHCC-HRMO2-2-2016', 'PHCC-HRMO2-2-2016', NULL, NULL, NULL, NULL, NULL, NULL, NULL),
	(64, 'PHCC-A2-2-2016', 'PHCC-A2-2-2016', NULL, NULL, NULL, NULL, NULL, NULL, NULL),
	(65, 'PHCC-INFO3-1-2016', 'PHCC-INFO3-1-2016', NULL, NULL, NULL, NULL, NULL, NULL, NULL),
	(66, 'PHCC-TRNSP2-1-2016', 'PHCC-TRNSP2-1-2016', NULL, NULL, NULL, NULL, NULL, NULL, NULL),
	(67, 'PHCC-PSEC2-2-2016', 'PHCC-PSEC2-2-2016', NULL, NULL, NULL, NULL, NULL, NULL, NULL),
	(68, 'PHCC-A3-1-2016', 'PHCC-A3-1-2016', NULL, NULL, NULL, NULL, NULL, NULL, NULL),
	(69, 'PHCC-BUDO3-2-2016', 'PHCC-BUDO3-2-2016', NULL, NULL, NULL, NULL, NULL, NULL, NULL),
	(70, 'PHCC-CASH3-1-2016', 'PHCC-CASH3-1-2016', NULL, NULL, NULL, NULL, NULL, NULL, NULL),
	(71, 'PHCC-ATY5-2-2016', 'PHCC-ATY5-2-2016', NULL, NULL, NULL, NULL, NULL, NULL, NULL),
	(72, 'PHCC-CMPRO1-1-2016', 'PHCC-CMPRO1-1-2016', NULL, NULL, NULL, NULL, NULL, NULL, NULL),
	(73, 'PHCC-INVA2-2-2016', 'PHCC-INVA2-2-2016', NULL, NULL, NULL, NULL, NULL, NULL, NULL),
	(74, 'PHCC-SU01-1-2016', 'PHCC-SU01-1-2016', NULL, NULL, NULL, NULL, NULL, NULL, NULL),
	(75, 'PHCC-SEC2-5-2016', 'PHCC-SEC2-5-2016', NULL, NULL, NULL, NULL, NULL, NULL, NULL),
	(76, 'PHCC-CASH2-1-2016', 'PHCC-CASH2-1-2016', NULL, NULL, NULL, NULL, NULL, NULL, NULL),
	(77, 'PHCC-INVA2-1-2016', 'PHCC-INVA2-1-2016', NULL, NULL, NULL, NULL, NULL, NULL, NULL),
	(78, 'PHCC-ADO2-1-2016', 'PHCC-ADO2-1-2016', NULL, NULL, NULL, NULL, NULL, NULL, NULL),
	(79, 'PHCC-HRMO3-2-2016', 'PHCC-HRMO3-2-2016', NULL, NULL, NULL, NULL, NULL, NULL, NULL),
	(80, 'PHCC-ATY3-10-2016', 'PHCC-ATY3-10-2016', NULL, NULL, NULL, NULL, NULL, NULL, NULL),
	(81, 'PHCC-ECO3-2-2016', 'PHCC-ECO3-2-2016', NULL, NULL, NULL, NULL, NULL, NULL, NULL),
	(82, 'PHCC-A2-1-2016', 'PHCC-A2-1-2016', 35, NULL, NULL, NULL, '2018-07-25 09:34:03', NULL, 2),
	(83, 'PHCC-ITO1-1-2016', 'PHCC-ITO1-1-2016', NULL, NULL, NULL, NULL, NULL, NULL, NULL),
	(84, 'PHCC-COM-4-2016', 'PHCC-COM-4-2016', NULL, NULL, NULL, NULL, NULL, NULL, NULL),
	(85, 'PHCC-EXED-1-2016', 'PHCC-EXED-1-2016', NULL, NULL, NULL, NULL, NULL, NULL, NULL),
	(86, 'PHCC-LEA2-11-2016', 'PHCC-LEA2-11-2016', NULL, NULL, NULL, NULL, NULL, NULL, NULL),
	(87, 'PHCC-ATY2-10-2016', 'PHCC-ATY2-10-2016', NULL, NULL, NULL, NULL, NULL, NULL, NULL),
	(88, 'PHCC-INVA4-1-2016', 'PHCC-INVA4-1-2016', NULL, NULL, NULL, NULL, NULL, NULL, NULL),
	(89, 'PHCC-ITO3-1-2016', 'PHCC-ITO3-1-2016', NULL, NULL, NULL, NULL, NULL, NULL, NULL),
	(90, 'PHCC-PLO5-1-2016', 'PHCC-PLO5-1-2016', NULL, NULL, NULL, NULL, NULL, NULL, NULL),
	(91, 'PHCC-BUDO2-1-2016', 'PHCC-BUDO2-1-2016', NULL, NULL, NULL, NULL, NULL, NULL, NULL),
	(92, 'PHCC-PSEC2-4-2016', 'PHCC-PSEC2-4-2016', NULL, NULL, NULL, NULL, NULL, NULL, NULL),
	(93, 'PHCC-A3-2-2016', 'PHCC-A3-2-2016', NULL, NULL, NULL, NULL, NULL, NULL, NULL),
	(94, 'PHCC-PLO4-1-2016', 'PHCC-PLO4-1-2016', NULL, NULL, NULL, NULL, NULL, NULL, NULL),
	(95, 'PHCC-TRNSP1-1-2016', 'PHCC-TRNSP1-1-2016', NULL, NULL, NULL, NULL, NULL, NULL, NULL),
	(96, 'PHCC-PSEC2-5-2016', 'PHCC-PSEC2-5-2016', NULL, NULL, NULL, NULL, NULL, NULL, NULL),
	(97, 'PHCC-PLO2-1-2016', 'PHCC-PLO2-1-2016', NULL, NULL, NULL, NULL, NULL, NULL, NULL),
	(98, 'PHCC-CMPRO2-2-2016', 'PHCC-CMPRO2-2-2016', NULL, NULL, NULL, NULL, NULL, NULL, NULL),
	(99, 'PHCC-ATY2-1-2016', 'PHCC-ATY2-1-2016', NULL, NULL, NULL, NULL, NULL, NULL, NULL),
	(100, 'PHCC-SEC2-1-2016', 'PHCC-SEC2-1-2016', NULL, NULL, NULL, NULL, NULL, NULL, NULL),
	(101, 'PHCC-ATY3-1-2016', 'PHCC-ATY3-1-2016', NULL, NULL, NULL, NULL, NULL, NULL, NULL),
	(102, 'PHCC-CMPRO3-1-2016', 'PHCC-CMPRO3-1-2016', NULL, NULL, NULL, NULL, NULL, NULL, NULL),
	(103, 'PHCC-ATY2-11-2016', 'PHCC-ATY2-11-2016', NULL, NULL, NULL, NULL, NULL, NULL, NULL),
	(104, 'PHCC-ATY3-5-2016', 'PHCC-ATY3-5-2016', NULL, NULL, NULL, NULL, NULL, NULL, NULL),
	(105, 'PHCC-ITO1-2-2016', 'PHCC-ITO1-2-2016', NULL, NULL, NULL, NULL, NULL, NULL, NULL),
	(106, 'PHCC-ATY2-2-2016', 'PHCC-ATY2-2-2016', NULL, NULL, NULL, NULL, NULL, NULL, NULL),
	(107, 'PHCC-ITO2-1-2016', 'PHCC-ITO2-1-2016', NULL, NULL, NULL, NULL, NULL, NULL, NULL),
	(108, 'PHCC-CMPRO3-2-2016', 'PHCC-CMPRO3-2-2016', NULL, NULL, NULL, NULL, NULL, NULL, NULL),
	(109, 'PHCC-BUDO1-1-2016', 'PHCC-BUDO1-1-2016', NULL, NULL, NULL, NULL, NULL, NULL, NULL),
	(110, 'PHCC-EXA4-2-2016', 'PHCC-EXA4-2-2016', NULL, NULL, NULL, NULL, NULL, NULL, NULL),
	(111, 'PHCC-SADOF-1-2016', 'PHCC-SADOF-1-2016', NULL, NULL, NULL, NULL, NULL, NULL, NULL),
	(112, 'PHCC-CMPRO2-3-2016', 'PHCC-CMPRO2-3-2016', NULL, NULL, NULL, NULL, NULL, NULL, NULL),
	(113, 'PHCC-INFOSA2-1-2016', 'PHCC-INFOSA2-1-2016', NULL, NULL, NULL, NULL, NULL, NULL, NULL),
	(114, 'PHCC-ADO3-1-2016', 'PHCC-ADO3-1-2016', NULL, NULL, NULL, NULL, NULL, NULL, NULL),
	(115, 'PHCC-DRV2-6-2016', 'PHCC-DRV2-6-2016', NULL, NULL, NULL, NULL, NULL, NULL, NULL),
	(116, 'PHCC-DRV2-1-2016', 'PHCC-DRV2-1-2016', NULL, NULL, NULL, NULL, NULL, NULL, NULL),
	(117, 'PHCC-INFOSA1-1-2016', 'PHCC-INFOSA1-1-2016', NULL, NULL, NULL, NULL, NULL, NULL, NULL),
	(118, 'PHCC-HRMO1-1-2016', 'PHCC-HRMO1-1-2016', NULL, NULL, NULL, NULL, NULL, NULL, NULL),
	(119, 'PHCC-EXA3-5-2016', 'PHCC-EXA3-5-2016', NULL, NULL, NULL, NULL, NULL, NULL, NULL),
	(120, 'PHCC-CASH1-1-2016', 'PHCC-CASH1-1-2016', NULL, NULL, NULL, NULL, NULL, NULL, NULL),
	(121, 'PHCC-EXA3-6-2016', 'PHCC-EXA3-6-2016', NULL, NULL, NULL, NULL, NULL, NULL, NULL),
	(122, 'PHCC-ATY3-3-2016', 'PHCC-ATY3-3-2016', NULL, NULL, NULL, NULL, NULL, NULL, NULL),
	(123, 'PHCC-PLO1-1-2016', 'PHCC-PLO1-1-2016', NULL, NULL, NULL, NULL, NULL, NULL, NULL),
	(124, 'PHCC-SU03-1-2016', 'PHCC-SU03-1-2016', NULL, NULL, NULL, NULL, NULL, NULL, NULL),
	(125, 'PHCC-ATY1-1-2016', 'PHCC-ATY1-1-2016', NULL, NULL, NULL, NULL, NULL, NULL, NULL),
	(126, 'PHCC-PLO2-2-2016', 'PHCC-PLO2-2-2016', NULL, NULL, NULL, NULL, NULL, NULL, NULL),
	(127, 'PHCC-LEA2-1-2016', 'PHCC-LEA2-1-2016', NULL, NULL, NULL, NULL, NULL, NULL, NULL),
	(128, 'PHCC-PLO3-2-2016', 'PHCC-PLO3-2-2016', NULL, NULL, NULL, NULL, NULL, NULL, NULL),
	(129, 'PHCC-EXA2-1-2016', 'PHCC-EXA2-1-2016', NULL, NULL, NULL, NULL, NULL, NULL, NULL),
	(130, 'PHCC-INVA1-1-2016', 'PHCC-INVA1-1-2016', NULL, NULL, NULL, NULL, NULL, NULL, NULL),
	(131, 'PHCC-ATY2-5-2016', 'PHCC-ATY2-5-2016', NULL, NULL, NULL, NULL, NULL, NULL, NULL),
	(132, 'PHCC-ATY2-12-2016', 'PHCC-ATY2-12-2016', NULL, NULL, NULL, NULL, NULL, NULL, NULL),
	(133, 'PHCC-SEC2-6-2016', 'PHCC-SEC2-6-2016', NULL, NULL, NULL, NULL, NULL, NULL, NULL),
	(134, 'PHCC-DIR3-3-2016', 'PHCC-DIR3-3-2016', NULL, NULL, NULL, NULL, NULL, NULL, NULL),
	(135, 'PHCC-RO1-1-2016', 'PHCC-RO1-1-2016', NULL, NULL, NULL, NULL, NULL, NULL, NULL),
	(136, 'PHCC-LEA2-2-2016', 'PHCC-LEA2-2-2016', NULL, NULL, NULL, NULL, NULL, NULL, NULL),
	(137, 'PHCC-SEC2-3-2016', 'PHCC-SEC2-3-2016', NULL, NULL, NULL, NULL, NULL, NULL, NULL),
	(138, 'PHCC-BS2-1-2016', 'PHCC-BS2-1-2016', NULL, NULL, NULL, NULL, NULL, NULL, NULL),
	(139, 'PHCC-ECO2-2-2016', 'PHCC-ECO2-2-2016', NULL, NULL, NULL, NULL, NULL, NULL, NULL),
	(140, 'PHCC-ADO1-1-2016', 'PHCC-ADO1-1-2016', NULL, NULL, NULL, NULL, NULL, NULL, NULL),
	(141, 'PHCC-ATY1-2-2016', 'PHCC-ATY1-2-2016', NULL, NULL, NULL, NULL, NULL, NULL, NULL),
	(142, 'PHCC-TRNSP3-1-2016', 'PHCC-TRNSP3-1-2016', NULL, NULL, NULL, NULL, NULL, NULL, NULL),
	(143, 'PHCC-BS3-1-2016', 'PHCC-BS3-1-2016', NULL, NULL, NULL, NULL, NULL, NULL, NULL),
	(144, 'PHCC-LEA2-10-2016', 'PHCC-LEA2-10-2016', NULL, NULL, NULL, NULL, NULL, NULL, NULL),
	(145, 'PHCC-LEA2-12-2016', 'PHCC-LEA2-12-2016', NULL, NULL, NULL, NULL, NULL, NULL, NULL),
	(146, 'PHCC-ADO2-4-2016', 'PHCC-ADO2-4-2016', NULL, NULL, NULL, NULL, NULL, NULL, NULL),
	(147, 'PHCC-ADO2-2-2016', 'PHCC-ADO2-2-2016', NULL, NULL, NULL, NULL, NULL, NULL, NULL),
	(148, 'PHCC-LEA2-13-2016', 'PHCC-LEA2-13-2016', NULL, NULL, NULL, NULL, NULL, NULL, NULL),
	(149, 'SAMPLE', 'SAMPLE', 35, NULL, NULL, '2018-07-25 09:34:21', '2018-07-25 09:34:21', 2, NULL);
/*!40000 ALTER TABLE `pms_position_items` ENABLE KEYS */;

-- Dumping structure for table mirdc.pms_previous_employer
DROP TABLE IF EXISTS `pms_previous_employer`;
CREATE TABLE IF NOT EXISTS `pms_previous_employer` (
  `id` int(11) NOT NULL AUTO_INCREMENT,
  `employee_number` varchar(225) DEFAULT NULL,
  `employee_id` int(11) DEFAULT NULL,
  `allowances` decimal(9,2) DEFAULT NULL,
  `thirteen_month_pay` decimal(9,2) DEFAULT NULL,
  `deminimis_amount` decimal(9,2) DEFAULT NULL,
  `tax_witheld` decimal(9,2) DEFAULT NULL,
  `premium_amount` decimal(9,2) DEFAULT NULL,
  `taxable_basic_pay` decimal(9,2) DEFAULT NULL,
  `taxable_thirteen_month_pay` decimal(9,2) DEFAULT NULL,
  `taxable_allowances` decimal(9,2) DEFAULT NULL,
  `as_of_date` date DEFAULT NULL,
  `created_at` timestamp NULL DEFAULT NULL,
  `updated_at` timestamp NULL DEFAULT NULL,
  `created_by` int(11) DEFAULT NULL,
  PRIMARY KEY (`id`)
) ENGINE=InnoDB AUTO_INCREMENT=2 DEFAULT CHARSET=latin1;

-- Dumping data for table mirdc.pms_previous_employer: ~1 rows (approximately)
/*!40000 ALTER TABLE `pms_previous_employer` DISABLE KEYS */;
INSERT INTO `pms_previous_employer` (`id`, `employee_number`, `employee_id`, `allowances`, `thirteen_month_pay`, `deminimis_amount`, `tax_witheld`, `premium_amount`, `taxable_basic_pay`, `taxable_thirteen_month_pay`, `taxable_allowances`, `as_of_date`, `created_at`, `updated_at`, `created_by`) VALUES
	(1, NULL, 92, 55555.00, 23456.00, 23456.00, 2345.00, 234.00, 34567.00, 23456.00, 23456.00, '2018-07-26', '2018-07-17 16:14:40', '2018-07-17 16:51:38', NULL);
/*!40000 ALTER TABLE `pms_previous_employer` ENABLE KEYS */;

-- Dumping structure for table mirdc.pms_providentfund
DROP TABLE IF EXISTS `pms_providentfund`;
CREATE TABLE IF NOT EXISTS `pms_providentfund` (
  `id` int(11) NOT NULL AUTO_INCREMENT,
  `policy_name` varchar(225) DEFAULT NULL,
  `pay_period` varchar(225) DEFAULT NULL,
  `deduction_period` varchar(225) DEFAULT NULL,
  `policy_type` varchar(225) DEFAULT NULL,
  `based_on` varchar(225) DEFAULT NULL,
  `ee_share` decimal(9,2) DEFAULT NULL,
  `er_share` decimal(9,2) DEFAULT NULL,
  `remarks` varchar(225) DEFAULT NULL,
  `created_at` timestamp NULL DEFAULT NULL,
  `updated_at` timestamp NULL DEFAULT NULL,
  `updated_by` int(11) DEFAULT NULL,
  PRIMARY KEY (`id`)
) ENGINE=InnoDB DEFAULT CHARSET=latin1;

-- Dumping data for table mirdc.pms_providentfund: ~0 rows (approximately)
/*!40000 ALTER TABLE `pms_providentfund` DISABLE KEYS */;
/*!40000 ALTER TABLE `pms_providentfund` ENABLE KEYS */;

-- Dumping structure for table mirdc.pms_rata
DROP TABLE IF EXISTS `pms_rata`;
CREATE TABLE IF NOT EXISTS `pms_rata` (
  `id` int(11) NOT NULL AUTO_INCREMENT,
  `employee_number` varchar(225) DEFAULT NULL,
  `employee_id` int(11) DEFAULT NULL,
  `position_item_id` int(11) DEFAULT NULL,
  `office_id` int(11) DEFAULT NULL,
  `department_id` int(11) DEFAULT NULL,
  `number_of_actual_work` int(11) DEFAULT NULL,
  `number_of_leave_field` int(11) DEFAULT NULL,
  `number_of_work_days` int(11) DEFAULT NULL,
  `number_of_used_vehicles` int(11) DEFAULT NULL,
  `percentage_of_rata` varchar(225) DEFAULT NULL,
  `percentage_of_rata_value` decimal(9,2) DEFAULT NULL,
  `transportation_amount` decimal(9,2) DEFAULT NULL,
  `representation_amount` decimal(9,2) DEFAULT NULL,
  `year` varchar(225) DEFAULT NULL,
  `month` varchar(225) DEFAULT NULL,
  `created_at` timestamp NULL DEFAULT NULL,
  `created_by` int(11) DEFAULT NULL,
  `updated_at` timestamp NULL DEFAULT NULL,
  `updated_by` int(11) DEFAULT NULL,
  PRIMARY KEY (`id`)
) ENGINE=InnoDB DEFAULT CHARSET=latin1;

-- Dumping data for table mirdc.pms_rata: ~0 rows (approximately)
/*!40000 ALTER TABLE `pms_rata` DISABLE KEYS */;
/*!40000 ALTER TABLE `pms_rata` ENABLE KEYS */;

-- Dumping structure for table mirdc.pms_rates
DROP TABLE IF EXISTS `pms_rates`;
CREATE TABLE IF NOT EXISTS `pms_rates` (
  `id` int(11) NOT NULL AUTO_INCREMENT,
  `rate` decimal(9,2) DEFAULT NULL,
  `status` varchar(50) DEFAULT NULL,
  `created_by` int(11) DEFAULT NULL,
  `updated_by` int(11) DEFAULT NULL,
  `created_at` timestamp NULL DEFAULT NULL,
  `updated_at` timestamp NULL DEFAULT NULL,
  PRIMARY KEY (`id`)
) ENGINE=InnoDB AUTO_INCREMENT=18 DEFAULT CHARSET=latin1;

-- Dumping data for table mirdc.pms_rates: ~7 rows (approximately)
/*!40000 ALTER TABLE `pms_rates` DISABLE KEYS */;
INSERT INTO `pms_rates` (`id`, `rate`, `status`, `created_by`, `updated_by`, `created_at`, `updated_at`) VALUES
	(1, 0.15, 'hp', 2, 2, '2018-09-06 11:25:40', '2018-09-06 16:23:15'),
	(2, 0.50, 'hp', 2, NULL, '2018-09-06 11:25:56', '2018-09-06 11:25:56'),
	(3, 0.23, 'hp', 2, NULL, '2018-09-06 16:23:23', '2018-09-06 16:23:23'),
	(4, 0.30, 'hp', 2, NULL, '2018-09-06 16:23:34', '2018-09-06 16:23:34'),
	(15, 1.00, 'travelrate', 2, NULL, '2018-09-10 10:52:22', '2018-09-10 10:52:22'),
	(16, 0.75, 'travelrate', 2, NULL, '2018-09-10 10:53:41', '2018-09-10 10:53:41'),
	(17, 0.50, 'travelrate', 2, NULL, '2018-09-10 10:53:56', '2018-09-10 10:53:56');
/*!40000 ALTER TABLE `pms_rates` ENABLE KEYS */;

-- Dumping structure for table mirdc.pms_salarygrade
DROP TABLE IF EXISTS `pms_salarygrade`;
CREATE TABLE IF NOT EXISTS `pms_salarygrade` (
  `id` int(11) NOT NULL AUTO_INCREMENT,
  `salary_grade` varchar(225) DEFAULT NULL,
  `step1` decimal(9,2) DEFAULT NULL,
  `step2` decimal(9,2) DEFAULT NULL,
  `step3` decimal(9,2) DEFAULT NULL,
  `step4` decimal(9,2) DEFAULT NULL,
  `step5` decimal(9,2) DEFAULT NULL,
  `step6` decimal(9,2) DEFAULT NULL,
  `step7` decimal(9,2) DEFAULT NULL,
  `step8` decimal(9,2) DEFAULT NULL,
  `remarks` varchar(225) DEFAULT NULL,
  `created_at` timestamp NULL DEFAULT NULL,
  `updated_at` timestamp NULL DEFAULT NULL,
  `updated_by` int(11) DEFAULT NULL,
  PRIMARY KEY (`id`)
) ENGINE=InnoDB AUTO_INCREMENT=33 DEFAULT CHARSET=latin1;

-- Dumping data for table mirdc.pms_salarygrade: ~32 rows (approximately)
/*!40000 ALTER TABLE `pms_salarygrade` DISABLE KEYS */;
INSERT INTO `pms_salarygrade` (`id`, `salary_grade`, `step1`, `step2`, `step3`, `step4`, `step5`, `step6`, `step7`, `step8`, `remarks`, `created_at`, `updated_at`, `updated_by`) VALUES
	(1, '1', 10510.00, 10602.00, 10695.00, 10789.00, 10884.00, 10982.00, 11076.00, 11173.00, NULL, NULL, NULL, NULL),
	(2, '2', 11200.00, 11293.00, 11386.00, 11480.00, 11575.00, 11671.00, 11767.00, 11864.00, NULL, NULL, NULL, NULL),
	(3, '3', 11914.00, 12013.00, 12112.00, 11212.00, 12313.00, 12414.00, 12517.00, 12620.00, NULL, NULL, NULL, NULL),
	(4, '4', 12674.00, 12778.00, 12884.00, 12990.00, 13097.00, 13206.00, 13315.00, 13424.00, NULL, NULL, NULL, NULL),
	(5, '5', 13481.00, 13606.00, 13705.00, 13818.00, 13932.00, 14047.00, 14163.00, 14280.00, NULL, NULL, NULL, NULL),
	(6, '6', 14340.00, 14459.00, 14578.00, 14699.00, 14820.00, 14942.00, 15066.00, 15190.00, NULL, NULL, NULL, NULL),
	(7, '7', 15254.00, 15380.00, 15507.00, 15635.00, 15765.00, 15895.00, 16026.00, 16158.00, NULL, NULL, NULL, NULL),
	(8, '9', 17473.00, 17627.00, 17781.00, 17937.00, 18095.00, 18253.00, 18413.00, 18575.00, NULL, NULL, NULL, NULL),
	(9, '10', 18718.00, 18883.00, 19048.00, 19215.00, 19384.00, 19567.00, 19725.00, 19898.00, NULL, NULL, NULL, NULL),
	(10, '11', 20179.00, 20437.00, 20698.00, 20963.00, 21231.00, 21502.00, 21777.00, 22055.00, NULL, NULL, NULL, NULL),
	(11, '12', 22149.00, 22410.00, 22674.00, 22942.00, 23212.00, 23486.00, 23763.00, 24043.00, NULL, NULL, NULL, NULL),
	(12, '13', 24224.00, 24510.00, 24799.00, 25091.00, 25387.00, 25686.00, 25989.00, 26296.00, NULL, NULL, NULL, NULL),
	(13, '14', 26494.00, 26806.00, 27122.00, 27442.00, 27766.00, 28093.00, 28424.00, 28759.00, NULL, NULL, NULL, NULL),
	(14, '15', 29010.00, 29359.00, 29713.00, 30071.00, 30432.00, 30799.00, 31170.00, 31545.00, NULL, NULL, NULL, NULL),
	(15, '16', 31765.00, 32147.00, 32535.00, 32926.00, 33323.00, 33724.00, 34130.00, 34541.00, NULL, NULL, NULL, NULL),
	(16, '17', 34781.00, 35201.00, 35624.00, 36053.00, 36487.00, 36927.00, 37371.00, 37821.00, NULL, NULL, NULL, NULL),
	(17, '18', 38085.00, 38543.00, 39007.00, 39477.00, 39952.00, 40433.00, 40920.00, 41413.00, NULL, NULL, NULL, NULL),
	(18, '19', 42099.00, 42730.00, 43371.00, 44020.00, 44680.00, 45350.00, 46030.00, 46720.00, NULL, NULL, NULL, NULL),
	(19, '20', 47037.00, 47742.00, 48457.00, 49184.00, 49921.00, 50669.00, 57460.00, 52199.00, NULL, NULL, NULL, NULL),
	(20, '21', 52544.00, 53341.00, 54141.00, 54952.00, 55776.00, 56612.00, 57460.00, 58322.00, NULL, NULL, NULL, NULL),
	(21, '22', 58717.00, 59597.00, 60491.00, 61397.00, 62318.00, 63252.00, 64200.00, 65162.00, NULL, NULL, NULL, NULL),
	(22, '23', 65604.00, 66587.00, 67585.00, 68598.00, 69627.00, 70670.00, 71730.00, 72805.00, NULL, NULL, NULL, NULL),
	(23, '24', 73229.00, 74397.00, 75512.00, 76644.00, 77793.00, 78959.00, 80143.00, 81344.00, NULL, NULL, NULL, NULL),
	(24, '25', 82439.00, 83674.00, 84928.00, 86201.00, 87493.00, 88805.00, 90136.00, 91487.00, NULL, NULL, NULL, NULL),
	(25, '26', 92108.00, 93488.00, 94889.00, 96312.00, 97775.00, 99221.00, 100708.00, 102217.00, NULL, NULL, NULL, NULL),
	(26, '27', 102910.00, 104453.00, 106019.00, 107608.00, 109221.00, 110858.00, 112519.00, 114210.00, NULL, NULL, NULL, NULL),
	(27, '28', 114981.00, 116704.00, 118453.00, 120229.00, 122031.00, 123860.00, 125716.00, 127601.00, NULL, NULL, NULL, NULL),
	(28, '29', 128467.00, 130392.00, 132346.00, 134330.00, 136343.00, 138387.00, 140461.00, 142566.00, NULL, NULL, NULL, NULL),
	(29, '30', 143534.00, 145685.00, 147869.00, 150085.00, 152335.00, 154618.00, 156935.00, 159228.00, NULL, NULL, NULL, NULL),
	(30, '31', 198168.00, 201615.00, 205121.00, 208689.00, 212318.00, 216011.00, 219768.00, 223590.00, NULL, NULL, NULL, NULL),
	(31, '32', 233857.00, 238035.00, 242288.00, 246618.00, 251024.00, 255509.00, 260074.00, 264721.00, NULL, NULL, NULL, NULL),
	(32, '33', 289401.00, 298083.00, NULL, NULL, NULL, NULL, NULL, NULL, NULL, NULL, NULL, NULL);
/*!40000 ALTER TABLE `pms_salarygrade` ENABLE KEYS */;

-- Dumping structure for table mirdc.pms_salaryinfo
DROP TABLE IF EXISTS `pms_salaryinfo`;
CREATE TABLE IF NOT EXISTS `pms_salaryinfo` (
  `id` int(11) NOT NULL AUTO_INCREMENT,
  `employee_number` varchar(225) NOT NULL DEFAULT '0',
  `employee_id` int(11) DEFAULT NULL,
  `salarygrade_id` int(11) DEFAULT NULL,
  `jobgrade_id` int(11) DEFAULT NULL,
  `positionitem_id` int(11) DEFAULT NULL,
  `position_id` int(11) DEFAULT NULL,
  `step_inc` varchar(225) DEFAULT NULL,
  `salary_description` varchar(225) DEFAULT NULL,
  `basic_amount_one` decimal(9,2) DEFAULT NULL,
  `basic_amount_two` decimal(9,2) DEFAULT NULL,
  `salary_effectivity_date` date DEFAULT NULL,
  `created_at` timestamp NULL DEFAULT NULL,
  `updated_at` timestamp NULL DEFAULT NULL,
  `updated_by` int(11) DEFAULT NULL,
  PRIMARY KEY (`id`)
) ENGINE=InnoDB AUTO_INCREMENT=216 DEFAULT CHARSET=latin1;

-- Dumping data for table mirdc.pms_salaryinfo: ~215 rows (approximately)
/*!40000 ALTER TABLE `pms_salaryinfo` DISABLE KEYS */;
INSERT INTO `pms_salaryinfo` (`id`, `employee_number`, `employee_id`, `salarygrade_id`, `jobgrade_id`, `positionitem_id`, `position_id`, `step_inc`, `salary_description`, `basic_amount_one`, `basic_amount_two`, `salary_effectivity_date`, `created_at`, `updated_at`, `updated_by`) VALUES
	(1, '0', 1, 24, NULL, NULL, NULL, '8', 'Initial Salary', 70832.00, 10512.00, '2018-09-04', NULL, NULL, NULL),
	(2, '0', 2, 19, NULL, NULL, NULL, '1', 'Initial Salary', 39151.00, 2948.00, '2018-09-04', NULL, NULL, NULL),
	(3, '0', 3, 14, NULL, NULL, NULL, '7', 'Initial Salary', 27036.00, 1388.00, '2018-09-04', NULL, NULL, NULL),
	(4, '0', 4, 22, NULL, NULL, NULL, '1', 'Initial Salary', 52783.00, 5934.00, '2018-09-04', NULL, NULL, NULL),
	(5, '0', 5, 19, NULL, NULL, NULL, '1', 'Initial Salary', 39151.00, 2948.00, '2018-09-04', NULL, NULL, NULL),
	(6, '0', 6, 11, NULL, NULL, NULL, '1', 'Initial Salary', 19620.00, 559.00, '2018-09-04', NULL, NULL, NULL),
	(7, '0', 7, 12, NULL, NULL, NULL, '6', 'Initial Salary', 22611.00, 875.00, '2018-09-04', NULL, NULL, NULL),
	(8, '0', 8, 14, NULL, NULL, NULL, '1', 'Initial Salary', 25290.00, 1204.00, '2018-09-04', NULL, NULL, NULL),
	(9, '0', 9, 11, NULL, NULL, NULL, '4', 'Initial Salary', 20326.00, 637.00, '2018-09-04', NULL, NULL, NULL),
	(10, '0', 10, 16, NULL, NULL, NULL, '1', 'Initial Salary', 30044.00, 1721.00, '2018-09-04', NULL, NULL, NULL),
	(11, '0', 11, 10, NULL, NULL, NULL, '1', 'Initial Salary', 18217.00, 501.00, '2018-09-04', NULL, NULL, NULL),
	(12, '0', 12, 15, NULL, NULL, NULL, '2', 'Initial Salary', 27887.00, 1472.00, '2018-09-04', NULL, NULL, NULL),
	(13, '0', 13, 18, NULL, NULL, NULL, '1', 'Initial Salary', 35693.00, 2392.00, '2018-09-04', NULL, NULL, NULL),
	(14, '0', 14, 8, NULL, NULL, NULL, '1', 'Initial Salary', 15818.00, 464.00, '2018-09-04', NULL, NULL, NULL),
	(15, '0', 15, 3, NULL, NULL, NULL, '8', 'Initial Salary', 12110.00, 510.00, '2018-09-04', NULL, NULL, NULL),
	(16, '0', 16, 10, NULL, NULL, NULL, '1', 'Initial Salary', 18217.00, 501.00, '2018-09-04', NULL, NULL, NULL),
	(17, '0', 17, 19, NULL, NULL, NULL, '1', 'Initial Salary', 39151.00, 2948.00, '2018-09-04', NULL, NULL, NULL),
	(18, '0', 18, 12, NULL, NULL, NULL, '7', 'Initial Salary', 22864.00, 899.00, '2018-09-04', NULL, NULL, NULL),
	(19, '0', 19, 10, NULL, NULL, NULL, '1', 'Initial Salary', 18217.00, 501.00, '2018-09-04', NULL, NULL, NULL),
	(20, '0', 20, 14, NULL, NULL, NULL, '7', 'Initial Salary', 27036.00, 1388.00, '2018-09-04', NULL, NULL, NULL),
	(21, '0', 21, 16, NULL, NULL, NULL, '1', 'Initial Salary', 30044.00, 1721.00, '2018-09-04', NULL, NULL, NULL),
	(22, '0', 22, 10, NULL, NULL, NULL, '1', 'Initial Salary', 18217.00, 501.00, '2018-09-04', NULL, NULL, NULL),
	(23, '0', 23, 6, NULL, NULL, NULL, '1', 'Initial Salary', 13851.00, 489.00, '2018-09-04', NULL, NULL, NULL),
	(24, '0', 24, 16, NULL, NULL, NULL, '7', 'Initial Salary', 32215.00, 1915.00, '2018-09-04', NULL, NULL, NULL),
	(25, '0', 25, 4, NULL, NULL, NULL, '1', 'Initial Salary', 12155.00, 519.00, '2018-09-04', NULL, NULL, NULL),
	(26, '0', 26, 15, NULL, NULL, NULL, '1', 'Initial Salary', 29010.00, 0.00, '2018-09-04', NULL, NULL, NULL),
	(27, '0', 27, 19, NULL, NULL, NULL, '1', 'Initial Salary', 39151.00, 2948.00, '2018-09-04', NULL, NULL, NULL),
	(28, '0', 28, 12, NULL, NULL, NULL, '1', 'Initial Salary', 22149.00, 0.00, '2018-09-04', NULL, NULL, NULL),
	(29, '0', 29, 14, NULL, NULL, NULL, '7', 'Initial Salary', 27036.00, 1388.00, '2018-09-04', NULL, NULL, NULL),
	(30, '0', 30, 8, NULL, NULL, NULL, '1', 'Initial Salary', 15818.00, 464.00, '2018-09-04', NULL, NULL, NULL),
	(31, '0', 31, 19, NULL, NULL, NULL, '1', 'Initial Salary', 39151.00, 2948.00, '2018-09-04', NULL, NULL, NULL),
	(32, '0', 32, 11, NULL, NULL, NULL, '1', 'Initial Salary', 19620.00, 559.00, '2018-09-04', NULL, NULL, NULL),
	(33, '0', 33, 10, NULL, NULL, NULL, '1', 'Initial Salary', 18217.00, 501.00, '2018-09-04', NULL, NULL, NULL),
	(34, '0', 34, 16, NULL, NULL, NULL, '1', 'Initial Salary', 30044.00, 1721.00, '2018-09-04', NULL, NULL, NULL),
	(35, '0', 35, 15, NULL, NULL, NULL, '1', 'Initial Salary', 27565.00, 1445.00, '2018-09-04', NULL, NULL, NULL),
	(36, '0', 36, 8, NULL, NULL, NULL, '1', 'Initial Salary', 16282.00, 0.00, '2018-09-04', NULL, NULL, NULL),
	(37, '0', 37, 12, NULL, NULL, NULL, '7', 'Initial Salary', 22864.00, 899.00, '2018-09-04', NULL, NULL, NULL),
	(38, '0', 38, 18, NULL, NULL, NULL, '7', 'Initial Salary', 38272.00, 2648.00, '2018-09-04', NULL, NULL, NULL),
	(39, '0', 39, 18, NULL, NULL, NULL, '1', 'Initial Salary', 35693.00, 2392.00, '2018-09-04', NULL, NULL, NULL),
	(40, '0', 40, 8, NULL, NULL, NULL, '1', 'Initial Salary', 18217.00, 501.00, '2018-09-04', NULL, NULL, NULL),
	(41, '0', 41, 11, NULL, NULL, NULL, '1', 'Initial Salary', 19620.00, 559.00, '2018-09-04', NULL, NULL, NULL),
	(42, '0', 42, 10, NULL, NULL, NULL, '1', 'Initial Salary', 18217.00, 501.00, '2018-09-04', NULL, NULL, NULL),
	(43, '0', 43, 16, NULL, NULL, NULL, '1', 'Initial Salary', 30044.00, 1721.00, '2018-09-04', NULL, NULL, NULL),
	(44, '0', 44, 11, NULL, NULL, NULL, '1', 'Initial Salary', 27565.00, 1445.00, '2018-09-04', NULL, NULL, NULL),
	(45, '0', 45, 16, NULL, NULL, NULL, '1', 'Initial Salary', 30044.00, 1721.00, '2018-09-04', NULL, NULL, NULL),
	(46, '0', 46, 18, NULL, NULL, NULL, '8', 'Initial Salary', 38719.00, 2694.00, '2018-09-04', NULL, NULL, NULL),
	(47, '0', 47, 19, NULL, NULL, NULL, '1', 'Initial Salary', 39151.00, 2948.00, '2018-09-04', NULL, NULL, NULL),
	(48, '0', 48, 8, NULL, NULL, NULL, '1', 'Initial Salary', 16282.00, 0.00, '2018-09-04', NULL, NULL, NULL),
	(49, '0', 49, 18, NULL, NULL, NULL, '7', 'Initial Salary', 38272.00, 2648.00, '2018-09-04', NULL, NULL, NULL),
	(50, '0', 50, 10, NULL, NULL, NULL, '6', 'Initial Salary', 19095.00, 472.00, '2018-09-04', NULL, NULL, NULL),
	(51, '0', 51, 7, NULL, NULL, NULL, '1', 'Initial Salary', 16986.00, 487.00, '2018-09-04', NULL, NULL, NULL),
	(52, '0', 52, 19, NULL, NULL, NULL, '1', 'Initial Salary', 39151.00, 2948.00, '2018-09-04', NULL, NULL, NULL),
	(53, '0', 53, 18, NULL, NULL, NULL, '1', 'Initial Salary', 35693.00, 2392.00, '2018-09-04', NULL, NULL, NULL),
	(54, '0', 54, 22, NULL, NULL, NULL, '1', 'Initial Salary', 52783.00, 5934.00, '2018-09-04', NULL, NULL, NULL),
	(55, '0', 55, 22, NULL, NULL, NULL, '1', 'Initial Salary', 52783.00, 5934.00, '2018-09-04', NULL, NULL, NULL),
	(56, '0', 56, 16, NULL, NULL, NULL, '1', 'Initial Salary', 31765.00, 0.00, '2018-09-04', NULL, NULL, NULL),
	(57, '0', 57, 13, NULL, NULL, NULL, '5', 'Initial Salary', 24047.00, 1044.00, '2018-09-04', NULL, NULL, NULL),
	(58, '0', 58, 12, NULL, NULL, NULL, '1', 'Initial Salary', 21387.00, 762.00, '2018-09-04', NULL, NULL, NULL),
	(59, '0', 59, 16, NULL, NULL, NULL, '1', 'Initial Salary', 30044.00, 1721.00, '2018-09-04', NULL, NULL, NULL),
	(60, '0', 60, 22, NULL, NULL, NULL, '1', 'Initial Salary', 52783.00, 5934.00, '2018-09-04', NULL, NULL, NULL),
	(61, '0', 61, 15, NULL, NULL, NULL, '1', 'Initial Salary', 27565.00, 1445.00, '2018-09-04', NULL, NULL, NULL),
	(62, '0', 62, 14, NULL, NULL, NULL, '8', 'Initial Salary', 27339.00, 1420.00, '2018-09-04', NULL, NULL, NULL),
	(63, '0', 63, 14, NULL, NULL, NULL, '1', 'Initial Salary', 25290.00, 1204.00, '2018-09-04', NULL, NULL, NULL),
	(64, '0', 64, 8, NULL, NULL, NULL, '7', 'Initial Salary', 16744.00, 465.00, '2018-09-04', NULL, NULL, NULL),
	(65, '0', 65, 16, NULL, NULL, NULL, '1', 'Initial Salary', 30044.00, 1721.00, '2018-09-04', NULL, NULL, NULL),
	(66, '0', 66, 16, NULL, NULL, NULL, '1', 'Initial Salary', 30044.00, 1721.00, '2018-09-04', NULL, NULL, NULL),
	(67, '0', 67, 22, NULL, NULL, NULL, '1', 'Initial Salary', 52783.00, 5934.00, '2018-09-04', NULL, NULL, NULL),
	(68, '0', 68, 19, NULL, NULL, NULL, '7', 'Initial Salary', 42470.00, 3560.00, '2018-09-04', NULL, NULL, NULL),
	(69, '0', 69, 14, NULL, NULL, NULL, '7', 'Initial Salary', 27036.00, 1388.00, '2018-09-04', NULL, NULL, NULL),
	(70, '0', 70, 14, NULL, NULL, NULL, '1', 'Initial Salary', 25290.00, 1204.00, '2018-09-04', NULL, NULL, NULL),
	(71, '0', 71, 10, NULL, NULL, NULL, '7', 'Initial Salary', 19244.00, 481.00, '2018-09-04', NULL, NULL, NULL),
	(72, '0', 72, 22, NULL, NULL, NULL, '7', 'Initial Salary', 57285.00, 6915.00, '2018-09-04', NULL, NULL, NULL),
	(73, '0', 73, 18, NULL, NULL, NULL, '1', 'Initial Salary', 35693.00, 2392.00, '2018-09-04', NULL, NULL, NULL),
	(74, '0', 74, 8, NULL, NULL, NULL, '1', 'Initial Salary', 15818.00, 464.00, '2018-09-04', NULL, NULL, NULL),
	(75, '0', 75, 28, NULL, NULL, NULL, '1', 'Initial Salary', 96363.00, 18618.00, '2018-09-04', NULL, NULL, NULL),
	(76, '0', 76, 8, NULL, NULL, NULL, '1', 'Initial Salary', 15818.00, 464.00, '2018-09-04', NULL, NULL, NULL),
	(77, '0', 77, 15, NULL, NULL, NULL, '1', 'Initial Salary', 27565.00, 1445.00, '2018-09-04', NULL, NULL, NULL),
	(78, '0', 78, 8, NULL, NULL, NULL, '1', 'Initial Salary', 15818.00, 464.00, '2018-09-04', NULL, NULL, NULL),
	(79, '0', 79, 6, NULL, NULL, NULL, '7', 'Initial Salary', 14602.00, 464.00, '2018-09-04', NULL, NULL, NULL),
	(80, '0', 80, 12, NULL, NULL, NULL, '7', 'Initial Salary', 22864.00, 899.00, '2018-09-04', NULL, NULL, NULL),
	(81, '0', 81, 18, NULL, NULL, NULL, '1', 'Initial Salary', 35693.00, 2392.00, '2018-09-04', NULL, NULL, NULL),
	(82, '0', 82, 11, NULL, NULL, NULL, '1', 'Initial Salary', 19620.00, 559.00, '2018-09-04', NULL, NULL, NULL),
	(83, '0', 83, 10, NULL, NULL, NULL, '7', 'Initial Salary', 19244.00, 481.00, '2018-09-04', NULL, NULL, NULL),
	(84, '0', 84, 19, NULL, NULL, NULL, '4', 'Initial Salary', 40776.00, 3244.00, '2018-09-04', NULL, NULL, NULL),
	(85, '0', 85, 14, NULL, NULL, NULL, '7', 'Initial Salary', 27036.00, 1388.00, '2018-09-04', NULL, NULL, NULL),
	(86, '0', 86, 7, NULL, NULL, NULL, '1', 'Initial Salary', 14785.00, 469.00, '2018-09-04', NULL, NULL, NULL),
	(87, '0', 87, 12, NULL, NULL, NULL, '1', 'Initial Salary', 21387.00, 762.00, '2018-09-04', NULL, NULL, NULL),
	(88, '0', 88, 22, NULL, NULL, NULL, '7', 'Initial Salary', 57285.00, 6915.00, '2018-09-04', NULL, NULL, NULL),
	(89, '0', 89, 7, NULL, NULL, NULL, '1', 'Initial Salary', 14785.00, 469.00, '2018-09-04', NULL, NULL, NULL),
	(90, '0', 90, 10, NULL, NULL, NULL, '4', 'Initial Salary', 18724.00, 491.00, '2018-09-04', NULL, NULL, NULL),
	(91, '0', 91, 9, NULL, NULL, NULL, '1', 'Initial Salary', 16986.00, 487.00, '2018-09-04', NULL, NULL, NULL),
	(92, '0', 92, 12, NULL, NULL, NULL, '7', 'Initial Salary', 22864.00, 899.00, '2018-09-04', NULL, NULL, NULL),
	(93, '0', 93, 27, NULL, NULL, NULL, '1', 'Initial Salary', 87229.00, 15681.00, '2018-09-04', NULL, NULL, NULL),
	(94, '0', 94, 22, NULL, NULL, NULL, '1', 'Initial Salary', 52783.00, 5934.00, '2018-09-04', NULL, NULL, NULL),
	(95, '0', 95, 10, NULL, NULL, NULL, '8', 'Initial Salary', 19421.00, 477.00, '2018-09-04', NULL, NULL, NULL),
	(96, '0', 96, 16, NULL, NULL, NULL, '1', 'Initial Salary', 30044.00, 1721.00, '2018-09-04', NULL, NULL, NULL),
	(97, '0', 97, 9, NULL, NULL, NULL, '1', 'Initial Salary', 16986.00, 487.00, '2018-09-04', NULL, NULL, NULL),
	(98, '0', 98, 19, NULL, NULL, NULL, '1', 'Initial Salary', 39151.00, 2948.00, '2018-09-04', NULL, NULL, NULL),
	(99, '0', 99, 18, NULL, NULL, NULL, '1', 'Initial Salary', 35693.00, 2392.00, '2018-09-04', NULL, NULL, NULL),
	(100, '0', 100, 9, NULL, NULL, NULL, '7', 'Initial Salary', 17943.00, 470.00, '2018-09-04', NULL, NULL, NULL),
	(101, '0', 101, 15, NULL, NULL, NULL, '7', 'Initial Salary', 29557.00, 1613.00, '2018-09-04', NULL, NULL, NULL),
	(102, '0', 102, 16, NULL, NULL, NULL, '1', 'Initial Salary', 30044.00, 1721.00, '2018-09-04', NULL, NULL, NULL),
	(103, '0', 103, 9, NULL, NULL, NULL, '1', 'Initial Salary', 16986.00, 487.00, '2018-09-04', NULL, NULL, NULL),
	(104, '0', 104, 18, NULL, NULL, NULL, '1', 'Initial Salary', 35693.00, 2392.00, '2018-09-04', NULL, NULL, NULL),
	(105, '0', 105, 9, NULL, NULL, NULL, '7', 'Initial Salary', 17943.00, 470.00, '2018-09-04', NULL, NULL, NULL),
	(106, '0', 106, 19, NULL, NULL, NULL, '1', 'Initial Salary', 39151.00, 2948.00, '2018-09-04', NULL, NULL, NULL),
	(107, '0', 107, 8, NULL, NULL, NULL, '1', 'Initial Salary', 15818.00, 464.00, '2018-09-04', NULL, NULL, NULL),
	(108, '0', 108, 8, NULL, NULL, NULL, '1', 'Initial Salary', 16282.00, 0.00, '2018-09-04', NULL, NULL, NULL),
	(109, '0', 109, 19, NULL, NULL, NULL, '7', 'Initial Salary', 42470.00, 3560.00, '2018-09-04', NULL, NULL, NULL),
	(110, '0', 110, 18, NULL, NULL, NULL, '1', 'Initial Salary', 35693.00, 2392.00, '2018-09-04', NULL, NULL, NULL),
	(111, '0', 111, 6, NULL, NULL, NULL, '1', 'Initial Salary', 13851.00, 489.00, '2018-09-04', NULL, NULL, NULL),
	(112, '0', 112, 9, NULL, NULL, NULL, '1', 'Initial Salary', 16986.00, 487.00, '2018-09-04', NULL, NULL, NULL),
	(113, '0', 113, 16, NULL, NULL, NULL, '1', 'Initial Salary', 30044.00, 1721.00, '2018-09-04', NULL, NULL, NULL),
	(114, '0', 114, 9, NULL, NULL, NULL, '7', 'Initial Salary', 17943.00, 470.00, '2018-09-04', NULL, NULL, NULL),
	(115, '0', 115, 9, NULL, NULL, NULL, '7', 'Initial Salary', 17943.00, 470.00, '2018-09-04', NULL, NULL, NULL),
	(116, '0', 116, 10, NULL, NULL, NULL, '4', 'Initial Salary', 18724.00, 491.00, '2018-09-04', NULL, NULL, NULL),
	(117, '0', 117, 10, NULL, NULL, NULL, '7', 'Initial Salary', 19244.00, 481.00, '2018-09-04', NULL, NULL, NULL),
	(118, '0', 118, 18, NULL, NULL, NULL, '1', 'Initial Salary', 35693.00, 2392.00, '2018-09-04', NULL, NULL, NULL),
	(119, '0', 119, 22, NULL, NULL, NULL, '7', 'Initial Salary', 57285.00, 6915.00, '2018-09-04', NULL, NULL, NULL),
	(120, '0', 120, 19, NULL, NULL, NULL, '1', 'Initial Salary', 39151.00, 2948.00, '2018-09-04', NULL, NULL, NULL),
	(121, '0', 121, 19, NULL, NULL, NULL, '1', 'Initial Salary', 39151.00, 2948.00, '2018-09-04', NULL, NULL, NULL),
	(122, '0', 122, 9, NULL, NULL, NULL, '8', 'Initial Salary', 18108.00, 467.00, '2018-09-04', NULL, NULL, NULL),
	(123, '0', 123, 19, NULL, NULL, NULL, '6', 'Initial Salary', 41898.00, 3452.00, '2018-09-04', NULL, NULL, NULL),
	(124, '0', 124, 16, NULL, NULL, NULL, '1', 'Initial Salary', 30044.00, 1721.00, '2018-09-04', NULL, NULL, NULL),
	(125, '0', 125, 24, NULL, NULL, NULL, '1', 'Initial Salary', 64416.00, 8883.00, '2018-09-04', NULL, NULL, NULL),
	(126, '0', 126, 14, NULL, NULL, NULL, '1', 'Initial Salary', 25290.00, 1204.00, '2018-09-04', NULL, NULL, NULL),
	(127, '0', 127, 9, NULL, NULL, NULL, '7', 'Initial Salary', 17943.00, 470.00, '2018-09-04', NULL, NULL, NULL),
	(128, '0', 128, 16, NULL, NULL, NULL, '1', 'Initial Salary', 30044.00, 1721.00, '2018-09-04', NULL, NULL, NULL),
	(129, '0', 129, 10, NULL, NULL, NULL, '1', 'Initial Salary', 18217.00, 501.00, '2018-09-04', NULL, NULL, NULL),
	(130, '0', 130, 7, NULL, NULL, NULL, '1', 'Initial Salary', 14785.00, 469.00, '2018-09-04', NULL, NULL, NULL),
	(131, '0', 131, 8, NULL, NULL, NULL, '1', 'Initial Salary', 16282.00, 0.00, '2018-09-04', NULL, NULL, NULL),
	(132, '0', 132, 11, NULL, NULL, NULL, '1', 'Initial Salary', 19620.00, 559.00, '2018-09-04', NULL, NULL, NULL),
	(133, '0', 133, 11, NULL, NULL, NULL, '1', 'Initial Salary', 19620.00, 559.00, '2018-09-04', NULL, NULL, NULL),
	(134, '0', 134, 10, NULL, NULL, NULL, '1', 'Initial Salary', 18718.00, 0.00, '2018-09-04', NULL, NULL, NULL),
	(135, '0', 135, 6, NULL, NULL, NULL, '1', 'Initial Salary', 13851.00, 489.00, '2018-09-04', NULL, NULL, NULL),
	(136, '0', 136, 19, NULL, NULL, NULL, '1', 'Initial Salary', 39151.00, 2948.00, '2018-09-04', NULL, NULL, NULL),
	(137, '0', 137, 19, NULL, NULL, NULL, '1', 'Initial Salary', 42099.00, 0.00, '2018-09-04', NULL, NULL, NULL),
	(138, '0', 138, 10, NULL, NULL, NULL, '7', 'Initial Salary', 19244.00, 481.00, '2018-09-04', NULL, NULL, NULL),
	(139, '0', 139, 16, NULL, NULL, NULL, '1', 'Initial Salary', 30044.00, 1721.00, '2018-09-04', NULL, NULL, NULL),
	(140, '0', 140, 10, NULL, NULL, NULL, '1', 'Initial Salary', 18217.00, 501.00, '2018-09-04', NULL, NULL, NULL),
	(141, '0', 141, 16, NULL, NULL, NULL, '1', 'Initial Salary', 30044.00, 1721.00, '2018-09-04', NULL, NULL, NULL),
	(142, '0', 142, 16, NULL, NULL, NULL, '1', 'Initial Salary', 30044.00, 1721.00, '2018-09-04', NULL, NULL, NULL),
	(143, '0', 143, 14, NULL, NULL, NULL, '1', 'Initial Salary', 25290.00, 1204.00, '2018-09-04', NULL, NULL, NULL),
	(144, '0', 144, 15, NULL, NULL, NULL, '1', 'Initial Salary', 27565.00, 1445.00, '2018-09-04', NULL, NULL, NULL),
	(145, '0', 145, 22, NULL, NULL, NULL, '1', 'Initial Salary', 52783.00, 5934.00, '2018-09-04', NULL, NULL, NULL),
	(146, '0', 146, 22, NULL, NULL, NULL, '1', 'Initial Salary', 52783.00, 5934.00, '2018-09-04', NULL, NULL, NULL),
	(147, '0', 147, 6, NULL, NULL, NULL, '1', 'Initial Salary', 13851.00, 489.00, '2018-09-04', NULL, NULL, NULL),
	(148, '0', 148, 12, NULL, NULL, NULL, '1', 'Initial Salary', 21387.00, 762.00, '2018-09-04', NULL, NULL, NULL),
	(149, '0', 149, 24, NULL, NULL, NULL, '1', 'Initial Salary', 64416.00, 8883.00, '2018-09-04', NULL, NULL, NULL),
	(150, '0', 150, 15, NULL, NULL, NULL, '1', 'Initial Salary', 27565.00, 1445.00, '2018-09-04', NULL, NULL, NULL),
	(151, '0', 151, 3, NULL, NULL, NULL, '1', 'Initial Salary', 11387.00, 527.00, '2018-09-04', NULL, NULL, NULL),
	(152, '0', 152, 9, NULL, NULL, NULL, '1', 'Initial Salary', 16986.00, 487.00, '2018-09-04', NULL, NULL, NULL),
	(153, '0', 153, 16, NULL, NULL, NULL, '1', 'Initial Salary', 30044.00, 1721.00, '2018-09-04', NULL, NULL, NULL),
	(154, '0', 154, 4, NULL, NULL, NULL, '1', 'Initial Salary', 12155.00, 519.00, '2018-09-04', NULL, NULL, NULL),
	(155, '0', 155, 16, NULL, NULL, NULL, '1', 'Initial Salary', 31765.00, 0.00, '2018-09-04', NULL, NULL, NULL),
	(156, '0', 156, 15, NULL, NULL, NULL, '1', 'Initial Salary', 27565.00, 1445.00, '2018-09-04', NULL, NULL, NULL),
	(157, '0', 157, 10, NULL, NULL, NULL, '1', 'Initial Salary', 18217.00, 501.00, '2018-09-04', NULL, NULL, NULL),
	(158, '0', 158, 10, NULL, NULL, NULL, '1', 'Initial Salary', 18217.00, 501.00, '2018-09-04', NULL, NULL, NULL),
	(159, '0', 159, 22, NULL, NULL, NULL, '4', 'Initial Salary', 54975.00, 6422.00, '2018-09-04', NULL, NULL, NULL),
	(160, '0', 160, 19, NULL, NULL, NULL, '7', 'Initial Salary', 42470.00, 3560.00, '2018-09-04', NULL, NULL, NULL),
	(161, '0', 161, 19, NULL, NULL, NULL, '1', 'Initial Salary', 39151.00, 2948.00, '2018-09-04', NULL, NULL, NULL),
	(162, '0', 162, 24, NULL, NULL, NULL, '1', 'Initial Salary', 64416.00, 8883.00, '2018-09-04', NULL, NULL, NULL),
	(163, '0', 163, 15, NULL, NULL, NULL, '1', 'Initial Salary', 27565.00, 1445.00, '2018-09-04', NULL, NULL, NULL),
	(164, '0', 164, 8, NULL, NULL, NULL, '7', 'Initial Salary', 16744.00, 465.00, '2018-09-04', NULL, NULL, NULL),
	(165, '0', 165, 19, NULL, NULL, NULL, '1', 'Initial Salary', 39151.00, 2948.00, '2018-09-04', NULL, NULL, NULL),
	(166, '0', 166, 10, NULL, NULL, NULL, '6', 'Initial Salary', 19095.00, 472.00, '2018-09-04', NULL, NULL, NULL),
	(167, '0', 167, 3, NULL, NULL, NULL, '1', 'Initial Salary', 11387.00, 527.00, '2018-09-04', NULL, NULL, NULL),
	(168, '0', 168, 18, NULL, NULL, NULL, '1', 'Initial Salary', 35693.00, 2392.00, '2018-09-04', NULL, NULL, NULL),
	(169, '0', 169, 8, NULL, NULL, NULL, '1', 'Initial Salary', 15818.00, 464.00, '2018-09-04', NULL, NULL, NULL),
	(170, '0', 170, 24, NULL, NULL, NULL, '6', 'Initial Salary', 68937.00, 10022.00, '2018-09-04', NULL, NULL, NULL),
	(171, '0', 171, 19, NULL, NULL, NULL, '1', 'Initial Salary', 39151.00, 2948.00, '2018-09-04', NULL, NULL, NULL),
	(172, '0', 172, 16, NULL, NULL, NULL, '1', 'Initial Salary', 30044.00, 1721.00, '2018-09-04', NULL, NULL, NULL),
	(173, '0', 173, 15, NULL, NULL, NULL, '1', 'Initial Salary', 27565.00, 1445.00, '2018-09-04', NULL, NULL, NULL),
	(174, '0', 174, 27, NULL, NULL, NULL, '1', 'Initial Salary', 87229.00, 15681.00, '2018-09-04', NULL, NULL, NULL),
	(175, '0', 175, 19, NULL, NULL, NULL, '1', 'Initial Salary', 39151.00, 2948.00, '2018-09-04', NULL, NULL, NULL),
	(176, '0', 176, 22, NULL, NULL, NULL, '1', 'Initial Salary', 52783.00, 5934.00, '2018-09-04', NULL, NULL, NULL),
	(177, '0', 177, 15, NULL, NULL, NULL, '1', 'Initial Salary', 27565.00, 1445.00, '2018-09-04', NULL, NULL, NULL),
	(178, '0', 178, 9, NULL, NULL, NULL, '8', 'Initial Salary', 18108.00, 467.00, '2018-09-04', NULL, NULL, NULL),
	(179, '0', 179, 11, NULL, NULL, NULL, '7', 'Initial Salary', 21058.00, 719.00, '2018-09-04', NULL, NULL, NULL),
	(180, '0', 180, 8, NULL, NULL, NULL, '1', 'Initial Salary', 15818.00, 464.00, '2018-09-04', NULL, NULL, NULL),
	(181, '0', 181, 6, NULL, NULL, NULL, '1', 'Initial Salary', 13851.00, 489.00, '2018-09-04', NULL, NULL, NULL),
	(182, '0', 182, 11, NULL, NULL, NULL, '8', 'Initial Salary', 21307.00, 748.00, '2018-09-04', NULL, NULL, NULL),
	(183, '0', 183, 19, NULL, NULL, NULL, '2', 'Initial Salary', 39685.00, 3045.00, '2018-09-04', NULL, NULL, NULL),
	(184, '0', 184, 9, NULL, NULL, NULL, '1', 'Initial Salary', 16986.00, 487.00, '2018-09-04', NULL, NULL, NULL),
	(185, '0', 185, 18, NULL, NULL, NULL, '8', 'Initial Salary', 38719.00, 2694.00, '2018-09-04', NULL, NULL, NULL),
	(186, '0', 186, 19, NULL, NULL, NULL, '1', 'Initial Salary', 39151.00, 2948.00, '2018-09-04', NULL, NULL, NULL),
	(187, '0', 187, 8, NULL, NULL, NULL, '4', 'Initial Salary', 16275.00, 464.00, '2018-09-04', NULL, NULL, NULL),
	(188, '0', 188, 15, NULL, NULL, NULL, '1', 'Initial Salary', 27565.00, 1445.00, '2018-09-04', NULL, NULL, NULL),
	(189, '0', 189, 9, NULL, NULL, NULL, '7', 'Initial Salary', 17943.00, 470.00, '2018-09-04', NULL, NULL, NULL),
	(190, '0', 190, 19, NULL, NULL, NULL, '8', 'Initial Salary', 43051.00, 3669.00, '2018-09-04', NULL, NULL, NULL),
	(191, '0', 191, 8, NULL, NULL, NULL, '1', 'Initial Salary', 15818.00, 464.00, '2018-09-04', NULL, NULL, NULL),
	(192, '0', 192, 12, NULL, NULL, NULL, '7', 'Initial Salary', 22864.00, 899.00, '2018-09-04', NULL, NULL, NULL),
	(193, '0', 193, 18, NULL, NULL, NULL, '1', 'Initial Salary', 35693.00, 2392.00, '2018-09-04', NULL, NULL, NULL),
	(194, '0', 194, 11, NULL, NULL, NULL, '7', 'Initial Salary', 21058.00, 719.00, '2018-09-04', NULL, NULL, NULL),
	(195, '0', 195, 12, NULL, NULL, NULL, '1', 'Initial Salary', 21387.00, 762.00, '2018-09-04', NULL, NULL, NULL),
	(196, '0', 196, 9, NULL, NULL, NULL, '7', 'Initial Salary', 17943.00, 470.00, '2018-09-04', NULL, NULL, NULL),
	(197, '0', 197, 4, NULL, NULL, NULL, '1', 'Initial Salary', 12155.00, 519.00, '2018-09-04', NULL, NULL, NULL),
	(198, '0', 198, 3, NULL, NULL, NULL, '1', 'Initial Salary', 11387.00, 527.00, '2018-09-04', NULL, NULL, NULL),
	(199, '0', 199, 15, NULL, NULL, NULL, '7', 'Initial Salary', 29557.00, 1613.00, '2018-09-04', NULL, NULL, NULL),
	(200, '0', 200, 11, NULL, NULL, NULL, '1', 'Initial Salary', 19620.00, 559.00, '2018-09-04', NULL, NULL, NULL),
	(201, '0', 201, 6, NULL, NULL, NULL, '1', 'Initial Salary', 14340.00, 0.00, '2018-09-04', NULL, NULL, NULL),
	(202, '0', 202, 12, NULL, NULL, NULL, '1', 'Initial Salary', 22149.00, 0.00, '2018-09-04', NULL, NULL, NULL),
	(203, '0', 203, 24, NULL, NULL, NULL, '1', 'Initial Salary', 64416.00, 8883.00, '2018-09-04', NULL, NULL, NULL),
	(204, '0', 204, 6, NULL, NULL, NULL, '1', 'Initial Salary', 13851.00, 489.00, '2018-09-04', NULL, NULL, NULL),
	(205, '0', 205, 7, NULL, NULL, NULL, '1', 'Initial Salary', 14785.00, 469.00, '2018-09-04', NULL, NULL, NULL),
	(206, '0', 206, 10, NULL, NULL, NULL, '7', 'Initial Salary', 19244.00, 481.00, '2018-09-04', NULL, NULL, NULL),
	(207, '0', 207, 10, NULL, NULL, NULL, '1', 'Initial Salary', 18217.00, 501.00, '2018-09-04', NULL, NULL, NULL),
	(208, '0', 208, 6, NULL, NULL, NULL, '1', 'Initial Salary', 14340.00, 0.00, '2018-09-04', NULL, NULL, NULL),
	(209, '0', 209, 16, NULL, NULL, NULL, '1', 'Initial Salary', 30044.00, 1721.00, '2018-09-04', NULL, NULL, NULL),
	(210, '0', 210, 15, NULL, NULL, NULL, '1', 'Initial Salary', 30044.00, 1721.00, '2018-09-04', NULL, NULL, NULL),
	(211, '0', 211, 23, NULL, NULL, NULL, '1', 'Initial Salary', 58310.00, 7294.00, '2018-09-04', NULL, NULL, NULL),
	(212, '0', 212, 14, NULL, NULL, NULL, '1', 'Initial Salary', 25290.00, 1204.00, '2018-09-04', NULL, NULL, NULL),
	(213, '0', 213, 11, NULL, NULL, NULL, '1', 'Initial Salary', 19620.00, 559.00, '2018-09-04', NULL, NULL, NULL),
	(214, '0', 214, 11, NULL, NULL, NULL, '7', 'Initial Salary', 21058.00, 719.00, '2018-09-04', NULL, NULL, NULL),
	(215, '0', 215, 11, NULL, NULL, NULL, '1', 'Initial Salary', 19620.00, 559.00, '2018-09-04', NULL, NULL, NULL);
/*!40000 ALTER TABLE `pms_salaryinfo` ENABLE KEYS */;

-- Dumping structure for table mirdc.pms_specialpayroll_transactions
DROP TABLE IF EXISTS `pms_specialpayroll_transactions`;
CREATE TABLE IF NOT EXISTS `pms_specialpayroll_transactions` (
  `id` int(11) NOT NULL AUTO_INCREMENT,
  `employee_number` varchar(225) DEFAULT NULL,
  `employee_id` int(11) DEFAULT NULL,
  `benefit_info_id` int(11) DEFAULT NULL,
  `position_item_id` int(11) DEFAULT NULL,
  `position_id` int(11) DEFAULT NULL,
  `division_id` int(11) DEFAULT NULL,
  `office_id` int(11) DEFAULT NULL,
  `percentage` decimal(9,2) DEFAULT NULL,
  `cost_uniform_amount` decimal(9,2) DEFAULT NULL,
  `no_of_months_entitled` decimal(9,2) DEFAULT NULL,
  `cash_gift_amount` decimal(9,2) DEFAULT NULL,
  `amount` decimal(9,2) DEFAULT NULL,
  `status` varchar(50) DEFAULT NULL,
  `year` varchar(50) DEFAULT NULL,
  `month` varchar(50) DEFAULT NULL,
  `created_by` int(11) DEFAULT NULL,
  `created_at` timestamp NULL DEFAULT NULL,
  `updated_by` int(11) DEFAULT NULL,
  `updated_at` timestamp NULL DEFAULT NULL,
  PRIMARY KEY (`id`)
) ENGINE=InnoDB AUTO_INCREMENT=207 DEFAULT CHARSET=latin1;

-- Dumping data for table mirdc.pms_specialpayroll_transactions: ~206 rows (approximately)
/*!40000 ALTER TABLE `pms_specialpayroll_transactions` DISABLE KEYS */;
INSERT INTO `pms_specialpayroll_transactions` (`id`, `employee_number`, `employee_id`, `benefit_info_id`, `position_item_id`, `position_id`, `division_id`, `office_id`, `percentage`, `cost_uniform_amount`, `no_of_months_entitled`, `cash_gift_amount`, `amount`, `status`, `year`, `month`, `created_by`, `created_at`, `updated_by`, `updated_at`) VALUES
	(1, '1985005', 1, NULL, NULL, 56, 5, NULL, NULL, NULL, NULL, NULL, 141664.00, 'midyearbonus', '2018', 'January', NULL, '2018-11-06 02:30:35', NULL, '2018-11-06 02:30:35'),
	(2, '2005001', 2, NULL, NULL, 66, 3, NULL, NULL, NULL, NULL, NULL, 78302.00, 'midyearbonus', '2018', 'January', NULL, '2018-11-06 02:30:35', NULL, '2018-11-06 02:30:35'),
	(3, '1990008', 3, NULL, NULL, 20, 6, NULL, NULL, NULL, NULL, NULL, 54072.00, 'midyearbonus', '2018', 'January', NULL, '2018-11-06 02:30:35', NULL, '2018-11-06 02:30:35'),
	(4, '1996003', 4, NULL, NULL, 70, 7, NULL, NULL, NULL, NULL, NULL, 105566.00, 'midyearbonus', '2018', 'January', NULL, '2018-11-06 02:30:35', NULL, '2018-11-06 02:30:35'),
	(5, '2015001', 5, NULL, NULL, 66, 1, NULL, NULL, NULL, NULL, NULL, 78302.00, 'midyearbonus', '2018', 'January', NULL, '2018-11-06 02:30:35', NULL, '2018-11-06 02:30:35'),
	(6, '2011008', 6, NULL, NULL, 71, 7, NULL, NULL, NULL, NULL, NULL, 39240.00, 'midyearbonus', '2018', 'January', NULL, '2018-11-06 02:30:35', NULL, '2018-11-06 02:30:35'),
	(7, '1984001', 7, NULL, NULL, 40, 3, NULL, NULL, NULL, NULL, NULL, 45222.00, 'midyearbonus', '2018', 'January', NULL, '2018-11-06 02:30:35', NULL, '2018-11-06 02:30:35'),
	(8, '1983003', 8, NULL, NULL, 50, 3, NULL, NULL, NULL, NULL, NULL, 50580.00, 'midyearbonus', '2018', 'January', NULL, '2018-11-06 02:30:35', NULL, '2018-11-06 02:30:35'),
	(9, '2003001', 9, NULL, NULL, 8, 7, NULL, NULL, NULL, NULL, NULL, 40652.00, 'midyearbonus', '2018', 'January', NULL, '2018-11-06 02:30:35', NULL, '2018-11-06 02:30:35'),
	(10, '2010016', 10, NULL, NULL, 63, 6, NULL, NULL, NULL, NULL, NULL, 60088.00, 'midyearbonus', '2018', 'January', NULL, '2018-11-06 02:30:35', NULL, '2018-11-06 02:30:35'),
	(11, '2012005', 11, NULL, NULL, 33, 1, NULL, NULL, NULL, NULL, NULL, 36434.00, 'midyearbonus', '2018', 'January', NULL, '2018-11-06 02:30:35', NULL, '2018-11-06 02:30:35'),
	(12, '1981002', 12, NULL, NULL, 22, 1, NULL, NULL, NULL, NULL, NULL, 55774.00, 'midyearbonus', '2018', 'January', NULL, '2018-11-06 02:30:35', NULL, '2018-11-06 02:30:35'),
	(13, '2013006', 13, NULL, NULL, 54, 5, NULL, NULL, NULL, NULL, NULL, 71386.00, 'midyearbonus', '2018', 'January', NULL, '2018-11-06 02:30:35', NULL, '2018-11-06 02:30:35'),
	(14, '2011019', 14, NULL, NULL, 32, 6, NULL, NULL, NULL, NULL, NULL, 31636.00, 'midyearbonus', '2018', 'January', NULL, '2018-11-06 02:30:35', NULL, '2018-11-06 02:30:35'),
	(15, '1985004', 15, NULL, NULL, 3, 7, NULL, NULL, NULL, NULL, NULL, 24220.00, 'midyearbonus', '2018', 'January', NULL, '2018-11-06 02:30:35', NULL, '2018-11-06 02:30:35'),
	(16, '1992007', 16, NULL, NULL, 39, 6, NULL, NULL, NULL, NULL, NULL, 36434.00, 'midyearbonus', '2018', 'January', NULL, '2018-11-06 02:30:35', NULL, '2018-11-06 02:30:35'),
	(17, '2011018', 17, NULL, NULL, 66, 3, NULL, NULL, NULL, NULL, NULL, 78302.00, 'midyearbonus', '2018', 'January', NULL, '2018-11-06 02:30:35', NULL, '2018-11-06 02:30:35'),
	(18, '1987004', 18, NULL, NULL, 40, 6, NULL, NULL, NULL, NULL, NULL, 45728.00, 'midyearbonus', '2018', 'January', NULL, '2018-11-06 02:30:35', NULL, '2018-11-06 02:30:35'),
	(19, '2010005', 19, NULL, NULL, 57, 1, NULL, NULL, NULL, NULL, NULL, 36434.00, 'midyearbonus', '2018', 'January', NULL, '2018-11-06 02:30:35', NULL, '2018-11-06 02:30:35'),
	(20, '1977001', 20, NULL, NULL, 50, 6, NULL, NULL, NULL, NULL, NULL, 54072.00, 'midyearbonus', '2018', 'January', NULL, '2018-11-06 02:30:36', NULL, '2018-11-06 02:30:36'),
	(21, '2010002', 21, NULL, NULL, 22, 1, NULL, NULL, NULL, NULL, NULL, 60088.00, 'midyearbonus', '2018', 'January', NULL, '2018-11-06 02:30:36', NULL, '2018-11-06 02:30:36'),
	(22, '1993004', 22, NULL, NULL, 39, 3, NULL, NULL, NULL, NULL, NULL, 36434.00, 'midyearbonus', '2018', 'January', NULL, '2018-11-06 02:30:36', NULL, '2018-11-06 02:30:36'),
	(23, '2011020', 23, NULL, NULL, 37, 6, NULL, NULL, NULL, NULL, NULL, 27702.00, 'midyearbonus', '2018', 'January', NULL, '2018-11-06 02:30:36', NULL, '2018-11-06 02:30:36'),
	(24, '1993002', 24, NULL, NULL, 63, 3, NULL, NULL, NULL, NULL, NULL, 64430.00, 'midyearbonus', '2018', 'January', NULL, '2018-11-06 02:30:36', NULL, '2018-11-06 02:30:36'),
	(25, '2016009', 25, NULL, NULL, 2, 2, NULL, NULL, NULL, NULL, NULL, 24310.00, 'midyearbonus', '2018', 'January', NULL, '2018-11-06 02:30:36', NULL, '2018-11-06 02:30:36'),
	(26, '1995005', 27, NULL, NULL, 66, 6, NULL, NULL, NULL, NULL, NULL, 78302.00, 'midyearbonus', '2018', 'January', NULL, '2018-11-06 02:30:36', NULL, '2018-11-06 02:30:36'),
	(27, '1992003', 28, NULL, NULL, 40, 3, NULL, NULL, NULL, NULL, NULL, 44298.00, 'midyearbonus', '2018', 'January', NULL, '2018-11-06 02:30:36', NULL, '2018-11-06 02:30:36'),
	(28, '1987013', 29, NULL, NULL, 14, 2, NULL, NULL, NULL, NULL, NULL, 54072.00, 'midyearbonus', '2018', 'January', NULL, '2018-11-06 02:30:36', NULL, '2018-11-06 02:30:36'),
	(29, '2011023', 30, NULL, NULL, 32, 1, NULL, NULL, NULL, NULL, NULL, 31636.00, 'midyearbonus', '2018', 'January', NULL, '2018-11-06 02:30:36', NULL, '2018-11-06 02:30:36'),
	(30, '2011017', 31, NULL, NULL, 66, 6, NULL, NULL, NULL, NULL, NULL, 78302.00, 'midyearbonus', '2018', 'January', NULL, '2018-11-06 02:30:36', NULL, '2018-11-06 02:30:36'),
	(31, '2015003', 32, NULL, NULL, 42, 7, NULL, NULL, NULL, NULL, NULL, 39240.00, 'midyearbonus', '2018', 'January', NULL, '2018-11-06 02:30:36', NULL, '2018-11-06 02:30:36'),
	(32, '2011033', 33, NULL, NULL, 33, 7, NULL, NULL, NULL, NULL, NULL, 36434.00, 'midyearbonus', '2018', 'January', NULL, '2018-11-06 02:30:36', NULL, '2018-11-06 02:30:36'),
	(33, '2015005', 34, NULL, NULL, 24, 2, NULL, NULL, NULL, NULL, NULL, 60088.00, 'midyearbonus', '2018', 'January', NULL, '2018-11-06 02:30:36', NULL, '2018-11-06 02:30:36'),
	(34, '2010011', 35, NULL, NULL, 15, 5, NULL, NULL, NULL, NULL, NULL, 55130.00, 'midyearbonus', '2018', 'January', NULL, '2018-11-06 02:30:36', NULL, '2018-11-06 02:30:36'),
	(35, '1985001', 37, NULL, NULL, 40, 3, NULL, NULL, NULL, NULL, NULL, 45728.00, 'midyearbonus', '2018', 'January', NULL, '2018-11-06 02:30:36', NULL, '2018-11-06 02:30:36'),
	(36, '1989005', 38, NULL, NULL, 16, 2, NULL, NULL, NULL, NULL, NULL, 76544.00, 'midyearbonus', '2018', 'January', NULL, '2018-11-06 02:30:36', NULL, '2018-11-06 02:30:36'),
	(37, '2016010', 39, NULL, NULL, 16, 5, NULL, NULL, NULL, NULL, NULL, 71386.00, 'midyearbonus', '2018', 'January', NULL, '2018-11-06 02:30:36', NULL, '2018-11-06 02:30:36'),
	(38, '2010014', 40, NULL, NULL, 38, 6, NULL, NULL, NULL, NULL, NULL, 36434.00, 'midyearbonus', '2018', 'January', NULL, '2018-11-06 02:30:36', NULL, '2018-11-06 02:30:36'),
	(39, '2011002', 41, NULL, NULL, 3, 2, NULL, NULL, NULL, NULL, NULL, 39240.00, 'midyearbonus', '2018', 'January', NULL, '2018-11-06 02:30:37', NULL, '2018-11-06 02:30:37'),
	(40, '2011037', 42, NULL, NULL, 39, 3, NULL, NULL, NULL, NULL, NULL, 36434.00, 'midyearbonus', '2018', 'January', NULL, '2018-11-06 02:30:37', NULL, '2018-11-06 02:30:37'),
	(41, '2013002', 43, NULL, NULL, 63, 1, NULL, NULL, NULL, NULL, NULL, 60088.00, 'midyearbonus', '2018', 'January', NULL, '2018-11-06 02:30:37', NULL, '2018-11-06 02:30:37'),
	(42, '2014009', 44, NULL, NULL, 15, 2, NULL, NULL, NULL, NULL, NULL, 55130.00, 'midyearbonus', '2018', 'January', NULL, '2018-11-06 02:30:37', NULL, '2018-11-06 02:30:37'),
	(43, '1979003', 46, NULL, NULL, 16, 2, NULL, NULL, NULL, NULL, NULL, 77438.00, 'midyearbonus', '2018', 'January', NULL, '2018-11-06 02:30:37', NULL, '2018-11-06 02:30:37'),
	(44, '2012012', 47, NULL, NULL, 25, 2, NULL, NULL, NULL, NULL, NULL, 78302.00, 'midyearbonus', '2018', 'January', NULL, '2018-11-06 02:30:37', NULL, '2018-11-06 02:30:37'),
	(45, '1989006', 49, NULL, NULL, 16, 5, NULL, NULL, NULL, NULL, NULL, 76544.00, 'midyearbonus', '2018', 'January', NULL, '2018-11-06 02:30:37', NULL, '2018-11-06 02:30:37'),
	(46, '1987009', 50, NULL, NULL, 39, 6, NULL, NULL, NULL, NULL, NULL, 38190.00, 'midyearbonus', '2018', 'January', NULL, '2018-11-06 02:30:37', NULL, '2018-11-06 02:30:37'),
	(47, '2015008', 51, NULL, NULL, 9, 4, NULL, NULL, NULL, NULL, NULL, 33972.00, 'midyearbonus', '2018', 'January', NULL, '2018-11-06 02:30:37', NULL, '2018-11-06 02:30:37'),
	(48, '2011032', 52, NULL, NULL, 28, 5, NULL, NULL, NULL, NULL, NULL, 78302.00, 'midyearbonus', '2018', 'January', NULL, '2018-11-06 02:30:37', NULL, '2018-11-06 02:30:37'),
	(49, '2012011', 53, NULL, NULL, 54, 5, NULL, NULL, NULL, NULL, NULL, 71386.00, 'midyearbonus', '2018', 'January', NULL, '2018-11-06 02:30:37', NULL, '2018-11-06 02:30:37'),
	(50, '1993001', 54, NULL, NULL, 70, 1, NULL, NULL, NULL, NULL, NULL, 105566.00, 'midyearbonus', '2018', 'January', NULL, '2018-11-06 02:30:37', NULL, '2018-11-06 02:30:37'),
	(51, '1993006', 55, NULL, NULL, 70, 1, NULL, NULL, NULL, NULL, NULL, 105566.00, 'midyearbonus', '2018', 'January', NULL, '2018-11-06 02:30:37', NULL, '2018-11-06 02:30:37'),
	(52, '2013003', 56, NULL, NULL, 63, 1, NULL, NULL, NULL, NULL, NULL, 63530.00, 'midyearbonus', '2018', 'January', NULL, '2018-11-06 02:30:37', NULL, '2018-11-06 02:30:37'),
	(53, '1978007', 57, NULL, NULL, 64, 2, NULL, NULL, NULL, NULL, NULL, 48094.00, 'midyearbonus', '2018', 'January', NULL, '2018-11-06 02:30:37', NULL, '2018-11-06 02:30:37'),
	(54, '2017006', 58, NULL, NULL, 24, 2, NULL, NULL, NULL, NULL, NULL, 42774.00, 'midyearbonus', '2018', 'January', NULL, '2018-11-06 02:30:37', NULL, '2018-11-06 02:30:37'),
	(55, '2016005', 59, NULL, NULL, 63, 6, NULL, NULL, NULL, NULL, NULL, 60088.00, 'midyearbonus', '2018', 'January', NULL, '2018-11-06 02:30:37', NULL, '2018-11-06 02:30:37'),
	(56, '1995007', 60, NULL, NULL, 70, 1, NULL, NULL, NULL, NULL, NULL, 105566.00, 'midyearbonus', '2018', 'January', NULL, '2018-11-06 02:30:38', NULL, '2018-11-06 02:30:38'),
	(57, '1990013', 61, NULL, NULL, 72, 7, NULL, NULL, NULL, NULL, NULL, 55130.00, 'midyearbonus', '2018', 'January', NULL, '2018-11-06 02:30:38', NULL, '2018-11-06 02:30:38'),
	(58, '1976004', 62, NULL, NULL, 65, 7, NULL, NULL, NULL, NULL, NULL, 54678.00, 'midyearbonus', '2018', 'January', NULL, '2018-11-06 02:30:38', NULL, '2018-11-06 02:30:38'),
	(59, '1985007', 63, NULL, NULL, 50, 6, NULL, NULL, NULL, NULL, NULL, 50580.00, 'midyearbonus', '2018', 'January', NULL, '2018-11-06 02:30:38', NULL, '2018-11-06 02:30:38'),
	(60, '1987010', 64, NULL, NULL, 38, 6, NULL, NULL, NULL, NULL, NULL, 33488.00, 'midyearbonus', '2018', 'January', NULL, '2018-11-06 02:30:38', NULL, '2018-11-06 02:30:38'),
	(61, '2011011', 65, NULL, NULL, 63, 3, NULL, NULL, NULL, NULL, NULL, 60088.00, 'midyearbonus', '2018', 'January', NULL, '2018-11-06 02:30:38', NULL, '2018-11-06 02:30:38'),
	(62, '1993008', 66, NULL, NULL, 63, 6, NULL, NULL, NULL, NULL, NULL, 60088.00, 'midyearbonus', '2018', 'January', NULL, '2018-11-06 02:30:38', NULL, '2018-11-06 02:30:38'),
	(63, '1990001', 67, NULL, NULL, 74, 7, NULL, NULL, NULL, NULL, NULL, 105566.00, 'midyearbonus', '2018', 'January', NULL, '2018-11-06 02:30:38', NULL, '2018-11-06 02:30:38'),
	(64, '1990007', 68, NULL, NULL, 66, 7, NULL, NULL, NULL, NULL, NULL, 84940.00, 'midyearbonus', '2018', 'January', NULL, '2018-11-06 02:30:38', NULL, '2018-11-06 02:30:38'),
	(65, '1981003', 69, NULL, NULL, 50, 6, NULL, NULL, NULL, NULL, NULL, 54072.00, 'midyearbonus', '2018', 'January', NULL, '2018-11-06 02:30:38', NULL, '2018-11-06 02:30:38'),
	(66, '1995001', 70, NULL, NULL, 34, 1, NULL, NULL, NULL, NULL, NULL, 50580.00, 'midyearbonus', '2018', 'January', NULL, '2018-11-06 02:30:38', NULL, '2018-11-06 02:30:38'),
	(67, '1987001', 71, NULL, NULL, 39, 1, NULL, NULL, NULL, NULL, NULL, 38488.00, 'midyearbonus', '2018', 'January', NULL, '2018-11-06 02:30:38', NULL, '2018-11-06 02:30:38'),
	(68, '1990011', 72, NULL, NULL, 70, 6, NULL, NULL, NULL, NULL, NULL, 114570.00, 'midyearbonus', '2018', 'January', NULL, '2018-11-06 02:30:38', NULL, '2018-11-06 02:30:38'),
	(69, '1988001', 73, NULL, NULL, 70, 7, NULL, NULL, NULL, NULL, NULL, 71386.00, 'midyearbonus', '2018', 'January', NULL, '2018-11-06 02:30:38', NULL, '2018-11-06 02:30:38'),
	(70, '2012001', 74, NULL, NULL, 32, 1, NULL, NULL, NULL, NULL, NULL, 31636.00, 'midyearbonus', '2018', 'January', NULL, '2018-11-06 02:30:38', NULL, '2018-11-06 02:30:38'),
	(71, '2016002', 75, NULL, NULL, 26, 4, NULL, NULL, NULL, NULL, NULL, 192726.00, 'midyearbonus', '2018', 'January', NULL, '2018-11-06 02:30:38', NULL, '2018-11-06 02:30:38'),
	(72, '2016003', 76, NULL, NULL, 39, 3, NULL, NULL, NULL, NULL, NULL, 31636.00, 'midyearbonus', '2018', 'January', NULL, '2018-11-06 02:30:38', NULL, '2018-11-06 02:30:38'),
	(73, '2015006', 77, NULL, NULL, 73, 7, NULL, NULL, NULL, NULL, NULL, 55130.00, 'midyearbonus', '2018', 'January', NULL, '2018-11-06 02:30:38', NULL, '2018-11-06 02:30:38'),
	(74, '2011021', 78, NULL, NULL, 3, 1, NULL, NULL, NULL, NULL, NULL, 31636.00, 'midyearbonus', '2018', 'January', NULL, '2018-11-06 02:30:38', NULL, '2018-11-06 02:30:38'),
	(75, '1983001', 79, NULL, NULL, 3, 2, NULL, NULL, NULL, NULL, NULL, 29204.00, 'midyearbonus', '2018', 'January', NULL, '2018-11-06 02:30:38', NULL, '2018-11-06 02:30:38'),
	(76, '1983002', 80, NULL, NULL, 40, 6, NULL, NULL, NULL, NULL, NULL, 45728.00, 'midyearbonus', '2018', 'January', NULL, '2018-11-06 02:30:38', NULL, '2018-11-06 02:30:38'),
	(77, '2010019', 81, NULL, NULL, 16, 2, NULL, NULL, NULL, NULL, NULL, 71386.00, 'midyearbonus', '2018', 'January', NULL, '2018-11-06 02:30:39', NULL, '2018-11-06 02:30:39'),
	(78, '2010010', 82, NULL, NULL, 16, 7, NULL, NULL, NULL, NULL, NULL, 39240.00, 'midyearbonus', '2018', 'January', NULL, '2018-11-06 02:30:39', NULL, '2018-11-06 02:30:39'),
	(79, '1977004', 83, NULL, NULL, 12, 7, NULL, NULL, NULL, NULL, NULL, 38488.00, 'midyearbonus', '2018', 'January', NULL, '2018-11-06 02:30:39', NULL, '2018-11-06 02:30:39'),
	(80, '1997001', 84, NULL, NULL, 66, 1, NULL, NULL, NULL, NULL, NULL, 81552.00, 'midyearbonus', '2018', 'January', NULL, '2018-11-06 02:30:39', NULL, '2018-11-06 02:30:39'),
	(81, '1987002', 85, NULL, NULL, 34, 1, NULL, NULL, NULL, NULL, NULL, 54072.00, 'midyearbonus', '2018', 'January', NULL, '2018-11-06 02:30:39', NULL, '2018-11-06 02:30:39'),
	(82, '2015011', 86, NULL, NULL, 4, 1, NULL, NULL, NULL, NULL, NULL, 29570.00, 'midyearbonus', '2018', 'January', NULL, '2018-11-06 02:30:39', NULL, '2018-11-06 02:30:39'),
	(83, '2015010', 87, NULL, NULL, 27, 5, NULL, NULL, NULL, NULL, NULL, 42774.00, 'midyearbonus', '2018', 'January', NULL, '2018-11-06 02:30:39', NULL, '2018-11-06 02:30:39'),
	(84, '1980001', 88, NULL, NULL, 70, 6, NULL, NULL, NULL, NULL, NULL, 114570.00, 'midyearbonus', '2018', 'January', NULL, '2018-11-06 02:30:39', NULL, '2018-11-06 02:30:39'),
	(85, '2012006', 89, NULL, NULL, 4, 1, NULL, NULL, NULL, NULL, NULL, 29570.00, 'midyearbonus', '2018', 'January', NULL, '2018-11-06 02:30:39', NULL, '2018-11-06 02:30:39'),
	(86, '1992006', 90, NULL, NULL, 39, 1, NULL, NULL, NULL, NULL, NULL, 37448.00, 'midyearbonus', '2018', 'January', NULL, '2018-11-06 02:30:39', NULL, '2018-11-06 02:30:39'),
	(87, '2011024', 91, NULL, NULL, 5, 1, NULL, NULL, NULL, NULL, NULL, 33972.00, 'midyearbonus', '2018', 'January', NULL, '2018-11-06 02:30:39', NULL, '2018-11-06 02:30:39'),
	(88, '1987003', 92, NULL, NULL, 40, 6, NULL, NULL, NULL, NULL, NULL, 45728.00, 'midyearbonus', '2018', 'January', NULL, '2018-11-06 02:30:39', NULL, '2018-11-06 02:30:39'),
	(89, '1989003', 93, NULL, NULL, 18, 4, NULL, NULL, NULL, NULL, NULL, 174458.00, 'midyearbonus', '2018', 'January', NULL, '2018-11-06 02:30:39', NULL, '2018-11-06 02:30:39'),
	(90, '2011013', 94, NULL, NULL, 55, 5, NULL, NULL, NULL, NULL, NULL, 105566.00, 'midyearbonus', '2018', 'January', NULL, '2018-11-06 02:30:39', NULL, '2018-11-06 02:30:39'),
	(91, '1985002', 95, NULL, NULL, 39, 3, NULL, NULL, NULL, NULL, NULL, 38842.00, 'midyearbonus', '2018', 'January', NULL, '2018-11-06 02:30:39', NULL, '2018-11-06 02:30:39'),
	(92, '2011034', 96, NULL, NULL, 63, 3, NULL, NULL, NULL, NULL, NULL, 60088.00, 'midyearbonus', '2018', 'January', NULL, '2018-11-06 02:30:39', NULL, '2018-11-06 02:30:39'),
	(93, '2011015', 97, NULL, NULL, 10, 4, NULL, NULL, NULL, NULL, NULL, 33972.00, 'midyearbonus', '2018', 'January', NULL, '2018-11-06 02:30:39', NULL, '2018-11-06 02:30:39'),
	(94, '2010004', 98, NULL, NULL, 66, 6, NULL, NULL, NULL, NULL, NULL, 78302.00, 'midyearbonus', '2018', 'January', NULL, '2018-11-06 02:30:39', NULL, '2018-11-06 02:30:39'),
	(95, '1988002', 99, NULL, NULL, 17, 2, NULL, NULL, NULL, NULL, NULL, 71386.00, 'midyearbonus', '2018', 'January', NULL, '2018-11-06 02:30:39', NULL, '2018-11-06 02:30:39'),
	(96, '1976002', 100, NULL, NULL, 6, 6, NULL, NULL, NULL, NULL, NULL, 35886.00, 'midyearbonus', '2018', 'January', NULL, '2018-11-06 02:30:39', NULL, '2018-11-06 02:30:39'),
	(97, '1987006', 101, NULL, NULL, 15, 2, NULL, NULL, NULL, NULL, NULL, 59114.00, 'midyearbonus', '2018', 'January', NULL, '2018-11-06 02:30:39', NULL, '2018-11-06 02:30:39'),
	(98, '2011027', 102, NULL, NULL, 63, 7, NULL, NULL, NULL, NULL, NULL, 60088.00, 'midyearbonus', '2018', 'January', NULL, '2018-11-06 02:30:39', NULL, '2018-11-06 02:30:39'),
	(99, '2013004', 103, NULL, NULL, 6, 7, NULL, NULL, NULL, NULL, NULL, 33972.00, 'midyearbonus', '2018', 'January', NULL, '2018-11-06 02:30:40', NULL, '2018-11-06 02:30:40'),
	(100, '2016006', 104, NULL, NULL, 54, 5, NULL, NULL, NULL, NULL, NULL, 71386.00, 'midyearbonus', '2018', 'January', NULL, '2018-11-06 02:30:40', NULL, '2018-11-06 02:30:40'),
	(101, '1977002', 105, NULL, NULL, 10, 2, NULL, NULL, NULL, NULL, NULL, 35886.00, 'midyearbonus', '2018', 'January', NULL, '2018-11-06 02:30:40', NULL, '2018-11-06 02:30:40'),
	(102, '2010017', 106, NULL, NULL, 66, 7, NULL, NULL, NULL, NULL, NULL, 78302.00, 'midyearbonus', '2018', 'January', NULL, '2018-11-06 02:30:40', NULL, '2018-11-06 02:30:40'),
	(103, '2017001', 107, NULL, NULL, 38, 3, NULL, NULL, NULL, NULL, NULL, 31636.00, 'midyearbonus', '2018', 'January', NULL, '2018-11-06 02:30:40', NULL, '2018-11-06 02:30:40'),
	(104, '1990012', 109, NULL, NULL, 66, 6, NULL, NULL, NULL, NULL, NULL, 84940.00, 'midyearbonus', '2018', 'January', NULL, '2018-11-06 02:30:40', NULL, '2018-11-06 02:30:40'),
	(105, '1989004', 110, NULL, NULL, 73, 7, NULL, NULL, NULL, NULL, NULL, 71386.00, 'midyearbonus', '2018', 'January', NULL, '2018-11-06 02:30:40', NULL, '2018-11-06 02:30:40'),
	(106, '1994003', 111, NULL, NULL, 3, 2, NULL, NULL, NULL, NULL, NULL, 27702.00, 'midyearbonus', '2018', 'January', NULL, '2018-11-06 02:30:40', NULL, '2018-11-06 02:30:40'),
	(107, '2011009', 112, NULL, NULL, 6, 6, NULL, NULL, NULL, NULL, NULL, 33972.00, 'midyearbonus', '2018', 'January', NULL, '2018-11-06 02:30:40', NULL, '2018-11-06 02:30:40'),
	(108, '2012013', 113, NULL, NULL, 24, 1, NULL, NULL, NULL, NULL, NULL, 60088.00, 'midyearbonus', '2018', 'January', NULL, '2018-11-06 02:30:40', NULL, '2018-11-06 02:30:40'),
	(109, '1978002', 114, NULL, NULL, 6, 2, NULL, NULL, NULL, NULL, NULL, 35886.00, 'midyearbonus', '2018', 'January', NULL, '2018-11-06 02:30:40', NULL, '2018-11-06 02:30:40'),
	(110, '1981001', 115, NULL, NULL, 6, 2, NULL, NULL, NULL, NULL, NULL, 35886.00, 'midyearbonus', '2018', 'January', NULL, '2018-11-06 02:30:40', NULL, '2018-11-06 02:30:40'),
	(111, '1992009', 116, NULL, NULL, 39, 3, NULL, NULL, NULL, NULL, NULL, 37448.00, 'midyearbonus', '2018', 'January', NULL, '2018-11-06 02:30:40', NULL, '2018-11-06 02:30:40'),
	(112, '1989002', 117, NULL, NULL, 39, 6, NULL, NULL, NULL, NULL, NULL, 38488.00, 'midyearbonus', '2018', 'January', NULL, '2018-11-06 02:30:40', NULL, '2018-11-06 02:30:40'),
	(113, '1990006', 118, NULL, NULL, 16, 2, NULL, NULL, NULL, NULL, NULL, 71386.00, 'midyearbonus', '2018', 'January', NULL, '2018-11-06 02:30:40', NULL, '2018-11-06 02:30:40'),
	(114, '1992001', 119, NULL, NULL, 70, 3, NULL, NULL, NULL, NULL, NULL, 114570.00, 'midyearbonus', '2018', 'January', NULL, '2018-11-06 02:30:40', NULL, '2018-11-06 02:30:40'),
	(115, '2016007', 120, NULL, NULL, 66, 1, NULL, NULL, NULL, NULL, NULL, 78302.00, 'midyearbonus', '2018', 'January', NULL, '2018-11-06 02:30:40', NULL, '2018-11-06 02:30:40'),
	(116, '2014008', 121, NULL, NULL, 66, 1, NULL, NULL, NULL, NULL, NULL, 78302.00, 'midyearbonus', '2018', 'January', NULL, '2018-11-06 02:30:40', NULL, '2018-11-06 02:30:40'),
	(117, '1980002', 122, NULL, NULL, 6, 3, NULL, NULL, NULL, NULL, NULL, 36216.00, 'midyearbonus', '2018', 'January', NULL, '2018-11-06 02:30:41', NULL, '2018-11-06 02:30:41'),
	(118, '1988003', 123, NULL, NULL, 6, 7, NULL, NULL, NULL, NULL, NULL, 83796.00, 'midyearbonus', '2018', 'January', NULL, '2018-11-06 02:30:41', NULL, '2018-11-06 02:30:41'),
	(119, '2011025', 124, NULL, NULL, 63, 6, NULL, NULL, NULL, NULL, NULL, 60088.00, 'midyearbonus', '2018', 'January', NULL, '2018-11-06 02:30:41', NULL, '2018-11-06 02:30:41'),
	(120, '1992004', 125, NULL, NULL, 20, 6, NULL, NULL, NULL, NULL, NULL, 128832.00, 'midyearbonus', '2018', 'January', NULL, '2018-11-06 02:30:41', NULL, '2018-11-06 02:30:41'),
	(121, '2010021', 126, NULL, NULL, 12, 2, NULL, NULL, NULL, NULL, NULL, 50580.00, 'midyearbonus', '2018', 'January', NULL, '2018-11-06 02:30:41', NULL, '2018-11-06 02:30:41'),
	(122, '1984003', 127, NULL, NULL, 6, 7, NULL, NULL, NULL, NULL, NULL, 35886.00, 'midyearbonus', '2018', 'January', NULL, '2018-11-06 02:30:41', NULL, '2018-11-06 02:30:41'),
	(123, '2011010', 128, NULL, NULL, 63, 6, NULL, NULL, NULL, NULL, NULL, 60088.00, 'midyearbonus', '2018', 'January', NULL, '2018-11-06 02:30:41', NULL, '2018-11-06 02:30:41'),
	(124, '2015012', 129, NULL, NULL, 39, 6, NULL, NULL, NULL, NULL, NULL, 36434.00, 'midyearbonus', '2018', 'January', NULL, '2018-11-06 02:30:41', NULL, '2018-11-06 02:30:41'),
	(125, '2017004', 130, NULL, NULL, 9, 4, NULL, NULL, NULL, NULL, NULL, 29570.00, 'midyearbonus', '2018', 'January', NULL, '2018-11-06 02:30:41', NULL, '2018-11-06 02:30:41'),
	(126, '2017003', 133, NULL, NULL, 14, 2, NULL, NULL, NULL, NULL, NULL, 39240.00, 'midyearbonus', '2018', 'January', NULL, '2018-11-06 02:30:41', NULL, '2018-11-06 02:30:41'),
	(127, '2017007', 135, NULL, NULL, 35, 1, NULL, NULL, NULL, NULL, NULL, 27702.00, 'midyearbonus', '2018', 'January', NULL, '2018-11-06 02:30:41', NULL, '2018-11-06 02:30:41'),
	(128, '2011036', 136, NULL, NULL, 66, 6, NULL, NULL, NULL, NULL, NULL, 78302.00, 'midyearbonus', '2018', 'January', NULL, '2018-11-06 02:30:41', NULL, '2018-11-06 02:30:41'),
	(129, '2011014', 137, NULL, NULL, 66, 1, NULL, NULL, NULL, NULL, NULL, 84198.00, 'midyearbonus', '2018', 'January', NULL, '2018-11-06 02:30:41', NULL, '2018-11-06 02:30:41'),
	(130, '1985008', 138, NULL, NULL, 39, 3, NULL, NULL, NULL, NULL, NULL, 38488.00, 'midyearbonus', '2018', 'January', NULL, '2018-11-06 02:30:41', NULL, '2018-11-06 02:30:41'),
	(131, '2012007', 139, NULL, NULL, 63, 6, NULL, NULL, NULL, NULL, NULL, 60088.00, 'midyearbonus', '2018', 'January', NULL, '2018-11-06 02:30:41', NULL, '2018-11-06 02:30:41'),
	(132, '1990005', 140, NULL, NULL, 39, 6, NULL, NULL, NULL, NULL, NULL, 36434.00, 'midyearbonus', '2018', 'January', NULL, '2018-11-06 02:30:41', NULL, '2018-11-06 02:30:41'),
	(133, '2015002', 141, NULL, NULL, NULL, 7, NULL, NULL, NULL, NULL, NULL, 60088.00, 'midyearbonus', '2018', 'January', NULL, '2018-11-06 02:30:41', NULL, '2018-11-06 02:30:41'),
	(134, '2011001', 142, NULL, NULL, 63, 7, NULL, NULL, NULL, NULL, NULL, 60088.00, 'midyearbonus', '2018', 'January', NULL, '2018-11-06 02:30:41', NULL, '2018-11-06 02:30:41'),
	(135, '1978005', 143, NULL, NULL, 50, 6, NULL, NULL, NULL, NULL, NULL, 50580.00, 'midyearbonus', '2018', 'January', NULL, '2018-11-06 02:30:42', NULL, '2018-11-06 02:30:42'),
	(136, '2014010', 144, NULL, NULL, 53, 5, NULL, NULL, NULL, NULL, NULL, 55130.00, 'midyearbonus', '2018', 'January', NULL, '2018-11-06 02:30:42', NULL, '2018-11-06 02:30:42'),
	(137, '1994001', 145, NULL, NULL, 70, 6, NULL, NULL, NULL, NULL, NULL, 105566.00, 'midyearbonus', '2018', 'January', NULL, '2018-11-06 02:30:42', NULL, '2018-11-06 02:30:42'),
	(138, '1994002', 146, NULL, NULL, 70, 7, NULL, NULL, NULL, NULL, NULL, 105566.00, 'midyearbonus', '2018', 'January', NULL, '2018-11-06 02:30:42', NULL, '2018-11-06 02:30:42'),
	(139, '2012009', 147, NULL, NULL, 3, 2, NULL, NULL, NULL, NULL, NULL, 27702.00, 'midyearbonus', '2018', 'January', NULL, '2018-11-06 02:30:42', NULL, '2018-11-06 02:30:42'),
	(140, '1992002', 148, NULL, NULL, 40, 6, NULL, NULL, NULL, NULL, NULL, 42774.00, 'midyearbonus', '2018', 'January', NULL, '2018-11-06 02:30:42', NULL, '2018-11-06 02:30:42'),
	(141, '2014006', 149, NULL, NULL, 19, 2, NULL, NULL, NULL, NULL, NULL, 128832.00, 'midyearbonus', '2018', 'January', NULL, '2018-11-06 02:30:42', NULL, '2018-11-06 02:30:42'),
	(142, '2014002', 150, NULL, NULL, 53, 5, NULL, NULL, NULL, NULL, NULL, 55130.00, 'midyearbonus', '2018', 'January', NULL, '2018-11-06 02:30:42', NULL, '2018-11-06 02:30:42'),
	(143, '2017002', 151, NULL, NULL, 3, 2, NULL, NULL, NULL, NULL, NULL, 22774.00, 'midyearbonus', '2018', 'January', NULL, '2018-11-06 02:30:42', NULL, '2018-11-06 02:30:42'),
	(144, '2011030', 152, NULL, NULL, NULL, 3, NULL, NULL, NULL, NULL, NULL, 33972.00, 'midyearbonus', '2018', 'January', NULL, '2018-11-06 02:30:42', NULL, '2018-11-06 02:30:42'),
	(145, '2011026', 153, NULL, NULL, 63, 3, NULL, NULL, NULL, NULL, NULL, 60088.00, 'midyearbonus', '2018', 'January', NULL, '2018-11-06 02:30:42', NULL, '2018-11-06 02:30:42'),
	(146, '2016011', 154, NULL, NULL, 2, 2, NULL, NULL, NULL, NULL, NULL, 24310.00, 'midyearbonus', '2018', 'January', NULL, '2018-11-06 02:30:42', NULL, '2018-11-06 02:30:42'),
	(147, '2010003', 155, NULL, NULL, 33, 1, NULL, NULL, NULL, NULL, NULL, 63530.00, 'midyearbonus', '2018', 'January', NULL, '2018-11-06 02:30:42', NULL, '2018-11-06 02:30:42'),
	(148, '2015014', 156, NULL, NULL, 72, 7, NULL, NULL, NULL, NULL, NULL, 55130.00, 'midyearbonus', '2018', 'January', NULL, '2018-11-06 02:30:42', NULL, '2018-11-06 02:30:42'),
	(149, '2013007', 157, NULL, NULL, 7, 2, NULL, NULL, NULL, NULL, NULL, 36434.00, 'midyearbonus', '2018', 'January', NULL, '2018-11-06 02:30:42', NULL, '2018-11-06 02:30:42'),
	(150, '2017005', 158, NULL, NULL, 12, 2, NULL, NULL, NULL, NULL, NULL, 36434.00, 'midyearbonus', '2018', 'January', NULL, '2018-11-06 02:30:42', NULL, '2018-11-06 02:30:42'),
	(151, '2003002', 159, NULL, NULL, 69, 2, NULL, NULL, NULL, NULL, NULL, 109950.00, 'midyearbonus', '2018', 'January', NULL, '2018-11-06 02:30:43', NULL, '2018-11-06 02:30:43'),
	(152, '1992005', 160, NULL, NULL, 66, 7, NULL, NULL, NULL, NULL, NULL, 84940.00, 'midyearbonus', '2018', 'January', NULL, '2018-11-06 02:30:43', NULL, '2018-11-06 02:30:43'),
	(153, '2013001', 161, NULL, NULL, 66, 1, NULL, NULL, NULL, NULL, NULL, 78302.00, 'midyearbonus', '2018', 'January', NULL, '2018-11-06 02:30:43', NULL, '2018-11-06 02:30:43'),
	(154, '1990014', 162, NULL, NULL, 20, 1, NULL, NULL, NULL, NULL, NULL, 128832.00, 'midyearbonus', '2018', 'January', NULL, '2018-11-06 02:30:43', NULL, '2018-11-06 02:30:43'),
	(155, '2016008', 163, NULL, NULL, 15, 2, NULL, NULL, NULL, NULL, NULL, 55130.00, 'midyearbonus', '2018', 'January', NULL, '2018-11-06 02:30:43', NULL, '2018-11-06 02:30:43'),
	(156, '1989001', 164, NULL, NULL, 17, 5, NULL, NULL, NULL, NULL, NULL, 33488.00, 'midyearbonus', '2018', 'January', NULL, '2018-11-06 02:30:43', NULL, '2018-11-06 02:30:43'),
	(157, '2008003', 165, NULL, NULL, 66, 3, NULL, NULL, NULL, NULL, NULL, 78302.00, 'midyearbonus', '2018', 'January', NULL, '2018-11-06 02:30:43', NULL, '2018-11-06 02:30:43'),
	(158, '1995004', 166, NULL, NULL, 39, 7, NULL, NULL, NULL, NULL, NULL, 38190.00, 'midyearbonus', '2018', 'January', NULL, '2018-11-06 02:30:43', NULL, '2018-11-06 02:30:43'),
	(159, '2010012', 167, NULL, NULL, 3, 2, NULL, NULL, NULL, NULL, NULL, 22774.00, 'midyearbonus', '2018', 'January', NULL, '2018-11-06 02:30:44', NULL, '2018-11-06 02:30:44'),
	(160, '1995006', 168, NULL, NULL, 16, 2, NULL, NULL, NULL, NULL, NULL, 71386.00, 'midyearbonus', '2018', 'January', NULL, '2018-11-06 02:30:44', NULL, '2018-11-06 02:30:44'),
	(161, '1996001', 169, NULL, NULL, 38, 1, NULL, NULL, NULL, NULL, NULL, 31636.00, 'midyearbonus', '2018', 'January', NULL, '2018-11-06 02:30:44', NULL, '2018-11-06 02:30:44'),
	(162, '1990004', 170, NULL, NULL, 38, 7, NULL, NULL, NULL, NULL, NULL, 137874.00, 'midyearbonus', '2018', 'January', NULL, '2018-11-06 02:30:44', NULL, '2018-11-06 02:30:44'),
	(163, '1994004', 171, NULL, NULL, 66, 7, NULL, NULL, NULL, NULL, NULL, 78302.00, 'midyearbonus', '2018', 'January', NULL, '2018-11-06 02:30:44', NULL, '2018-11-06 02:30:44'),
	(164, '2014007', 172, NULL, NULL, 63, 1, NULL, NULL, NULL, NULL, NULL, 60088.00, 'midyearbonus', '2018', 'January', NULL, '2018-11-06 02:30:44', NULL, '2018-11-06 02:30:44'),
	(165, '2015004', 173, NULL, NULL, 15, 2, NULL, NULL, NULL, NULL, NULL, 55130.00, 'midyearbonus', '2018', 'January', NULL, '2018-11-06 02:30:44', NULL, '2018-11-06 02:30:44'),
	(166, '1990003', 174, NULL, NULL, 18, 4, NULL, NULL, NULL, NULL, NULL, 174458.00, 'midyearbonus', '2018', 'January', NULL, '2018-11-06 02:30:44', NULL, '2018-11-06 02:30:44'),
	(167, '2011035', 175, NULL, NULL, 63, 7, NULL, NULL, NULL, NULL, NULL, 78302.00, 'midyearbonus', '2018', 'January', NULL, '2018-11-06 02:30:45', NULL, '2018-11-06 02:30:45'),
	(168, '2015007', 176, NULL, NULL, 1, 2, NULL, NULL, NULL, NULL, NULL, 105566.00, 'midyearbonus', '2018', 'January', NULL, '2018-11-06 02:30:45', NULL, '2018-11-06 02:30:45'),
	(169, '1993007', 177, NULL, NULL, 15, 2, NULL, NULL, NULL, NULL, NULL, 55130.00, 'midyearbonus', '2018', 'January', NULL, '2018-11-06 02:30:45', NULL, '2018-11-06 02:30:45'),
	(170, '1976001', 178, NULL, NULL, 6, 3, NULL, NULL, NULL, NULL, NULL, 36216.00, 'midyearbonus', '2018', 'January', NULL, '2018-11-06 02:30:45', NULL, '2018-11-06 02:30:45'),
	(171, '1987007', 179, NULL, NULL, 14, 7, NULL, NULL, NULL, NULL, NULL, 42116.00, 'midyearbonus', '2018', 'January', NULL, '2018-11-06 02:30:45', NULL, '2018-11-06 02:30:45'),
	(172, '2016004', 180, NULL, NULL, 38, 3, NULL, NULL, NULL, NULL, NULL, 31636.00, 'midyearbonus', '2018', 'January', NULL, '2018-11-06 02:30:45', NULL, '2018-11-06 02:30:45'),
	(173, '2012002', 181, NULL, NULL, 35, 1, NULL, NULL, NULL, NULL, NULL, 27702.00, 'midyearbonus', '2018', 'January', NULL, '2018-11-06 02:30:45', NULL, '2018-11-06 02:30:45'),
	(174, '1978003', 182, NULL, NULL, 11, 2, NULL, NULL, NULL, NULL, NULL, 42614.00, 'midyearbonus', '2018', 'January', NULL, '2018-11-06 02:30:45', NULL, '2018-11-06 02:30:45'),
	(175, '1991001', 183, NULL, NULL, 66, 1, NULL, NULL, NULL, NULL, NULL, 79370.00, 'midyearbonus', '2018', 'January', NULL, '2018-11-06 02:30:45', NULL, '2018-11-06 02:30:45'),
	(176, '2012003', 184, NULL, NULL, 10, 5, NULL, NULL, NULL, NULL, NULL, 33972.00, 'midyearbonus', '2018', 'January', NULL, '2018-11-06 02:30:45', NULL, '2018-11-06 02:30:45'),
	(177, '1979002', 185, NULL, NULL, 16, 2, NULL, NULL, NULL, NULL, NULL, 77438.00, 'midyearbonus', '2018', 'January', NULL, '2018-11-06 02:30:45', NULL, '2018-11-06 02:30:45'),
	(178, '2012004', 186, NULL, NULL, 66, 6, NULL, NULL, NULL, NULL, NULL, 78302.00, 'midyearbonus', '2018', 'January', NULL, '2018-11-06 02:30:45', NULL, '2018-11-06 02:30:45'),
	(179, '1992008', 187, NULL, NULL, 38, 3, NULL, NULL, NULL, NULL, NULL, 32550.00, 'midyearbonus', '2018', 'January', NULL, '2018-11-06 02:30:45', NULL, '2018-11-06 02:30:45'),
	(180, '1994005', 188, NULL, NULL, 15, 2, NULL, NULL, NULL, NULL, NULL, 55130.00, 'midyearbonus', '2018', 'January', NULL, '2018-11-06 02:30:46', NULL, '2018-11-06 02:30:46'),
	(181, '1993003', 189, NULL, NULL, 10, 3, NULL, NULL, NULL, NULL, NULL, 35886.00, 'midyearbonus', '2018', 'January', NULL, '2018-11-06 02:30:46', NULL, '2018-11-06 02:30:46'),
	(182, '1987011', 190, NULL, NULL, 66, 7, NULL, NULL, NULL, NULL, NULL, 86102.00, 'midyearbonus', '2018', 'January', NULL, '2018-11-06 02:30:46', NULL, '2018-11-06 02:30:46'),
	(183, '2016001', 191, NULL, NULL, 38, 6, NULL, NULL, NULL, NULL, NULL, 31636.00, 'midyearbonus', '2018', 'January', NULL, '2018-11-06 02:30:46', NULL, '2018-11-06 02:30:46'),
	(184, '1985003', 192, NULL, NULL, 40, 1, NULL, NULL, NULL, NULL, NULL, 45728.00, 'midyearbonus', '2018', 'January', NULL, '2018-11-06 02:30:46', NULL, '2018-11-06 02:30:46'),
	(185, '1990009', 193, NULL, NULL, 16, 2, NULL, NULL, NULL, NULL, NULL, 71386.00, 'midyearbonus', '2018', 'January', NULL, '2018-11-06 02:30:46', NULL, '2018-11-06 02:30:46'),
	(186, '1978001', 194, NULL, NULL, 8, 6, NULL, NULL, NULL, NULL, NULL, 42116.00, 'midyearbonus', '2018', 'January', NULL, '2018-11-06 02:30:47', NULL, '2018-11-06 02:30:47'),
	(187, '1993005', 195, NULL, NULL, 40, 3, NULL, NULL, NULL, NULL, NULL, 42774.00, 'midyearbonus', '2018', 'January', NULL, '2018-11-06 02:30:47', NULL, '2018-11-06 02:30:47'),
	(188, '1979001', 196, NULL, NULL, 6, 6, NULL, NULL, NULL, NULL, NULL, 35886.00, 'midyearbonus', '2018', 'January', NULL, '2018-11-06 02:30:47', NULL, '2018-11-06 02:30:47'),
	(189, '2010013', 197, NULL, NULL, 3, 2, NULL, NULL, NULL, NULL, NULL, 24310.00, 'midyearbonus', '2018', 'January', NULL, '2018-11-06 02:30:47', NULL, '2018-11-06 02:30:47'),
	(190, '2016012', 198, NULL, NULL, 3, 2, NULL, NULL, NULL, NULL, NULL, 22774.00, 'midyearbonus', '2018', 'January', NULL, '2018-11-06 02:30:47', NULL, '2018-11-06 02:30:47'),
	(191, '1978009', 199, NULL, NULL, 15, 7, NULL, NULL, NULL, NULL, NULL, 59114.00, 'midyearbonus', '2018', 'January', NULL, '2018-11-06 02:30:47', NULL, '2018-11-06 02:30:47'),
	(192, '2014004', 200, NULL, NULL, 52, 5, NULL, NULL, NULL, NULL, NULL, 39240.00, 'midyearbonus', '2018', 'January', NULL, '2018-11-06 02:30:47', NULL, '2018-11-06 02:30:47'),
	(193, '1987005', 202, NULL, NULL, 40, 6, NULL, NULL, NULL, NULL, NULL, 44298.00, 'midyearbonus', '2018', 'January', NULL, '2018-11-06 02:30:47', NULL, '2018-11-06 02:30:47'),
	(194, '1987014', 203, NULL, NULL, 70, 3, NULL, NULL, NULL, NULL, NULL, 128832.00, 'midyearbonus', '2018', 'January', NULL, '2018-11-06 02:30:47', NULL, '2018-11-06 02:30:47'),
	(195, '2011006', 204, NULL, NULL, 37, 3, NULL, NULL, NULL, NULL, NULL, 27702.00, 'midyearbonus', '2018', 'January', NULL, '2018-11-06 02:30:47', NULL, '2018-11-06 02:30:47'),
	(196, '2015013', 205, NULL, NULL, 6, 6, NULL, NULL, NULL, NULL, NULL, 29570.00, 'midyearbonus', '2018', 'January', NULL, '2018-11-06 02:30:47', NULL, '2018-11-06 02:30:47'),
	(197, '1984002', 206, NULL, NULL, 39, 3, NULL, NULL, NULL, NULL, NULL, 38488.00, 'midyearbonus', '2018', 'January', NULL, '2018-11-06 02:30:47', NULL, '2018-11-06 02:30:47'),
	(198, '1995003', 207, NULL, NULL, 39, 6, NULL, NULL, NULL, NULL, NULL, 36434.00, 'midyearbonus', '2018', 'January', NULL, '2018-11-06 02:30:47', NULL, '2018-11-06 02:30:47'),
	(199, '2011016', 209, NULL, NULL, 63, 6, NULL, NULL, NULL, NULL, NULL, 60088.00, 'midyearbonus', '2018', 'January', NULL, '2018-11-06 02:30:47', NULL, '2018-11-06 02:30:47'),
	(200, '2011022', 210, NULL, NULL, 63, 3, NULL, NULL, NULL, NULL, NULL, 60088.00, 'midyearbonus', '2018', 'January', NULL, '2018-11-06 02:30:47', NULL, '2018-11-06 02:30:47'),
	(201, '2011007', 211, NULL, NULL, 18, 4, NULL, NULL, NULL, NULL, NULL, 116620.00, 'midyearbonus', '2018', 'January', NULL, '2018-11-06 02:30:47', NULL, '2018-11-06 02:30:47'),
	(202, '1989007', 212, NULL, NULL, 68, 7, NULL, NULL, NULL, NULL, NULL, 50580.00, 'midyearbonus', '2018', 'January', NULL, '2018-11-06 02:30:47', NULL, '2018-11-06 02:30:47'),
	(203, '2011004', 213, NULL, NULL, 13, 2, NULL, NULL, NULL, NULL, NULL, 39240.00, 'midyearbonus', '2018', 'January', NULL, '2018-11-06 02:30:47', NULL, '2018-11-06 02:30:47'),
	(204, '1987008', 214, NULL, NULL, 71, 7, NULL, NULL, NULL, NULL, NULL, 42116.00, 'midyearbonus', '2018', 'January', NULL, '2018-11-06 02:30:47', NULL, '2018-11-06 02:30:47'),
	(205, '2011005', 215, NULL, NULL, 23, 1, NULL, NULL, NULL, NULL, NULL, 39240.00, 'midyearbonus', '2018', 'January', NULL, '2018-11-06 02:30:48', NULL, '2018-11-06 02:30:48'),
	(206, '1985005', 1, NULL, NULL, 56, 5, NULL, NULL, NULL, NULL, NULL, 200.00, 'honoraria', '2018', 'January', 2, '2018-11-06 09:18:58', NULL, '2018-11-06 09:18:58');
/*!40000 ALTER TABLE `pms_specialpayroll_transactions` ENABLE KEYS */;

-- Dumping structure for table mirdc.pms_special_annual_tax
DROP TABLE IF EXISTS `pms_special_annual_tax`;
CREATE TABLE IF NOT EXISTS `pms_special_annual_tax` (
  `id` int(11) NOT NULL AUTO_INCREMENT,
  `employee_number` varchar(225) DEFAULT NULL,
  `employee_id` int(11) DEFAULT NULL,
  `clothing_allowance_amount` decimal(13,2) DEFAULT NULL,
  `cash_gift_amount` decimal(13,2) DEFAULT NULL,
  `loyalty_amount` decimal(13,2) DEFAULT NULL,
  `performance_base_amount` decimal(13,2) DEFAULT NULL,
  `collective_negotiation_amount` decimal(13,2) DEFAULT NULL,
  `pei_amount` decimal(13,2) DEFAULT NULL,
  `mid_year_amount` decimal(13,2) DEFAULT NULL,
  `year_end_amount` decimal(13,2) DEFAULT NULL,
  `honoraria_amount` decimal(13,2) DEFAULT NULL,
  `for_year` varchar(50) DEFAULT NULL,
  `created_by` int(11) DEFAULT NULL,
  `updated_by` int(11) DEFAULT NULL,
  `created_at` timestamp NULL DEFAULT NULL,
  `updated_at` timestamp NULL DEFAULT NULL,
  PRIMARY KEY (`id`)
) ENGINE=InnoDB DEFAULT CHARSET=latin1;

-- Dumping data for table mirdc.pms_special_annual_tax: ~0 rows (approximately)
/*!40000 ALTER TABLE `pms_special_annual_tax` DISABLE KEYS */;
/*!40000 ALTER TABLE `pms_special_annual_tax` ENABLE KEYS */;

-- Dumping structure for table mirdc.pms_taxespolicy
DROP TABLE IF EXISTS `pms_taxespolicy`;
CREATE TABLE IF NOT EXISTS `pms_taxespolicy` (
  `id` int(11) NOT NULL AUTO_INCREMENT,
  `policy_name` varchar(225) DEFAULT NULL,
  `pay_period` varchar(225) DEFAULT NULL,
  `deduction_period` varchar(225) DEFAULT NULL,
  `policy_type` varchar(225) DEFAULT NULL,
  `based_on` varchar(225) DEFAULT NULL,
  `computation` varchar(225) DEFAULT NULL,
  `is_withholding` varchar(225) DEFAULT NULL,
  `job_grade_rate` decimal(9,2) DEFAULT NULL,
  `remarks` varchar(225) DEFAULT NULL,
  `created_at` timestamp NULL DEFAULT NULL,
  `updated_at` timestamp NULL DEFAULT NULL,
  `updated_by` int(11) DEFAULT NULL,
  PRIMARY KEY (`id`)
) ENGINE=InnoDB AUTO_INCREMENT=13 DEFAULT CHARSET=latin1;

-- Dumping data for table mirdc.pms_taxespolicy: ~7 rows (approximately)
/*!40000 ALTER TABLE `pms_taxespolicy` DISABLE KEYS */;
INSERT INTO `pms_taxespolicy` (`id`, `policy_name`, `pay_period`, `deduction_period`, `policy_type`, `based_on`, `computation`, `is_withholding`, `job_grade_rate`, `remarks`, `created_at`, `updated_at`, `updated_by`) VALUES
	(2, 'STANDARD POLICY', 'Monthly', 'Both', 'System Generated', 'Gross Salary', 'Gross Taxable', 'Monthly', NULL, NULL, '2018-06-19 17:24:26', '2018-06-21 04:31:17', NULL),
	(6, '2 %', 'Monthly', 'Both', 'System Generated', 'Gross Salary', 'Gross Taxable', 'Annual', 0.02, NULL, '2018-08-07 06:01:11', '2018-10-28 01:00:17', NULL),
	(7, '5 %', 'Monthly', 'Both', 'System Generated', 'Gross Salary', 'Gross Taxable', 'Annual', 0.05, NULL, '2018-08-07 06:01:49', '2018-10-28 01:00:31', NULL),
	(9, '10 %', 'Monthly', 'Both', 'System Generated', 'Gross Salary', 'Gross Taxable', 'Annual', 0.10, NULL, '2018-08-09 09:46:08', '2018-10-28 01:00:10', NULL),
	(11, '3 %', 'Monthly', 'Both', 'System Generated', 'Gross Taxable', 'Gross Taxable', NULL, 0.03, NULL, '2018-08-27 07:08:48', '2018-10-28 01:00:24', NULL),
	(12, 'ANNUAL POLICY', 'Monthly', 'Both', 'System Generated', 'Gross Taxable', 'Gross Taxable', 'Annual', NULL, NULL, '2018-10-20 12:52:38', '2018-10-20 12:57:15', NULL);
/*!40000 ALTER TABLE `pms_taxespolicy` ENABLE KEYS */;

-- Dumping structure for table mirdc.pms_taxtable
DROP TABLE IF EXISTS `pms_taxtable`;
CREATE TABLE IF NOT EXISTS `pms_taxtable` (
  `id` bigint(50) NOT NULL AUTO_INCREMENT,
  `payperiod` varchar(225) DEFAULT NULL,
  `salary_bracket_level1` decimal(9,2) DEFAULT NULL,
  `salary_bracket_level2` decimal(9,2) DEFAULT NULL,
  `salary_bracket_level3` decimal(9,2) DEFAULT NULL,
  `salary_bracket_level4` decimal(9,2) DEFAULT NULL,
  `salary_bracket_level5` decimal(9,2) DEFAULT NULL,
  `salary_bracket_level6` decimal(9,2) DEFAULT NULL,
  `status` varchar(225) DEFAULT NULL,
  `effectivity_date` date DEFAULT NULL,
  `remarks` varchar(300) DEFAULT NULL,
  `created_at` timestamp NULL DEFAULT NULL,
  `updated_at` timestamp NULL DEFAULT NULL,
  `updated_by` int(11) DEFAULT NULL,
  PRIMARY KEY (`id`)
) ENGINE=InnoDB AUTO_INCREMENT=5 DEFAULT CHARSET=latin1;

-- Dumping data for table mirdc.pms_taxtable: ~4 rows (approximately)
/*!40000 ALTER TABLE `pms_taxtable` DISABLE KEYS */;
INSERT INTO `pms_taxtable` (`id`, `payperiod`, `salary_bracket_level1`, `salary_bracket_level2`, `salary_bracket_level3`, `salary_bracket_level4`, `salary_bracket_level5`, `salary_bracket_level6`, `status`, `effectivity_date`, `remarks`, `created_at`, `updated_at`, `updated_by`) VALUES
	(1, 'Daily', 0.00, 0.00, 82.19, 356.16, 1342.47, 6602.74, NULL, '2018-06-12', NULL, '2018-06-11 09:52:22', '2018-06-11 09:52:22', NULL),
	(2, 'Monthly', 0.00, 0.00, 2500.00, 10833.33, 40833.33, 200833.33, NULL, '2018-06-12', NULL, '2018-06-11 09:52:22', '2018-06-11 09:52:22', NULL),
	(3, 'Semi Monthly', 0.00, 0.00, 1250.00, 5416.67, 20416.67, 100416.67, NULL, '2018-06-12', NULL, '2018-06-11 09:52:22', '2018-06-11 09:52:22', NULL),
	(4, 'Weekly', 0.00, 0.00, 576.92, 2500.00, 9423.08, 46346.15, NULL, '2018-06-12', NULL, '2018-06-11 09:52:22', '2018-06-11 09:52:22', NULL);
/*!40000 ALTER TABLE `pms_taxtable` ENABLE KEYS */;

-- Dumping structure for table mirdc.pms_transactions
DROP TABLE IF EXISTS `pms_transactions`;
CREATE TABLE IF NOT EXISTS `pms_transactions` (
  `id` int(11) NOT NULL AUTO_INCREMENT,
  `employee_number` varchar(225) DEFAULT NULL,
  `employee_id` int(11) DEFAULT NULL,
  `salaryinfo_id` int(11) DEFAULT NULL,
  `division_id` int(11) DEFAULT NULL,
  `company_id` int(11) DEFAULT NULL,
  `position_item_id` int(11) DEFAULT NULL,
  `position_id` int(11) DEFAULT NULL,
  `office_id` int(11) DEFAULT NULL,
  `department_id` int(11) DEFAULT NULL,
  `empstatus_id` int(11) DEFAULT NULL,
  `employeeinfo_id` int(11) DEFAULT NULL,
  `actual_workdays` int(11) DEFAULT NULL,
  `adjust_workdays` int(11) DEFAULT NULL,
  `actual_absences` int(11) DEFAULT NULL,
  `adjust_absences` int(11) DEFAULT NULL,
  `actual_tardiness` int(11) DEFAULT NULL,
  `adjust_tardiness` int(11) DEFAULT NULL,
  `actual_undertime` int(11) DEFAULT NULL,
  `adjust_undertime` int(11) DEFAULT NULL,
  `actual_basicpay_amount` decimal(9,2) DEFAULT NULL,
  `adjust_basicpay_amount` decimal(9,2) DEFAULT NULL,
  `total_basicpay_amount` decimal(9,2) DEFAULT NULL,
  `actual_absences_amount` decimal(9,2) DEFAULT NULL,
  `adjust_absences_amount` decimal(9,2) DEFAULT NULL,
  `total_absences_amount` decimal(9,2) DEFAULT NULL,
  `actual_tardines_amount` decimal(9,2) DEFAULT NULL,
  `adjust_tardines_amount` decimal(9,2) DEFAULT NULL,
  `total_tardines_amount` decimal(9,2) DEFAULT NULL,
  `actual_undertime_amount` decimal(9,2) DEFAULT NULL,
  `adjust_undertime_amount` decimal(9,2) DEFAULT NULL,
  `total_undertime_amount` decimal(9,2) DEFAULT NULL,
  `basic_net_pay` decimal(9,2) DEFAULT NULL,
  `actual_contribution` decimal(9,2) DEFAULT NULL,
  `adjust_contribution` decimal(9,2) DEFAULT NULL,
  `total_contribution` decimal(9,2) DEFAULT NULL,
  `actual_loan` decimal(9,2) DEFAULT NULL,
  `adjust_loan` decimal(9,2) DEFAULT NULL,
  `total_loan` decimal(9,2) DEFAULT NULL,
  `actual_otherdeduct` decimal(9,2) DEFAULT NULL,
  `adjust_otherdeduct` decimal(9,2) DEFAULT NULL,
  `total_otherdeduct` decimal(9,2) DEFAULT NULL,
  `net_deduction` decimal(9,2) DEFAULT NULL,
  `ecc_amount` decimal(9,2) DEFAULT NULL,
  `tax_amount` decimal(9,2) DEFAULT NULL,
  `gross_pay` decimal(9,2) DEFAULT NULL,
  `gross_taxable_pay` decimal(9,2) DEFAULT NULL,
  `net_pay` decimal(9,2) DEFAULT NULL,
  `pay_period` varchar(225) DEFAULT NULL,
  `hold` int(11) DEFAULT NULL,
  `year` varchar(225) DEFAULT NULL,
  `month` varchar(225) DEFAULT NULL,
  `created_at` timestamp NULL DEFAULT NULL,
  `updated_at` timestamp NULL DEFAULT NULL,
  `updated_by` int(11) DEFAULT NULL,
  PRIMARY KEY (`id`)
) ENGINE=InnoDB AUTO_INCREMENT=211 DEFAULT CHARSET=latin1;

-- Dumping data for table mirdc.pms_transactions: ~210 rows (approximately)
/*!40000 ALTER TABLE `pms_transactions` DISABLE KEYS */;
INSERT INTO `pms_transactions` (`id`, `employee_number`, `employee_id`, `salaryinfo_id`, `division_id`, `company_id`, `position_item_id`, `position_id`, `office_id`, `department_id`, `empstatus_id`, `employeeinfo_id`, `actual_workdays`, `adjust_workdays`, `actual_absences`, `adjust_absences`, `actual_tardiness`, `adjust_tardiness`, `actual_undertime`, `adjust_undertime`, `actual_basicpay_amount`, `adjust_basicpay_amount`, `total_basicpay_amount`, `actual_absences_amount`, `adjust_absences_amount`, `total_absences_amount`, `actual_tardines_amount`, `adjust_tardines_amount`, `total_tardines_amount`, `actual_undertime_amount`, `adjust_undertime_amount`, `total_undertime_amount`, `basic_net_pay`, `actual_contribution`, `adjust_contribution`, `total_contribution`, `actual_loan`, `adjust_loan`, `total_loan`, `actual_otherdeduct`, `adjust_otherdeduct`, `total_otherdeduct`, `net_deduction`, `ecc_amount`, `tax_amount`, `gross_pay`, `gross_taxable_pay`, `net_pay`, `pay_period`, `hold`, `year`, `month`, `created_at`, `updated_at`, `updated_by`) VALUES
	(1, '1985005', 1, 1, 5, NULL, NULL, 56, NULL, NULL, 1, 1, 21, NULL, NULL, NULL, NULL, NULL, NULL, NULL, 81344.00, NULL, NULL, NULL, NULL, NULL, NULL, NULL, NULL, NULL, NULL, NULL, 81344.00, NULL, NULL, 7970.96, NULL, NULL, 0.00, NULL, NULL, 0.00, 7970.96, 100.00, 21345.00, 10000.00, 73373.04, 52028.04, NULL, NULL, '2018', 'November', '2018-11-06 02:28:43', '2018-11-06 02:28:43', NULL),
	(2, '2005001', 2, 2, 3, NULL, NULL, 66, NULL, NULL, 1, 2, 21, NULL, NULL, NULL, NULL, NULL, NULL, NULL, 42099.00, NULL, NULL, NULL, NULL, NULL, NULL, NULL, NULL, NULL, NULL, NULL, 42099.00, NULL, NULL, 4438.91, NULL, NULL, 0.00, NULL, NULL, 0.00, 4438.91, 100.00, NULL, 0.00, 37660.09, 37660.09, NULL, NULL, '2018', 'November', '2018-11-06 02:28:43', '2018-11-06 02:28:43', NULL),
	(3, '1990008', 3, 3, 6, NULL, NULL, 20, NULL, NULL, 1, 3, 21, NULL, NULL, NULL, NULL, NULL, NULL, NULL, 28424.00, NULL, NULL, NULL, NULL, NULL, NULL, NULL, NULL, NULL, NULL, NULL, 28424.00, NULL, NULL, 3048.99, NULL, NULL, 3344.35, NULL, NULL, 0.00, 6393.34, 100.00, NULL, 0.00, 25375.01, 25375.01, NULL, NULL, '2018', 'November', '2018-11-06 02:28:43', '2018-11-06 02:28:43', NULL),
	(4, '1996003', 4, 4, 7, NULL, NULL, 70, NULL, NULL, 1, 4, 21, NULL, NULL, NULL, NULL, NULL, NULL, NULL, 58717.00, NULL, NULL, NULL, NULL, NULL, NULL, NULL, NULL, NULL, NULL, NULL, 58717.00, NULL, NULL, 5934.53, NULL, NULL, 12741.34, NULL, NULL, 0.00, 18675.87, 100.00, NULL, 0.00, 52782.47, 52782.47, NULL, NULL, '2018', 'November', '2018-11-06 02:28:44', '2018-11-06 02:28:44', NULL),
	(5, '2015001', 5, 5, 1, NULL, NULL, 66, NULL, NULL, 1, 5, 21, NULL, NULL, NULL, NULL, NULL, NULL, NULL, 42099.00, NULL, NULL, NULL, NULL, NULL, NULL, NULL, NULL, NULL, NULL, NULL, 42099.00, NULL, NULL, 4438.91, NULL, NULL, 0.00, NULL, NULL, 0.00, 4438.91, 100.00, NULL, 0.00, 37660.09, 37660.09, NULL, NULL, '2018', 'November', '2018-11-06 02:28:44', '2018-11-06 02:28:44', NULL),
	(6, '2011008', 6, 6, 7, NULL, NULL, 71, NULL, NULL, 1, 6, 21, NULL, NULL, NULL, NULL, NULL, NULL, NULL, 20179.00, NULL, NULL, NULL, NULL, NULL, NULL, NULL, NULL, NULL, NULL, NULL, 20179.00, NULL, NULL, 2193.57, NULL, NULL, 7891.64, NULL, NULL, 0.00, 10085.21, 100.00, NULL, 0.00, 17985.43, 17985.43, NULL, NULL, '2018', 'November', '2018-11-06 02:28:44', '2018-11-06 02:28:44', NULL),
	(7, '1984001', 7, 7, 3, NULL, NULL, 40, NULL, NULL, 1, 7, 21, NULL, NULL, NULL, NULL, NULL, NULL, NULL, 23486.00, NULL, NULL, NULL, NULL, NULL, NULL, NULL, NULL, NULL, NULL, NULL, 23486.00, NULL, NULL, 2536.67, NULL, NULL, 8321.99, NULL, NULL, 0.00, 10858.66, 100.00, NULL, 0.00, 20949.33, 20949.33, NULL, NULL, '2018', 'November', '2018-11-06 02:28:45', '2018-11-06 02:28:45', NULL),
	(8, '1983003', 8, 8, 3, NULL, NULL, 50, NULL, NULL, 1, 8, 21, NULL, NULL, NULL, NULL, NULL, NULL, NULL, 26494.00, NULL, NULL, NULL, NULL, NULL, NULL, NULL, NULL, NULL, NULL, NULL, 26494.00, NULL, NULL, 2848.75, NULL, NULL, 12671.67, NULL, NULL, 0.00, 15520.42, 100.00, NULL, 0.00, 23645.25, 23645.25, NULL, NULL, '2018', 'November', '2018-11-06 02:28:45', '2018-11-06 02:28:45', NULL),
	(9, '2003001', 9, 9, 7, NULL, NULL, 8, NULL, NULL, 1, 9, 21, NULL, NULL, NULL, NULL, NULL, NULL, NULL, 20963.00, NULL, NULL, NULL, NULL, NULL, NULL, NULL, NULL, NULL, NULL, NULL, 20963.00, NULL, NULL, 2274.91, NULL, NULL, 8175.64, NULL, NULL, 0.00, 10450.55, 100.00, NULL, 0.00, 18688.09, 18688.09, NULL, NULL, '2018', 'November', '2018-11-06 02:28:45', '2018-11-06 02:28:45', NULL),
	(10, '2010016', 10, 10, 6, NULL, NULL, 63, NULL, NULL, 1, 10, 21, NULL, NULL, NULL, NULL, NULL, NULL, NULL, 31765.00, NULL, NULL, NULL, NULL, NULL, NULL, NULL, NULL, NULL, NULL, NULL, 31765.00, NULL, NULL, 3395.62, NULL, NULL, 8975.46, NULL, NULL, 0.00, 12371.08, 100.00, NULL, 0.00, 28369.38, 28369.38, NULL, NULL, '2018', 'November', '2018-11-06 02:28:46', '2018-11-06 02:28:46', NULL),
	(11, '2012005', 11, 11, 1, NULL, NULL, 33, NULL, NULL, 1, 11, 21, NULL, NULL, NULL, NULL, NULL, NULL, NULL, 18718.00, NULL, NULL, NULL, NULL, NULL, NULL, NULL, NULL, NULL, NULL, NULL, 18718.00, NULL, NULL, 2041.99, NULL, NULL, 0.00, NULL, NULL, 0.00, 2041.99, 100.00, NULL, 0.00, 16676.01, 16676.01, NULL, NULL, '2018', 'November', '2018-11-06 02:28:46', '2018-11-06 02:28:46', NULL),
	(12, '1981002', 12, 12, 1, NULL, NULL, 22, NULL, NULL, 1, 12, 21, NULL, NULL, NULL, NULL, NULL, NULL, NULL, 29359.00, NULL, NULL, NULL, NULL, NULL, NULL, NULL, NULL, NULL, NULL, NULL, 29359.00, NULL, NULL, 3146.00, NULL, NULL, 24576.87, NULL, NULL, 0.00, 27722.87, 100.00, NULL, 0.00, 26213.00, 26213.00, NULL, NULL, '2018', 'November', '2018-11-06 02:28:46', '2018-11-06 02:28:46', NULL),
	(13, '2013006', 13, 13, 5, NULL, NULL, 54, NULL, NULL, 1, 13, 21, NULL, NULL, NULL, NULL, NULL, NULL, NULL, 38085.00, NULL, NULL, NULL, NULL, NULL, NULL, NULL, NULL, NULL, NULL, NULL, 38085.00, NULL, NULL, 4051.32, NULL, NULL, 0.00, NULL, NULL, 0.00, 4051.32, 100.00, NULL, 0.00, 34033.68, 34033.68, NULL, NULL, '2018', 'November', '2018-11-06 02:28:46', '2018-11-06 02:28:46', NULL),
	(14, '2011019', 14, 14, 6, NULL, NULL, 32, NULL, NULL, 1, 15, 21, NULL, NULL, NULL, NULL, NULL, NULL, NULL, 16282.00, NULL, NULL, NULL, NULL, NULL, NULL, NULL, NULL, NULL, NULL, NULL, 16282.00, NULL, NULL, 1789.26, NULL, NULL, 9334.79, NULL, NULL, 0.00, 11124.05, 100.00, NULL, 0.00, 14492.74, 14492.74, NULL, NULL, '2018', 'November', '2018-11-06 02:28:46', '2018-11-06 02:28:46', NULL),
	(15, '1985004', 15, 15, 7, NULL, NULL, 3, NULL, NULL, 1, 16, 21, NULL, NULL, NULL, NULL, NULL, NULL, NULL, 12620.00, NULL, NULL, NULL, NULL, NULL, NULL, NULL, NULL, NULL, NULL, NULL, 12620.00, NULL, NULL, 1409.33, NULL, NULL, 8752.10, NULL, NULL, 0.00, 10161.43, 100.00, NULL, 0.00, 11210.67, 11210.67, NULL, NULL, '2018', 'November', '2018-11-06 02:28:47', '2018-11-06 02:28:47', NULL),
	(16, '1992007', 16, 16, 6, NULL, NULL, 39, NULL, NULL, 1, 17, 21, NULL, NULL, NULL, NULL, NULL, NULL, NULL, 18718.00, NULL, NULL, NULL, NULL, NULL, NULL, NULL, NULL, NULL, NULL, NULL, 18718.00, NULL, NULL, 2041.99, NULL, NULL, 10819.51, NULL, NULL, 0.00, 12861.50, 100.00, NULL, 0.00, 16676.01, 16676.01, NULL, NULL, '2018', 'November', '2018-11-06 02:28:47', '2018-11-06 02:28:47', NULL),
	(17, '2011018', 17, 17, 3, NULL, NULL, 66, NULL, NULL, 1, 18, 21, NULL, NULL, NULL, NULL, NULL, NULL, NULL, 42099.00, NULL, NULL, NULL, NULL, NULL, NULL, NULL, NULL, NULL, NULL, NULL, 42099.00, NULL, NULL, 4438.91, NULL, NULL, 0.00, NULL, NULL, 0.00, 4438.91, 100.00, NULL, 0.00, 37660.09, 37660.09, NULL, NULL, '2018', 'November', '2018-11-06 02:28:47', '2018-11-06 02:28:47', NULL),
	(18, '1987004', 18, 18, 6, NULL, NULL, 40, NULL, NULL, 1, 19, 21, NULL, NULL, NULL, NULL, NULL, NULL, NULL, 23763.00, NULL, NULL, NULL, NULL, NULL, NULL, NULL, NULL, NULL, NULL, NULL, 23763.00, NULL, NULL, 2565.41, NULL, NULL, 1900.00, NULL, NULL, 0.00, 4465.41, 100.00, NULL, 0.00, 21197.59, 21197.59, NULL, NULL, '2018', 'November', '2018-11-06 02:28:47', '2018-11-06 02:28:47', NULL),
	(19, '2010005', 19, 19, 1, NULL, NULL, 57, NULL, NULL, 1, 20, 21, NULL, NULL, NULL, NULL, NULL, NULL, NULL, 18718.00, NULL, NULL, NULL, NULL, NULL, NULL, NULL, NULL, NULL, NULL, NULL, 18718.00, NULL, NULL, 2041.99, NULL, NULL, 10313.88, NULL, NULL, 0.00, 12355.87, 100.00, NULL, 0.00, 16676.01, 16676.01, NULL, NULL, '2018', 'November', '2018-11-06 02:28:48', '2018-11-06 02:28:48', NULL),
	(20, '1977001', 20, 20, 6, NULL, NULL, 50, NULL, NULL, 1, 21, 21, NULL, NULL, NULL, NULL, NULL, NULL, NULL, 28424.00, NULL, NULL, NULL, NULL, NULL, NULL, NULL, NULL, NULL, NULL, NULL, 28424.00, NULL, NULL, 3048.99, NULL, NULL, 4932.60, NULL, NULL, 0.00, 7981.59, 100.00, NULL, 0.00, 25375.01, 25375.01, NULL, NULL, '2018', 'November', '2018-11-06 02:28:48', '2018-11-06 02:28:48', NULL),
	(21, '2010002', 21, 21, 1, NULL, NULL, 22, NULL, NULL, 1, 22, 21, NULL, NULL, NULL, NULL, NULL, NULL, NULL, 31765.00, NULL, NULL, NULL, NULL, NULL, NULL, NULL, NULL, NULL, NULL, NULL, 31765.00, NULL, NULL, 3395.62, NULL, NULL, 19480.51, NULL, NULL, 0.00, 22876.13, 100.00, NULL, 0.00, 28369.38, 28369.38, NULL, NULL, '2018', 'November', '2018-11-06 02:28:48', '2018-11-06 02:28:48', NULL),
	(22, '1993004', 22, 22, 3, NULL, NULL, 39, NULL, NULL, 1, 23, 21, NULL, NULL, NULL, NULL, NULL, NULL, NULL, 18718.00, NULL, NULL, NULL, NULL, NULL, NULL, NULL, NULL, NULL, NULL, NULL, 18718.00, NULL, NULL, 2041.99, NULL, NULL, 12607.54, NULL, NULL, 0.00, 14649.53, 100.00, NULL, 0.00, 16676.01, 16676.01, NULL, NULL, '2018', 'November', '2018-11-06 02:28:48', '2018-11-06 02:28:48', NULL),
	(23, '2011020', 23, 23, 6, NULL, NULL, 37, NULL, NULL, 1, 24, 21, NULL, NULL, NULL, NULL, NULL, NULL, NULL, 14340.00, NULL, NULL, NULL, NULL, NULL, NULL, NULL, NULL, NULL, NULL, NULL, 14340.00, NULL, NULL, 1587.78, NULL, NULL, 8282.58, NULL, NULL, 0.00, 9870.36, 100.00, NULL, 0.00, 12752.22, 12752.22, NULL, NULL, '2018', 'November', '2018-11-06 02:28:49', '2018-11-06 02:28:49', NULL),
	(24, '1993002', 24, 24, 3, NULL, NULL, 63, NULL, NULL, 1, 25, 21, NULL, NULL, NULL, NULL, NULL, NULL, NULL, 34130.00, NULL, NULL, NULL, NULL, NULL, NULL, NULL, NULL, NULL, NULL, NULL, 34130.00, NULL, NULL, 3640.99, NULL, NULL, 0.00, NULL, NULL, 0.00, 3640.99, 100.00, NULL, 0.00, 30489.01, 30489.01, NULL, NULL, '2018', 'November', '2018-11-06 02:28:49', '2018-11-06 02:28:49', NULL),
	(25, '2016009', 25, 25, 2, NULL, NULL, 2, NULL, NULL, 1, 26, 21, NULL, NULL, NULL, NULL, NULL, NULL, NULL, 12674.00, NULL, NULL, NULL, NULL, NULL, NULL, NULL, NULL, NULL, NULL, NULL, 12674.00, NULL, NULL, 1414.93, NULL, NULL, 7333.28, NULL, NULL, 0.00, 8748.21, 100.00, NULL, 0.00, 11259.07, 11259.07, NULL, NULL, '2018', 'November', '2018-11-06 02:28:49', '2018-11-06 02:28:49', NULL),
	(26, '2018005', 26, 26, NULL, NULL, NULL, NULL, NULL, NULL, 1, 27, 21, NULL, NULL, NULL, NULL, NULL, NULL, NULL, 29010.00, NULL, NULL, NULL, NULL, NULL, NULL, NULL, NULL, NULL, NULL, NULL, 29010.00, NULL, NULL, 3109.79, NULL, NULL, 0.00, NULL, NULL, 0.00, 3109.79, 100.00, NULL, 0.00, 25900.21, 25900.21, NULL, NULL, '2018', 'November', '2018-11-06 02:28:49', '2018-11-06 02:28:49', NULL),
	(27, '1995005', 27, 27, 6, NULL, NULL, 66, NULL, NULL, 1, 28, 21, NULL, NULL, NULL, NULL, NULL, NULL, NULL, 42099.00, NULL, NULL, NULL, NULL, NULL, NULL, NULL, NULL, NULL, NULL, NULL, 42099.00, NULL, NULL, 4438.91, NULL, NULL, 0.00, NULL, NULL, 0.00, 4438.91, 100.00, NULL, 0.00, 37660.09, 37660.09, NULL, NULL, '2018', 'November', '2018-11-06 02:28:49', '2018-11-06 02:28:49', NULL),
	(28, '1992003', 28, 28, 3, NULL, NULL, 40, NULL, NULL, 1, 29, 21, NULL, NULL, NULL, NULL, NULL, NULL, NULL, 22149.00, NULL, NULL, NULL, NULL, NULL, NULL, NULL, NULL, NULL, NULL, NULL, 22149.00, NULL, NULL, 2397.96, NULL, NULL, 14255.67, NULL, NULL, 0.00, 16653.63, 100.00, NULL, 0.00, 19751.04, 19751.04, NULL, NULL, '2018', 'November', '2018-11-06 02:28:50', '2018-11-06 02:28:50', NULL),
	(29, '1987013', 29, 29, 2, NULL, NULL, 14, NULL, NULL, 1, 30, 21, NULL, NULL, NULL, NULL, NULL, NULL, NULL, 28424.00, NULL, NULL, NULL, NULL, NULL, NULL, NULL, NULL, NULL, NULL, NULL, 28424.00, NULL, NULL, 3048.99, NULL, NULL, 5614.71, NULL, NULL, 0.00, 8663.70, 100.00, NULL, 0.00, 25375.01, 25375.01, NULL, NULL, '2018', 'November', '2018-11-06 02:28:50', '2018-11-06 02:28:50', NULL),
	(30, '2011023', 30, 30, 1, NULL, NULL, 32, NULL, NULL, 1, 31, 21, NULL, NULL, NULL, NULL, NULL, NULL, NULL, 16282.00, NULL, NULL, NULL, NULL, NULL, NULL, NULL, NULL, NULL, NULL, NULL, 16282.00, NULL, NULL, 1789.26, NULL, NULL, 11720.02, NULL, NULL, 0.00, 13509.28, 100.00, NULL, 0.00, 14492.74, 14492.74, NULL, NULL, '2018', 'November', '2018-11-06 02:28:50', '2018-11-06 02:28:50', NULL),
	(31, '2011017', 31, 31, 6, NULL, NULL, 66, NULL, NULL, 1, 32, 21, NULL, NULL, NULL, NULL, NULL, NULL, NULL, 42099.00, NULL, NULL, NULL, NULL, NULL, NULL, NULL, NULL, NULL, NULL, NULL, 42099.00, NULL, NULL, 4438.91, NULL, NULL, 3900.00, NULL, NULL, 0.00, 8338.91, 100.00, NULL, 0.00, 37660.09, 37660.09, NULL, NULL, '2018', 'November', '2018-11-06 02:28:51', '2018-11-06 02:28:51', NULL),
	(32, '2015003', 32, 32, 7, NULL, NULL, 42, NULL, NULL, 1, 33, 21, NULL, NULL, NULL, NULL, NULL, NULL, NULL, 20179.00, NULL, NULL, NULL, NULL, NULL, NULL, NULL, NULL, NULL, NULL, NULL, 20179.00, NULL, NULL, 2193.57, NULL, NULL, 0.00, NULL, NULL, 0.00, 2193.57, 100.00, NULL, 0.00, 17985.43, 17985.43, NULL, NULL, '2018', 'November', '2018-11-06 02:28:51', '2018-11-06 02:28:51', NULL),
	(33, '2011033', 33, 33, 7, NULL, NULL, 33, NULL, NULL, 1, 63, 21, NULL, NULL, NULL, NULL, NULL, NULL, NULL, 18718.00, NULL, NULL, NULL, NULL, NULL, NULL, NULL, NULL, NULL, NULL, NULL, 18718.00, NULL, NULL, 2041.99, NULL, NULL, 6831.19, NULL, NULL, 0.00, 8873.18, 100.00, NULL, 0.00, 16676.01, 16676.01, NULL, NULL, '2018', 'November', '2018-11-06 02:28:52', '2018-11-06 02:28:52', NULL),
	(34, '2015005', 34, 34, 2, NULL, NULL, 24, NULL, NULL, 1, 64, 21, NULL, NULL, NULL, NULL, NULL, NULL, NULL, 31765.00, NULL, NULL, NULL, NULL, NULL, NULL, NULL, NULL, NULL, NULL, NULL, 31765.00, NULL, NULL, 3395.62, NULL, NULL, 9483.00, NULL, NULL, 0.00, 12878.62, 100.00, NULL, 0.00, 28369.38, 28369.38, NULL, NULL, '2018', 'November', '2018-11-06 02:28:52', '2018-11-06 02:28:52', NULL),
	(35, '2010011', 35, 35, 5, NULL, NULL, 15, NULL, NULL, 1, 65, 21, NULL, NULL, NULL, NULL, NULL, NULL, NULL, 29010.00, NULL, NULL, NULL, NULL, NULL, NULL, NULL, NULL, NULL, NULL, NULL, 29010.00, NULL, NULL, 3109.79, NULL, NULL, 14251.72, NULL, NULL, 0.00, 17361.51, 100.00, NULL, 0.00, 25900.21, 25900.21, NULL, NULL, '2018', 'November', '2018-11-06 02:28:52', '2018-11-06 02:28:52', NULL),
	(36, '1985001', 37, 37, 3, NULL, NULL, 40, NULL, NULL, 1, 67, 21, NULL, NULL, NULL, NULL, NULL, NULL, NULL, 23763.00, NULL, NULL, NULL, NULL, NULL, NULL, NULL, NULL, NULL, NULL, NULL, 23763.00, NULL, NULL, 2565.41, NULL, NULL, 5854.39, NULL, NULL, 0.00, 8419.80, 100.00, NULL, 0.00, 21197.59, 21197.59, NULL, NULL, '2018', 'November', '2018-11-06 02:28:53', '2018-11-06 02:28:53', NULL),
	(37, '1989005', 38, 38, 2, NULL, NULL, 16, NULL, NULL, 1, 68, 21, NULL, NULL, NULL, NULL, NULL, NULL, NULL, 40920.00, NULL, NULL, NULL, NULL, NULL, NULL, NULL, NULL, NULL, NULL, NULL, 40920.00, NULL, NULL, 4345.45, NULL, NULL, 8280.81, NULL, NULL, 0.00, 12626.26, 100.00, NULL, 0.00, 36574.55, 36574.55, NULL, NULL, '2018', 'November', '2018-11-06 02:28:53', '2018-11-06 02:28:53', NULL),
	(38, '2016010', 39, 39, 5, NULL, NULL, 16, NULL, NULL, 1, 69, 21, NULL, NULL, NULL, NULL, NULL, NULL, NULL, 38085.00, NULL, NULL, NULL, NULL, NULL, NULL, NULL, NULL, NULL, NULL, NULL, 38085.00, NULL, NULL, 4051.32, NULL, NULL, 12648.74, NULL, NULL, 0.00, 16700.06, 100.00, NULL, 0.00, 34033.68, 34033.68, NULL, NULL, '2018', 'November', '2018-11-06 02:28:53', '2018-11-06 02:28:53', NULL),
	(39, '2010014', 40, 40, 6, NULL, NULL, 38, NULL, NULL, 1, 70, 21, NULL, NULL, NULL, NULL, NULL, NULL, NULL, 18718.00, NULL, NULL, NULL, NULL, NULL, NULL, NULL, NULL, NULL, NULL, NULL, 18718.00, NULL, NULL, 2041.99, NULL, NULL, 0.00, NULL, NULL, 0.00, 2041.99, 100.00, NULL, 0.00, 16676.01, 16676.01, NULL, NULL, '2018', 'November', '2018-11-06 02:28:53', '2018-11-06 02:28:53', NULL),
	(40, '2011002', 41, 41, 2, NULL, NULL, 3, NULL, NULL, 1, 71, 21, NULL, NULL, NULL, NULL, NULL, NULL, NULL, 20179.00, NULL, NULL, NULL, NULL, NULL, NULL, NULL, NULL, NULL, NULL, NULL, 20179.00, NULL, NULL, 2193.57, NULL, NULL, 11656.35, NULL, NULL, 0.00, 13849.92, 100.00, NULL, 0.00, 17985.43, 17985.43, NULL, NULL, '2018', 'November', '2018-11-06 02:28:54', '2018-11-06 02:28:54', NULL),
	(41, '2011037', 42, 42, 3, NULL, NULL, 39, NULL, NULL, 1, 72, 21, NULL, NULL, NULL, NULL, NULL, NULL, NULL, 18718.00, NULL, NULL, NULL, NULL, NULL, NULL, NULL, NULL, NULL, NULL, NULL, 18718.00, NULL, NULL, 2041.99, NULL, NULL, 6752.19, NULL, NULL, 0.00, 8794.18, 100.00, NULL, 0.00, 16676.01, 16676.01, NULL, NULL, '2018', 'November', '2018-11-06 02:28:54', '2018-11-06 02:28:54', NULL),
	(42, '2013002', 43, 43, 1, NULL, NULL, 63, NULL, NULL, 1, 73, 21, NULL, NULL, NULL, NULL, NULL, NULL, NULL, 31765.00, NULL, NULL, NULL, NULL, NULL, NULL, NULL, NULL, NULL, NULL, NULL, 31765.00, NULL, NULL, 3395.62, NULL, NULL, 0.00, NULL, NULL, 0.00, 3395.62, 100.00, NULL, 0.00, 28369.38, 28369.38, NULL, NULL, '2018', 'November', '2018-11-06 02:28:54', '2018-11-06 02:28:54', NULL),
	(43, '2014009', 44, 44, 2, NULL, NULL, 15, NULL, NULL, 1, 74, 21, NULL, NULL, NULL, NULL, NULL, NULL, NULL, 29010.00, NULL, NULL, NULL, NULL, NULL, NULL, NULL, NULL, NULL, NULL, NULL, 29010.00, NULL, NULL, 3109.79, NULL, NULL, 750.00, NULL, NULL, 0.00, 3859.79, 100.00, NULL, 0.00, 25900.21, 25900.21, NULL, NULL, '2018', 'November', '2018-11-06 02:28:54', '2018-11-06 02:28:54', NULL),
	(44, '1979003', 46, 46, 2, NULL, NULL, 16, NULL, NULL, 1, 76, 21, NULL, NULL, NULL, NULL, NULL, NULL, NULL, 41413.00, NULL, NULL, NULL, NULL, NULL, NULL, NULL, NULL, NULL, NULL, NULL, 41413.00, NULL, NULL, 4396.60, NULL, NULL, 18018.81, NULL, NULL, 0.00, 22415.41, 100.00, NULL, 0.00, 37016.40, 37016.40, NULL, NULL, '2018', 'November', '2018-11-06 02:28:55', '2018-11-06 02:28:55', NULL),
	(45, '2012012', 47, 47, 2, NULL, NULL, 25, NULL, NULL, 1, 80, 21, NULL, NULL, NULL, NULL, NULL, NULL, NULL, 42099.00, NULL, NULL, NULL, NULL, NULL, NULL, NULL, NULL, NULL, NULL, NULL, 42099.00, NULL, NULL, 4438.91, NULL, NULL, 0.00, NULL, NULL, 0.00, 4438.91, 100.00, NULL, 0.00, 37660.09, 37660.09, NULL, NULL, '2018', 'November', '2018-11-06 02:28:55', '2018-11-06 02:28:55', NULL),
	(46, '1989006', 49, 49, 5, NULL, NULL, 16, NULL, NULL, 1, 81, 21, NULL, NULL, NULL, NULL, NULL, NULL, NULL, 40920.00, NULL, NULL, NULL, NULL, NULL, NULL, NULL, NULL, NULL, NULL, NULL, 40920.00, NULL, NULL, 4345.45, NULL, NULL, 7090.54, NULL, NULL, 0.00, 11435.99, 100.00, NULL, 0.00, 36574.55, 36574.55, NULL, NULL, '2018', 'November', '2018-11-06 02:28:55', '2018-11-06 02:28:55', NULL),
	(47, '1987009', 50, 50, 6, NULL, NULL, 39, NULL, NULL, 1, 78, 21, NULL, NULL, NULL, NULL, NULL, NULL, NULL, 19567.00, NULL, NULL, NULL, NULL, NULL, NULL, NULL, NULL, NULL, NULL, NULL, 19567.00, NULL, NULL, 2130.08, NULL, NULL, 10931.61, NULL, NULL, 0.00, 13061.69, 100.00, NULL, 0.00, 17436.92, 17436.92, NULL, NULL, '2018', 'November', '2018-11-06 02:28:56', '2018-11-06 02:28:56', NULL),
	(48, '2015008', 51, 51, 4, NULL, NULL, 9, NULL, NULL, 1, 77, 21, NULL, NULL, NULL, NULL, NULL, NULL, NULL, 17473.00, NULL, NULL, NULL, NULL, NULL, NULL, NULL, NULL, NULL, NULL, NULL, 17473.00, NULL, NULL, 1912.82, NULL, NULL, 1742.51, NULL, NULL, 0.00, 3655.33, 100.00, NULL, 0.00, 15560.18, 15560.18, NULL, NULL, '2018', 'November', '2018-11-06 02:28:56', '2018-11-06 02:28:56', NULL),
	(49, '2011032', 52, 52, 5, NULL, NULL, 28, NULL, NULL, 1, 53, 21, NULL, NULL, NULL, NULL, NULL, NULL, NULL, 42099.00, NULL, NULL, NULL, NULL, NULL, NULL, NULL, NULL, NULL, NULL, NULL, 42099.00, NULL, NULL, 4438.91, NULL, NULL, 6029.45, NULL, NULL, 0.00, 10468.36, 100.00, NULL, 0.00, 37660.09, 37660.09, NULL, NULL, '2018', 'November', '2018-11-06 02:28:58', '2018-11-06 02:28:58', NULL),
	(50, '2012011', 53, 53, 5, NULL, NULL, 54, NULL, NULL, 1, 82, 21, NULL, NULL, NULL, NULL, NULL, NULL, NULL, 38085.00, NULL, NULL, NULL, NULL, NULL, NULL, NULL, NULL, NULL, NULL, NULL, 38085.00, NULL, NULL, 4051.32, NULL, NULL, 0.00, NULL, NULL, 0.00, 4051.32, 100.00, NULL, 0.00, 34033.68, 34033.68, NULL, NULL, '2018', 'November', '2018-11-06 02:28:58', '2018-11-06 02:28:58', NULL),
	(51, '1993001', 54, 54, 1, NULL, NULL, 70, NULL, NULL, 1, 84, 21, NULL, NULL, NULL, NULL, NULL, NULL, NULL, 58717.00, NULL, NULL, NULL, NULL, NULL, NULL, NULL, NULL, NULL, NULL, NULL, 58717.00, NULL, NULL, 5934.53, NULL, NULL, 14302.22, NULL, NULL, 0.00, 20236.75, 100.00, NULL, 0.00, 52782.47, 52782.47, NULL, NULL, '2018', 'November', '2018-11-06 02:28:59', '2018-11-06 02:28:59', NULL),
	(52, '1993006', 55, 55, 1, NULL, NULL, 70, NULL, NULL, 1, 83, 21, NULL, NULL, NULL, NULL, NULL, NULL, NULL, 58717.00, NULL, NULL, NULL, NULL, NULL, NULL, NULL, NULL, NULL, NULL, NULL, 58717.00, NULL, NULL, 5934.53, NULL, NULL, 0.00, NULL, NULL, 0.00, 5934.53, 100.00, NULL, 0.00, 52782.47, 52782.47, NULL, NULL, '2018', 'November', '2018-11-06 02:29:00', '2018-11-06 02:29:00', NULL),
	(53, '2013003', 56, 56, 1, NULL, NULL, 63, NULL, NULL, 1, 85, 21, NULL, NULL, NULL, NULL, NULL, NULL, NULL, 31765.00, NULL, NULL, NULL, NULL, NULL, NULL, NULL, NULL, NULL, NULL, NULL, 31765.00, NULL, NULL, 3395.62, NULL, NULL, 0.00, NULL, NULL, 0.00, 3395.62, 100.00, NULL, 0.00, 28369.38, 28369.38, NULL, NULL, '2018', 'November', '2018-11-06 02:29:00', '2018-11-06 02:29:00', NULL),
	(54, '1978007', 57, 57, 2, NULL, NULL, 64, NULL, NULL, 1, 86, 21, NULL, NULL, NULL, NULL, NULL, NULL, NULL, 25091.00, NULL, NULL, NULL, NULL, NULL, NULL, NULL, NULL, NULL, NULL, NULL, 25091.00, NULL, NULL, 2703.19, NULL, NULL, 5653.70, NULL, NULL, 0.00, 8356.89, 100.00, NULL, 0.00, 22387.81, 22387.81, NULL, NULL, '2018', 'November', '2018-11-06 02:29:01', '2018-11-06 02:29:01', NULL),
	(55, '2017006', 58, 58, 2, NULL, NULL, 24, NULL, NULL, 1, 87, 21, NULL, NULL, NULL, NULL, NULL, NULL, NULL, 22149.00, NULL, NULL, NULL, NULL, NULL, NULL, NULL, NULL, NULL, NULL, NULL, 22149.00, NULL, NULL, 2397.96, NULL, NULL, 0.00, NULL, NULL, 0.00, 2397.96, 100.00, NULL, 0.00, 19751.04, 19751.04, NULL, NULL, '2018', 'November', '2018-11-06 02:29:01', '2018-11-06 02:29:01', NULL),
	(56, '2016005', 59, 59, 6, NULL, NULL, 63, NULL, NULL, 1, 88, 21, NULL, NULL, NULL, NULL, NULL, NULL, NULL, 31765.00, NULL, NULL, NULL, NULL, NULL, NULL, NULL, NULL, NULL, NULL, NULL, 31765.00, NULL, NULL, 3395.62, NULL, NULL, 0.00, NULL, NULL, 0.00, 3395.62, 100.00, NULL, 0.00, 28369.38, 28369.38, NULL, NULL, '2018', 'November', '2018-11-06 02:29:01', '2018-11-06 02:29:01', NULL),
	(57, '1995007', 60, 60, 1, NULL, NULL, 70, NULL, NULL, 1, 61, 21, NULL, NULL, NULL, NULL, NULL, NULL, NULL, 58717.00, NULL, NULL, NULL, NULL, NULL, NULL, NULL, NULL, NULL, NULL, NULL, 58717.00, NULL, NULL, 5934.53, NULL, NULL, 8993.14, NULL, NULL, 0.00, 14927.67, 100.00, NULL, 0.00, 52782.47, 52782.47, NULL, NULL, '2018', 'November', '2018-11-06 02:29:01', '2018-11-06 02:29:01', NULL),
	(58, '1990013', 61, 61, 7, NULL, NULL, 72, NULL, NULL, 1, 89, 21, NULL, NULL, NULL, NULL, NULL, NULL, NULL, 29010.00, NULL, NULL, NULL, NULL, NULL, NULL, NULL, NULL, NULL, NULL, NULL, 29010.00, NULL, NULL, 3109.79, NULL, NULL, 4903.16, NULL, NULL, 0.00, 8012.95, 100.00, NULL, 0.00, 25900.21, 25900.21, NULL, NULL, '2018', 'November', '2018-11-06 02:29:02', '2018-11-06 02:29:02', NULL),
	(59, '1976004', 62, 62, 7, NULL, NULL, 65, NULL, NULL, 1, 90, 21, NULL, NULL, NULL, NULL, NULL, NULL, NULL, 28759.00, NULL, NULL, NULL, NULL, NULL, NULL, NULL, NULL, NULL, NULL, NULL, 28759.00, NULL, NULL, 3083.75, NULL, NULL, 3400.00, NULL, NULL, 0.00, 6483.75, 100.00, NULL, 0.00, 25675.25, 25675.25, NULL, NULL, '2018', 'November', '2018-11-06 02:29:02', '2018-11-06 02:29:02', NULL),
	(60, '1985007', 63, 63, 6, NULL, NULL, 50, NULL, NULL, 1, 91, 21, NULL, NULL, NULL, NULL, NULL, NULL, NULL, 26494.00, NULL, NULL, NULL, NULL, NULL, NULL, NULL, NULL, NULL, NULL, NULL, 26494.00, NULL, NULL, 2848.75, NULL, NULL, 0.00, NULL, NULL, 0.00, 2848.75, 100.00, NULL, 0.00, 23645.25, 23645.25, NULL, NULL, '2018', 'November', '2018-11-06 02:29:02', '2018-11-06 02:29:02', NULL),
	(61, '1987010', 64, 64, 6, NULL, NULL, 38, NULL, NULL, 1, 92, 21, NULL, NULL, NULL, NULL, NULL, NULL, NULL, 17209.00, NULL, NULL, NULL, NULL, NULL, NULL, NULL, NULL, NULL, NULL, NULL, 17209.00, NULL, NULL, 1885.43, NULL, NULL, 14195.46, NULL, NULL, 0.00, 16080.89, 100.00, NULL, 0.00, 15323.57, 15323.57, NULL, NULL, '2018', 'November', '2018-11-06 02:29:02', '2018-11-06 02:29:02', NULL),
	(62, '2011011', 65, 65, 3, NULL, NULL, 63, NULL, NULL, 1, 93, 21, NULL, NULL, NULL, NULL, NULL, NULL, NULL, 31765.00, NULL, NULL, NULL, NULL, NULL, NULL, NULL, NULL, NULL, NULL, NULL, 31765.00, NULL, NULL, 3395.62, NULL, NULL, 17090.02, NULL, NULL, 0.00, 20485.64, 100.00, NULL, 0.00, 28369.38, 28369.38, NULL, NULL, '2018', 'November', '2018-11-06 02:29:02', '2018-11-06 02:29:02', NULL),
	(63, '1993008', 66, 66, 6, NULL, NULL, 63, NULL, NULL, 1, 94, 21, NULL, NULL, NULL, NULL, NULL, NULL, NULL, 31765.00, NULL, NULL, NULL, NULL, NULL, NULL, NULL, NULL, NULL, NULL, NULL, 31765.00, NULL, NULL, 3395.62, NULL, NULL, 0.00, NULL, NULL, 0.00, 3395.62, 100.00, NULL, 0.00, 28369.38, 28369.38, NULL, NULL, '2018', 'November', '2018-11-06 02:29:02', '2018-11-06 02:29:02', NULL),
	(64, '1990001', 67, 67, 7, NULL, NULL, 74, NULL, NULL, 1, 95, 21, NULL, NULL, NULL, NULL, NULL, NULL, NULL, 58717.00, NULL, NULL, NULL, NULL, NULL, NULL, NULL, NULL, NULL, NULL, NULL, 58717.00, NULL, NULL, 5934.53, NULL, NULL, 0.00, NULL, NULL, 0.00, 5934.53, 100.00, NULL, 0.00, 52782.47, 52782.47, NULL, NULL, '2018', 'November', '2018-11-06 02:29:03', '2018-11-06 02:29:03', NULL),
	(65, '1990007', 68, 68, 7, NULL, NULL, 66, NULL, NULL, 1, 96, 21, NULL, NULL, NULL, NULL, NULL, NULL, NULL, 46030.00, NULL, NULL, NULL, NULL, NULL, NULL, NULL, NULL, NULL, NULL, NULL, 46030.00, NULL, NULL, 4792.70, NULL, NULL, 13674.11, NULL, NULL, 0.00, 18466.81, 100.00, NULL, 0.00, 41237.30, 41237.30, NULL, NULL, '2018', 'November', '2018-11-06 02:29:03', '2018-11-06 02:29:03', NULL),
	(66, '1981003', 69, 69, 6, NULL, NULL, 50, NULL, NULL, 1, 97, 21, NULL, NULL, NULL, NULL, NULL, NULL, NULL, 28424.00, NULL, NULL, NULL, NULL, NULL, NULL, NULL, NULL, NULL, NULL, NULL, 28424.00, NULL, NULL, 3048.99, NULL, NULL, 12990.87, NULL, NULL, 0.00, 16039.86, 100.00, NULL, 0.00, 25375.01, 25375.01, NULL, NULL, '2018', 'November', '2018-11-06 02:29:03', '2018-11-06 02:29:03', NULL),
	(67, '1995001', 70, 70, 1, NULL, NULL, 34, NULL, NULL, 1, 98, 21, NULL, NULL, NULL, NULL, NULL, NULL, NULL, 26494.00, NULL, NULL, NULL, NULL, NULL, NULL, NULL, NULL, NULL, NULL, NULL, 26494.00, NULL, NULL, 2848.75, NULL, NULL, 1484.29, NULL, NULL, 0.00, 4333.04, 100.00, NULL, 0.00, 23645.25, 23645.25, NULL, NULL, '2018', 'November', '2018-11-06 02:29:03', '2018-11-06 02:29:03', NULL),
	(68, '1987001', 71, 71, 1, NULL, NULL, 39, NULL, NULL, 1, 99, 21, NULL, NULL, NULL, NULL, NULL, NULL, NULL, 19725.00, NULL, NULL, NULL, NULL, NULL, NULL, NULL, NULL, NULL, NULL, NULL, 19725.00, NULL, NULL, 2146.47, NULL, NULL, 10634.62, NULL, NULL, 0.00, 12781.09, 100.00, NULL, 0.00, 17578.53, 17578.53, NULL, NULL, '2018', 'November', '2018-11-06 02:29:03', '2018-11-06 02:29:03', NULL),
	(69, '1990011', 72, 72, 6, NULL, NULL, 70, NULL, NULL, 1, 100, 21, NULL, NULL, NULL, NULL, NULL, NULL, NULL, 64200.00, NULL, NULL, NULL, NULL, NULL, NULL, NULL, NULL, NULL, NULL, NULL, 64200.00, NULL, NULL, 6428.00, NULL, NULL, 22538.17, NULL, NULL, 0.00, 28966.17, 100.00, NULL, 0.00, 57772.00, 57772.00, NULL, NULL, '2018', 'November', '2018-11-06 02:29:04', '2018-11-06 02:29:04', NULL),
	(70, '1988001', 73, 73, 7, NULL, NULL, 70, NULL, NULL, 1, 101, 21, NULL, NULL, NULL, NULL, NULL, NULL, NULL, 38085.00, NULL, NULL, NULL, NULL, NULL, NULL, NULL, NULL, NULL, NULL, NULL, 38085.00, NULL, NULL, 4051.32, NULL, NULL, 8362.67, NULL, NULL, 0.00, 12413.99, 100.00, NULL, 0.00, 34033.68, 34033.68, NULL, NULL, '2018', 'November', '2018-11-06 02:29:04', '2018-11-06 02:29:04', NULL),
	(71, '2012001', 74, 74, 1, NULL, NULL, 32, NULL, NULL, 1, 102, 21, NULL, NULL, NULL, NULL, NULL, NULL, NULL, 16282.00, NULL, NULL, NULL, NULL, NULL, NULL, NULL, NULL, NULL, NULL, NULL, 16282.00, NULL, NULL, 1789.26, NULL, NULL, 0.00, NULL, NULL, 0.00, 1789.26, 100.00, NULL, 0.00, 14492.74, 14492.74, NULL, NULL, '2018', 'November', '2018-11-06 02:29:04', '2018-11-06 02:29:04', NULL),
	(72, '2016002', 75, 75, 4, NULL, NULL, 26, NULL, NULL, 1, 103, 21, NULL, NULL, NULL, NULL, NULL, NULL, NULL, 114981.00, NULL, NULL, NULL, NULL, NULL, NULL, NULL, NULL, NULL, NULL, NULL, 114981.00, NULL, NULL, 10998.29, NULL, NULL, 0.00, NULL, NULL, 0.00, 10998.29, 100.00, NULL, 18000.00, 103982.71, 103982.71, NULL, NULL, '2018', 'November', '2018-11-06 02:29:05', '2018-11-06 02:29:05', NULL),
	(73, '2016003', 76, 76, 3, NULL, NULL, 39, NULL, NULL, 1, 104, 21, NULL, NULL, NULL, NULL, NULL, NULL, NULL, 16282.00, NULL, NULL, NULL, NULL, NULL, NULL, NULL, NULL, NULL, NULL, NULL, 16282.00, NULL, NULL, 1789.26, NULL, NULL, 0.00, NULL, NULL, 0.00, 1789.26, 100.00, NULL, 0.00, 14492.74, 14492.74, NULL, NULL, '2018', 'November', '2018-11-06 02:29:05', '2018-11-06 02:29:05', NULL),
	(74, '2015006', 77, 77, 7, NULL, NULL, 73, NULL, NULL, 1, 105, 21, NULL, NULL, NULL, NULL, NULL, NULL, NULL, 29010.00, NULL, NULL, NULL, NULL, NULL, NULL, NULL, NULL, NULL, NULL, NULL, 29010.00, NULL, NULL, 3109.79, NULL, NULL, 6611.50, NULL, NULL, 0.00, 9721.29, 100.00, NULL, 0.00, 25900.21, 25900.21, NULL, NULL, '2018', 'November', '2018-11-06 02:29:05', '2018-11-06 02:29:05', NULL),
	(75, '2011021', 78, 78, 1, NULL, NULL, 3, NULL, NULL, 1, 106, 21, NULL, NULL, NULL, NULL, NULL, NULL, NULL, 16282.00, NULL, NULL, NULL, NULL, NULL, NULL, NULL, NULL, NULL, NULL, NULL, 16282.00, NULL, NULL, 1789.26, NULL, NULL, 3235.33, NULL, NULL, 0.00, 5024.59, 100.00, NULL, 0.00, 14492.74, 14492.74, NULL, NULL, '2018', 'November', '2018-11-06 02:29:05', '2018-11-06 02:29:05', NULL),
	(76, '1983001', 79, 79, 2, NULL, NULL, 3, NULL, NULL, 1, 107, 21, NULL, NULL, NULL, NULL, NULL, NULL, NULL, 15066.00, NULL, NULL, NULL, NULL, NULL, NULL, NULL, NULL, NULL, NULL, NULL, 15066.00, NULL, NULL, 1663.10, NULL, NULL, 14345.97, NULL, NULL, 0.00, 16009.07, 100.00, NULL, 0.00, 13402.90, 13402.90, NULL, NULL, '2018', 'November', '2018-11-06 02:29:06', '2018-11-06 02:29:06', NULL),
	(77, '1983002', 80, 80, 6, NULL, NULL, 40, NULL, NULL, 1, 108, 21, NULL, NULL, NULL, NULL, NULL, NULL, NULL, 23763.00, NULL, NULL, NULL, NULL, NULL, NULL, NULL, NULL, NULL, NULL, NULL, 23763.00, NULL, NULL, 2565.41, NULL, NULL, 0.00, NULL, NULL, 0.00, 2565.41, 100.00, NULL, 0.00, 21197.59, 21197.59, NULL, NULL, '2018', 'November', '2018-11-06 02:29:06', '2018-11-06 02:29:06', NULL),
	(78, '2010019', 81, 81, 2, NULL, NULL, 16, NULL, NULL, 1, 109, 21, NULL, NULL, NULL, NULL, NULL, NULL, NULL, 38085.00, NULL, NULL, NULL, NULL, NULL, NULL, NULL, NULL, NULL, NULL, NULL, 38085.00, NULL, NULL, 4051.32, NULL, NULL, 17187.85, NULL, NULL, 0.00, 21239.17, 100.00, NULL, 0.00, 34033.68, 34033.68, NULL, NULL, '2018', 'November', '2018-11-06 02:29:06', '2018-11-06 02:29:06', NULL),
	(79, '2010010', 82, 82, 7, NULL, NULL, 16, NULL, NULL, 1, 110, 21, NULL, NULL, NULL, NULL, NULL, NULL, NULL, 20179.00, NULL, NULL, NULL, NULL, NULL, NULL, NULL, NULL, NULL, NULL, NULL, 20179.00, NULL, NULL, 2193.57, NULL, NULL, 7062.18, NULL, NULL, 0.00, 9255.75, 100.00, NULL, 0.00, 17985.43, 17985.43, NULL, NULL, '2018', 'November', '2018-11-06 02:29:07', '2018-11-06 02:29:07', NULL),
	(80, '1977004', 83, 83, 7, NULL, NULL, 12, NULL, NULL, 1, 111, 21, NULL, NULL, NULL, NULL, NULL, NULL, NULL, 19725.00, NULL, NULL, NULL, NULL, NULL, NULL, NULL, NULL, NULL, NULL, NULL, 19725.00, NULL, NULL, 2146.47, NULL, NULL, 11422.84, NULL, NULL, 0.00, 13569.31, 100.00, NULL, 0.00, 17578.53, 17578.53, NULL, NULL, '2018', 'November', '2018-11-06 02:29:07', '2018-11-06 02:29:07', NULL),
	(81, '1997001', 84, 84, 1, NULL, NULL, 66, NULL, NULL, 1, 112, 21, NULL, NULL, NULL, NULL, NULL, NULL, NULL, 44020.00, NULL, NULL, NULL, NULL, NULL, NULL, NULL, NULL, NULL, NULL, NULL, 44020.00, NULL, NULL, 4611.80, NULL, NULL, 17928.51, NULL, NULL, 0.00, 22540.31, 100.00, NULL, 0.00, 39408.20, 39408.20, NULL, NULL, '2018', 'November', '2018-11-06 02:29:07', '2018-11-06 02:29:07', NULL),
	(82, '1987002', 85, 85, 1, NULL, NULL, 34, NULL, NULL, 1, 113, 21, NULL, NULL, NULL, NULL, NULL, NULL, NULL, 28424.00, NULL, NULL, NULL, NULL, NULL, NULL, NULL, NULL, NULL, NULL, NULL, 28424.00, NULL, NULL, 3048.99, NULL, NULL, 6453.44, NULL, NULL, 0.00, 9502.43, 100.00, NULL, 0.00, 25375.01, 25375.01, NULL, NULL, '2018', 'November', '2018-11-06 02:29:08', '2018-11-06 02:29:08', NULL),
	(83, '2015011', 86, 86, 1, NULL, NULL, 4, NULL, NULL, 1, 114, 21, NULL, NULL, NULL, NULL, NULL, NULL, NULL, 15254.00, NULL, NULL, NULL, NULL, NULL, NULL, NULL, NULL, NULL, NULL, NULL, 15254.00, NULL, NULL, 1682.60, NULL, NULL, 8528.63, NULL, NULL, 0.00, 10211.23, 100.00, NULL, 0.00, 13571.40, 13571.40, NULL, NULL, '2018', 'November', '2018-11-06 02:29:08', '2018-11-06 02:29:08', NULL),
	(84, '2015010', 87, 87, 5, NULL, NULL, 27, NULL, NULL, 1, 115, 21, NULL, NULL, NULL, NULL, NULL, NULL, NULL, 22149.00, NULL, NULL, NULL, NULL, NULL, NULL, NULL, NULL, NULL, NULL, NULL, 22149.00, NULL, NULL, 2397.96, NULL, NULL, 5219.39, NULL, NULL, 0.00, 7617.35, 100.00, NULL, 0.00, 19751.04, 19751.04, NULL, NULL, '2018', 'November', '2018-11-06 02:29:08', '2018-11-06 02:29:08', NULL),
	(85, '1980001', 88, 88, 6, NULL, NULL, 70, NULL, NULL, 1, 116, 21, NULL, NULL, NULL, NULL, NULL, NULL, NULL, 64200.00, NULL, NULL, NULL, NULL, NULL, NULL, NULL, NULL, NULL, NULL, NULL, 64200.00, NULL, NULL, 6428.00, NULL, NULL, 0.00, NULL, NULL, 0.00, 6428.00, 100.00, NULL, 0.00, 57772.00, 57772.00, NULL, NULL, '2018', 'November', '2018-11-06 02:29:09', '2018-11-06 02:29:09', NULL),
	(86, '2012006', 89, 89, 1, NULL, NULL, 4, NULL, NULL, 1, 117, 21, NULL, NULL, NULL, NULL, NULL, NULL, NULL, 15254.00, NULL, NULL, NULL, NULL, NULL, NULL, NULL, NULL, NULL, NULL, NULL, 15254.00, NULL, NULL, 1682.60, NULL, NULL, 8665.49, NULL, NULL, 0.00, 10348.09, 100.00, NULL, 0.00, 13571.40, 13571.40, NULL, NULL, '2018', 'November', '2018-11-06 02:29:09', '2018-11-06 02:29:09', NULL),
	(87, '1992006', 90, 90, 1, NULL, NULL, 39, NULL, NULL, 1, 118, 21, NULL, NULL, NULL, NULL, NULL, NULL, NULL, 19215.00, NULL, NULL, NULL, NULL, NULL, NULL, NULL, NULL, NULL, NULL, NULL, 19215.00, NULL, NULL, 2093.56, NULL, NULL, 11593.37, NULL, NULL, 0.00, 13686.93, 100.00, NULL, 0.00, 17121.44, 17121.44, NULL, NULL, '2018', 'November', '2018-11-06 02:29:09', '2018-11-06 02:29:09', NULL),
	(88, '2011024', 91, 91, 1, NULL, NULL, 5, NULL, NULL, 1, 119, 21, NULL, NULL, NULL, NULL, NULL, NULL, NULL, 17473.00, NULL, NULL, NULL, NULL, NULL, NULL, NULL, NULL, NULL, NULL, NULL, 17473.00, NULL, NULL, 1912.82, NULL, NULL, 10568.95, NULL, NULL, 0.00, 12481.77, 100.00, NULL, 0.00, 15560.18, 15560.18, NULL, NULL, '2018', 'November', '2018-11-06 02:29:10', '2018-11-06 02:29:10', NULL),
	(89, '1987003', 92, 92, 6, NULL, NULL, 40, NULL, NULL, 1, 120, 21, NULL, NULL, NULL, NULL, NULL, NULL, NULL, 23763.00, NULL, NULL, NULL, NULL, NULL, NULL, NULL, NULL, NULL, NULL, NULL, 23763.00, NULL, NULL, 2565.41, NULL, NULL, 18833.97, NULL, NULL, 0.00, 21399.38, 100.00, NULL, 0.00, 21197.59, 21197.59, NULL, NULL, '2018', 'November', '2018-11-06 02:29:11', '2018-11-06 02:29:11', NULL),
	(90, '1989003', 93, 93, 4, NULL, NULL, 18, NULL, NULL, 1, 14, 21, NULL, NULL, NULL, NULL, NULL, NULL, NULL, 102910.00, NULL, NULL, NULL, NULL, NULL, NULL, NULL, NULL, NULL, NULL, NULL, 102910.00, NULL, NULL, 9911.90, NULL, NULL, 0.00, NULL, NULL, 0.00, 9911.90, 100.00, NULL, 15840.91, 92998.10, 92998.10, NULL, NULL, '2018', 'November', '2018-11-06 02:29:11', '2018-11-06 02:29:11', NULL),
	(91, '2011013', 94, 94, 5, NULL, NULL, 55, NULL, NULL, 1, 121, 21, NULL, NULL, NULL, NULL, NULL, NULL, NULL, 58717.00, NULL, NULL, NULL, NULL, NULL, NULL, NULL, NULL, NULL, NULL, NULL, 58717.00, NULL, NULL, 5934.53, NULL, NULL, 0.00, NULL, NULL, 0.00, 5934.53, 100.00, NULL, 0.00, 52782.47, 52782.47, NULL, NULL, '2018', 'November', '2018-11-06 02:29:11', '2018-11-06 02:29:11', NULL),
	(92, '1985002', 95, 95, 3, NULL, NULL, 39, NULL, NULL, 1, 122, 21, NULL, NULL, NULL, NULL, NULL, NULL, NULL, 19898.00, NULL, NULL, NULL, NULL, NULL, NULL, NULL, NULL, NULL, NULL, NULL, 19898.00, NULL, NULL, 2164.42, NULL, NULL, 6760.44, NULL, NULL, 0.00, 8924.86, 100.00, NULL, 0.00, 17733.58, 17733.58, NULL, NULL, '2018', 'November', '2018-11-06 02:29:12', '2018-11-06 02:29:12', NULL),
	(93, '2011034', 96, 96, 3, NULL, NULL, 63, NULL, NULL, 1, 123, 21, NULL, NULL, NULL, NULL, NULL, NULL, NULL, 31765.00, NULL, NULL, NULL, NULL, NULL, NULL, NULL, NULL, NULL, NULL, NULL, 31765.00, NULL, NULL, 3395.62, NULL, NULL, 1505.56, NULL, NULL, 0.00, 4901.18, 100.00, NULL, 0.00, 28369.38, 28369.38, NULL, NULL, '2018', 'November', '2018-11-06 02:29:12', '2018-11-06 02:29:12', NULL),
	(94, '2011015', 97, 97, 4, NULL, NULL, 10, NULL, NULL, 1, 124, 21, NULL, NULL, NULL, NULL, NULL, NULL, NULL, 17473.00, NULL, NULL, NULL, NULL, NULL, NULL, NULL, NULL, NULL, NULL, NULL, 17473.00, NULL, NULL, 1912.82, NULL, NULL, 2266.89, NULL, NULL, 0.00, 4179.71, 100.00, NULL, 0.00, 15560.18, 15560.18, NULL, NULL, '2018', 'November', '2018-11-06 02:29:12', '2018-11-06 02:29:12', NULL),
	(95, '2010004', 98, 98, 6, NULL, NULL, 66, NULL, NULL, 1, 125, 21, NULL, NULL, NULL, NULL, NULL, NULL, NULL, 42099.00, NULL, NULL, NULL, NULL, NULL, NULL, NULL, NULL, NULL, NULL, NULL, 42099.00, NULL, NULL, 4438.91, NULL, NULL, 9796.21, NULL, NULL, 0.00, 14235.12, 100.00, NULL, 0.00, 37660.09, 37660.09, NULL, NULL, '2018', 'November', '2018-11-06 02:29:13', '2018-11-06 02:29:13', NULL),
	(96, '1988002', 99, 99, 2, NULL, NULL, 17, NULL, NULL, 1, 126, 21, NULL, NULL, NULL, NULL, NULL, NULL, NULL, 38085.00, NULL, NULL, NULL, NULL, NULL, NULL, NULL, NULL, NULL, NULL, NULL, 38085.00, NULL, NULL, 4051.32, NULL, NULL, 3608.67, NULL, NULL, 0.00, 7659.99, 100.00, NULL, 0.00, 34033.68, 34033.68, NULL, NULL, '2018', 'November', '2018-11-06 02:29:13', '2018-11-06 02:29:13', NULL),
	(97, '1976002', 100, 100, 6, NULL, NULL, 6, NULL, NULL, 1, 127, 21, NULL, NULL, NULL, NULL, NULL, NULL, NULL, 18413.00, NULL, NULL, NULL, NULL, NULL, NULL, NULL, NULL, NULL, NULL, NULL, 18413.00, NULL, NULL, 2010.35, NULL, NULL, 6802.63, NULL, NULL, 0.00, 8812.98, 100.00, NULL, 0.00, 16402.65, 16402.65, NULL, NULL, '2018', 'November', '2018-11-06 02:29:14', '2018-11-06 02:29:14', NULL),
	(98, '1987006', 101, 101, 2, NULL, NULL, 15, NULL, NULL, 1, 128, 21, NULL, NULL, NULL, NULL, NULL, NULL, NULL, 31170.00, NULL, NULL, NULL, NULL, NULL, NULL, NULL, NULL, NULL, NULL, NULL, 31170.00, NULL, NULL, 3333.89, NULL, NULL, 0.00, NULL, NULL, 0.00, 3333.89, 100.00, NULL, 0.00, 27836.11, 27836.11, NULL, NULL, '2018', 'November', '2018-11-06 02:29:14', '2018-11-06 02:29:14', NULL),
	(99, '2011027', 102, 102, 7, NULL, NULL, 63, NULL, NULL, 1, 129, 21, NULL, NULL, NULL, NULL, NULL, NULL, NULL, 31765.00, NULL, NULL, NULL, NULL, NULL, NULL, NULL, NULL, NULL, NULL, NULL, 31765.00, NULL, NULL, 3395.62, NULL, NULL, 10808.62, NULL, NULL, 0.00, 14204.24, 100.00, NULL, 0.00, 28369.38, 28369.38, NULL, NULL, '2018', 'November', '2018-11-06 02:29:14', '2018-11-06 02:29:14', NULL),
	(100, '2013004', 103, 103, 7, NULL, NULL, 6, NULL, NULL, 1, 130, 21, NULL, NULL, NULL, NULL, NULL, NULL, NULL, 17473.00, NULL, NULL, NULL, NULL, NULL, NULL, NULL, NULL, NULL, NULL, NULL, 17473.00, NULL, NULL, 1912.82, NULL, NULL, 0.00, NULL, NULL, 0.00, 1912.82, 100.00, NULL, 0.00, 15560.18, 15560.18, NULL, NULL, '2018', 'November', '2018-11-06 02:29:14', '2018-11-06 02:29:14', NULL),
	(101, '2016006', 104, 104, 5, NULL, NULL, 54, NULL, NULL, 1, 131, 21, NULL, NULL, NULL, NULL, NULL, NULL, NULL, 38085.00, NULL, NULL, NULL, NULL, NULL, NULL, NULL, NULL, NULL, NULL, NULL, 38085.00, NULL, NULL, 4051.32, NULL, NULL, 0.00, NULL, NULL, 0.00, 4051.32, 100.00, NULL, 0.00, 34033.68, 34033.68, NULL, NULL, '2018', 'November', '2018-11-06 02:29:15', '2018-11-06 02:29:15', NULL),
	(102, '1977002', 105, 105, 2, NULL, NULL, 10, NULL, NULL, 1, 132, 21, NULL, NULL, NULL, NULL, NULL, NULL, NULL, 18413.00, NULL, NULL, NULL, NULL, NULL, NULL, NULL, NULL, NULL, NULL, NULL, 18413.00, NULL, NULL, 2010.35, NULL, NULL, 15420.68, NULL, NULL, 0.00, 17431.03, 100.00, NULL, 0.00, 16402.65, 16402.65, NULL, NULL, '2018', 'November', '2018-11-06 02:29:15', '2018-11-06 02:29:15', NULL),
	(103, '2010017', 106, 106, 7, NULL, NULL, 66, NULL, NULL, 1, 133, 21, NULL, NULL, NULL, NULL, NULL, NULL, NULL, 42099.00, NULL, NULL, NULL, NULL, NULL, NULL, NULL, NULL, NULL, NULL, NULL, 42099.00, NULL, NULL, 4438.91, NULL, NULL, 15065.90, NULL, NULL, 0.00, 19504.81, 100.00, NULL, 0.00, 37660.09, 37660.09, NULL, NULL, '2018', 'November', '2018-11-06 02:29:16', '2018-11-06 02:29:16', NULL),
	(104, '2017001', 107, 107, 3, NULL, NULL, 38, NULL, NULL, 1, 134, 21, NULL, NULL, NULL, NULL, NULL, NULL, NULL, 16282.00, NULL, NULL, NULL, NULL, NULL, NULL, NULL, NULL, NULL, NULL, NULL, 16282.00, NULL, NULL, 1789.26, NULL, NULL, 0.00, NULL, NULL, 0.00, 1789.26, 100.00, NULL, 0.00, 14492.74, 14492.74, NULL, NULL, '2018', 'November', '2018-11-06 02:29:16', '2018-11-06 02:29:16', NULL),
	(105, '1990012', 109, 109, 6, NULL, NULL, 66, NULL, NULL, 1, 136, 21, NULL, NULL, NULL, NULL, NULL, NULL, NULL, 46030.00, NULL, NULL, NULL, NULL, NULL, NULL, NULL, NULL, NULL, NULL, NULL, 46030.00, NULL, NULL, 4792.70, NULL, NULL, 0.00, NULL, NULL, 0.00, 4792.70, 100.00, NULL, 0.00, 41237.30, 41237.30, NULL, NULL, '2018', 'November', '2018-11-06 02:29:16', '2018-11-06 02:29:16', NULL),
	(106, '1989004', 110, 110, 7, NULL, NULL, 73, NULL, NULL, 1, 137, 21, NULL, NULL, NULL, NULL, NULL, NULL, NULL, 38085.00, NULL, NULL, NULL, NULL, NULL, NULL, NULL, NULL, NULL, NULL, NULL, 38085.00, NULL, NULL, 4051.32, NULL, NULL, 6937.40, NULL, NULL, 0.00, 10988.72, 100.00, NULL, 0.00, 34033.68, 34033.68, NULL, NULL, '2018', 'November', '2018-11-06 02:29:16', '2018-11-06 02:29:16', NULL),
	(107, '1994003', 111, 111, 2, NULL, NULL, 3, NULL, NULL, 1, 138, 21, NULL, NULL, NULL, NULL, NULL, NULL, NULL, 14340.00, NULL, NULL, NULL, NULL, NULL, NULL, NULL, NULL, NULL, NULL, NULL, 14340.00, NULL, NULL, 1587.78, NULL, NULL, 0.00, NULL, NULL, 0.00, 1587.78, 100.00, NULL, 0.00, 12752.22, 12752.22, NULL, NULL, '2018', 'November', '2018-11-06 02:29:16', '2018-11-06 02:29:16', NULL),
	(108, '2011009', 112, 112, 6, NULL, NULL, 6, NULL, NULL, 1, 139, 21, NULL, NULL, NULL, NULL, NULL, NULL, NULL, 17473.00, NULL, NULL, NULL, NULL, NULL, NULL, NULL, NULL, NULL, NULL, NULL, 17473.00, NULL, NULL, 1912.82, NULL, NULL, 7892.16, NULL, NULL, 0.00, 9804.98, 100.00, NULL, 0.00, 15560.18, 15560.18, NULL, NULL, '2018', 'November', '2018-11-06 02:29:16', '2018-11-06 02:29:16', NULL),
	(109, '2012013', 113, 113, 1, NULL, NULL, 24, NULL, NULL, 1, 140, 21, NULL, NULL, NULL, NULL, NULL, NULL, NULL, 31765.00, NULL, NULL, NULL, NULL, NULL, NULL, NULL, NULL, NULL, NULL, NULL, 31765.00, NULL, NULL, 3395.62, NULL, NULL, 0.00, NULL, NULL, 0.00, 3395.62, 100.00, NULL, 0.00, 28369.38, 28369.38, NULL, NULL, '2018', 'November', '2018-11-06 02:29:17', '2018-11-06 02:29:17', NULL),
	(110, '1978002', 114, 114, 2, NULL, NULL, 6, NULL, NULL, 1, 141, 21, NULL, NULL, NULL, NULL, NULL, NULL, NULL, 18413.00, NULL, NULL, NULL, NULL, NULL, NULL, NULL, NULL, NULL, NULL, NULL, 18413.00, NULL, NULL, 2010.35, NULL, NULL, 13458.23, NULL, NULL, 0.00, 15468.58, 100.00, NULL, 0.00, 16402.65, 16402.65, NULL, NULL, '2018', 'November', '2018-11-06 02:29:18', '2018-11-06 02:29:18', NULL),
	(111, '1981001', 115, 115, 2, NULL, NULL, 6, NULL, NULL, 1, 142, 21, NULL, NULL, NULL, NULL, NULL, NULL, NULL, 18413.00, NULL, NULL, NULL, NULL, NULL, NULL, NULL, NULL, NULL, NULL, NULL, 18413.00, NULL, NULL, 2010.35, NULL, NULL, 0.00, NULL, NULL, 0.00, 2010.35, 100.00, NULL, 0.00, 16402.65, 16402.65, NULL, NULL, '2018', 'November', '2018-11-06 02:29:18', '2018-11-06 02:29:18', NULL),
	(112, '1992009', 116, 116, 3, NULL, NULL, 39, NULL, NULL, 1, 143, 21, NULL, NULL, NULL, NULL, NULL, NULL, NULL, 19215.00, NULL, NULL, NULL, NULL, NULL, NULL, NULL, NULL, NULL, NULL, NULL, 19215.00, NULL, NULL, 2093.56, NULL, NULL, 14653.74, NULL, NULL, 0.00, 16747.30, 100.00, NULL, 0.00, 17121.44, 17121.44, NULL, NULL, '2018', 'November', '2018-11-06 02:29:18', '2018-11-06 02:29:18', NULL),
	(113, '1989002', 117, 117, 6, NULL, NULL, 39, NULL, NULL, 1, 144, 21, NULL, NULL, NULL, NULL, NULL, NULL, NULL, 19725.00, NULL, NULL, NULL, NULL, NULL, NULL, NULL, NULL, NULL, NULL, NULL, 19725.00, NULL, NULL, 2146.47, NULL, NULL, 13312.58, NULL, NULL, 0.00, 15459.05, 100.00, NULL, 0.00, 17578.53, 17578.53, NULL, NULL, '2018', 'November', '2018-11-06 02:29:19', '2018-11-06 02:29:19', NULL),
	(114, '1990006', 118, 118, 2, NULL, NULL, 16, NULL, NULL, 1, 145, 21, NULL, NULL, NULL, NULL, NULL, NULL, NULL, 38085.00, NULL, NULL, NULL, NULL, NULL, NULL, NULL, NULL, NULL, NULL, NULL, 38085.00, NULL, NULL, 4051.32, NULL, NULL, 0.00, NULL, NULL, 0.00, 4051.32, 100.00, NULL, 0.00, 34033.68, 34033.68, NULL, NULL, '2018', 'November', '2018-11-06 02:29:19', '2018-11-06 02:29:19', NULL),
	(115, '1992001', 119, 119, 3, NULL, NULL, 70, NULL, NULL, 1, 146, 21, NULL, NULL, NULL, NULL, NULL, NULL, NULL, 64200.00, NULL, NULL, NULL, NULL, NULL, NULL, NULL, NULL, NULL, NULL, NULL, 64200.00, NULL, NULL, 6428.00, NULL, NULL, 0.00, NULL, NULL, 0.00, 6428.00, 100.00, NULL, 0.00, 57772.00, 57772.00, NULL, NULL, '2018', 'November', '2018-11-06 02:29:19', '2018-11-06 02:29:19', NULL),
	(116, '2016007', 120, 120, 1, NULL, NULL, 66, NULL, NULL, 1, 147, 21, NULL, NULL, NULL, NULL, NULL, NULL, NULL, 42099.00, NULL, NULL, NULL, NULL, NULL, NULL, NULL, NULL, NULL, NULL, NULL, 42099.00, NULL, NULL, 4438.91, NULL, NULL, 11874.32, NULL, NULL, 0.00, 16313.23, 100.00, NULL, 0.00, 37660.09, 37660.09, NULL, NULL, '2018', 'November', '2018-11-06 02:29:19', '2018-11-06 02:29:19', NULL),
	(117, '2014008', 121, 121, 1, NULL, NULL, 66, NULL, NULL, 1, 148, 21, NULL, NULL, NULL, NULL, NULL, NULL, NULL, 42099.00, NULL, NULL, NULL, NULL, NULL, NULL, NULL, NULL, NULL, NULL, NULL, 42099.00, NULL, NULL, 4438.91, NULL, NULL, 0.00, NULL, NULL, 0.00, 4438.91, 100.00, NULL, 0.00, 37660.09, 37660.09, NULL, NULL, '2018', 'November', '2018-11-06 02:29:19', '2018-11-06 02:29:19', NULL),
	(118, '1980002', 122, 122, 3, NULL, NULL, 6, NULL, NULL, 1, 149, 21, NULL, NULL, NULL, NULL, NULL, NULL, NULL, 18575.00, NULL, NULL, NULL, NULL, NULL, NULL, NULL, NULL, NULL, NULL, NULL, 18575.00, NULL, NULL, 2027.16, NULL, NULL, 0.00, NULL, NULL, 0.00, 2027.16, 100.00, NULL, 0.00, 16547.84, 16547.84, NULL, NULL, '2018', 'November', '2018-11-06 02:29:20', '2018-11-06 02:29:20', NULL),
	(119, '1988003', 123, 123, 7, NULL, NULL, 6, NULL, NULL, 1, 150, 21, NULL, NULL, NULL, NULL, NULL, NULL, NULL, 45350.00, NULL, NULL, NULL, NULL, NULL, NULL, NULL, NULL, NULL, NULL, NULL, 45350.00, NULL, NULL, 4731.50, NULL, NULL, 23158.22, NULL, NULL, 0.00, 27889.72, 100.00, NULL, 0.00, 40618.50, 40618.50, NULL, NULL, '2018', 'November', '2018-11-06 02:29:20', '2018-11-06 02:29:20', NULL),
	(120, '2011025', 124, 124, 6, NULL, NULL, 63, NULL, NULL, 1, 151, 21, NULL, NULL, NULL, NULL, NULL, NULL, NULL, 31765.00, NULL, NULL, NULL, NULL, NULL, NULL, NULL, NULL, NULL, NULL, NULL, 31765.00, NULL, NULL, 3395.62, NULL, NULL, 8513.04, NULL, NULL, 0.00, 11908.66, 100.00, NULL, 0.00, 28369.38, 28369.38, NULL, NULL, '2018', 'November', '2018-11-06 02:29:20', '2018-11-06 02:29:20', NULL),
	(121, '1992004', 125, 125, 6, NULL, NULL, 20, NULL, NULL, 1, 152, 21, NULL, NULL, NULL, NULL, NULL, NULL, NULL, 73299.00, NULL, NULL, NULL, NULL, NULL, NULL, NULL, NULL, NULL, NULL, NULL, 73299.00, NULL, NULL, 7246.91, NULL, NULL, 0.00, NULL, NULL, 0.00, 7246.91, 100.00, NULL, 9318.19, 66052.09, 66052.09, NULL, NULL, '2018', 'November', '2018-11-06 02:29:21', '2018-11-06 02:29:21', NULL),
	(122, '2010021', 126, 126, 2, NULL, NULL, 12, NULL, NULL, 1, 153, 21, NULL, NULL, NULL, NULL, NULL, NULL, NULL, 26494.00, NULL, NULL, NULL, NULL, NULL, NULL, NULL, NULL, NULL, NULL, NULL, 26494.00, NULL, NULL, 2848.75, NULL, NULL, 13162.41, NULL, NULL, 0.00, 16011.16, 100.00, NULL, 0.00, 23645.25, 23645.25, NULL, NULL, '2018', 'November', '2018-11-06 02:29:21', '2018-11-06 02:29:21', NULL),
	(123, '1984003', 127, 127, 7, NULL, NULL, 6, NULL, NULL, 1, 154, 21, NULL, NULL, NULL, NULL, NULL, NULL, NULL, 18413.00, NULL, NULL, NULL, NULL, NULL, NULL, NULL, NULL, NULL, NULL, NULL, 18413.00, NULL, NULL, 2010.35, NULL, NULL, 9290.34, NULL, NULL, 0.00, 11300.69, 100.00, NULL, 0.00, 16402.65, 16402.65, NULL, NULL, '2018', 'November', '2018-11-06 02:29:22', '2018-11-06 02:29:22', NULL),
	(124, '2011010', 128, 128, 6, NULL, NULL, 63, NULL, NULL, 1, 155, 21, NULL, NULL, NULL, NULL, NULL, NULL, NULL, 31765.00, NULL, NULL, NULL, NULL, NULL, NULL, NULL, NULL, NULL, NULL, NULL, 31765.00, NULL, NULL, 3395.62, NULL, NULL, 9396.76, NULL, NULL, 0.00, 12792.38, 100.00, NULL, 0.00, 28369.38, 28369.38, NULL, NULL, '2018', 'November', '2018-11-06 02:29:22', '2018-11-06 02:29:22', NULL),
	(125, '2015012', 129, 129, 6, NULL, NULL, 39, NULL, NULL, 1, 156, 21, NULL, NULL, NULL, NULL, NULL, NULL, NULL, 18718.00, NULL, NULL, NULL, NULL, NULL, NULL, NULL, NULL, NULL, NULL, NULL, 18718.00, NULL, NULL, 2041.99, NULL, NULL, 5964.63, NULL, NULL, 0.00, 8006.62, 100.00, NULL, 0.00, 16676.01, 16676.01, NULL, NULL, '2018', 'November', '2018-11-06 02:29:22', '2018-11-06 02:29:22', NULL),
	(126, '2017004', 130, 130, 4, NULL, NULL, 9, NULL, NULL, 1, 157, 21, NULL, NULL, NULL, NULL, NULL, NULL, NULL, 15254.00, NULL, NULL, NULL, NULL, NULL, NULL, NULL, NULL, NULL, NULL, NULL, 15254.00, NULL, NULL, 1682.60, NULL, NULL, 400.00, NULL, NULL, 0.00, 2082.60, 100.00, NULL, 0.00, 13571.40, 13571.40, NULL, NULL, '2018', 'November', '2018-11-06 02:29:23', '2018-11-06 02:29:23', NULL),
	(127, '1990002', 132, 132, 6, NULL, NULL, 19, NULL, NULL, 1, 158, 21, NULL, NULL, NULL, NULL, NULL, NULL, NULL, 20179.00, NULL, NULL, NULL, NULL, NULL, NULL, NULL, NULL, NULL, NULL, NULL, 20179.00, NULL, NULL, 2193.57, NULL, NULL, 10774.65, NULL, NULL, 0.00, 12968.22, 100.00, NULL, 0.00, 17985.43, 17985.43, NULL, NULL, '2018', 'November', '2018-11-06 02:29:24', '2018-11-06 02:29:24', NULL),
	(128, '2017003', 133, 133, 2, NULL, NULL, 14, NULL, NULL, 1, 160, 21, NULL, NULL, NULL, NULL, NULL, NULL, NULL, 20179.00, NULL, NULL, NULL, NULL, NULL, NULL, NULL, NULL, NULL, NULL, NULL, 20179.00, NULL, NULL, 2193.57, NULL, NULL, 7227.86, NULL, NULL, 0.00, 9421.43, 100.00, NULL, 0.00, 17985.43, 17985.43, NULL, NULL, '2018', 'November', '2018-11-06 02:29:24', '2018-11-06 02:29:24', NULL),
	(129, '2018002', 134, 134, NULL, NULL, NULL, NULL, NULL, NULL, 1, 161, 21, NULL, NULL, NULL, NULL, NULL, NULL, NULL, 18718.00, NULL, NULL, NULL, NULL, NULL, NULL, NULL, NULL, NULL, NULL, NULL, 18718.00, NULL, NULL, 2041.99, NULL, NULL, 0.00, NULL, NULL, 0.00, 2041.99, 100.00, NULL, 0.00, 16676.01, 16676.01, NULL, NULL, '2018', 'November', '2018-11-06 02:29:25', '2018-11-06 02:29:25', NULL),
	(130, '2017007', 135, 135, 1, NULL, NULL, 35, NULL, NULL, 1, 162, 21, NULL, NULL, NULL, NULL, NULL, NULL, NULL, 14340.00, NULL, NULL, NULL, NULL, NULL, NULL, NULL, NULL, NULL, NULL, NULL, 14340.00, NULL, NULL, 1587.78, NULL, NULL, 0.00, NULL, NULL, 0.00, 1587.78, 100.00, NULL, 0.00, 12752.22, 12752.22, NULL, NULL, '2018', 'November', '2018-11-06 02:29:25', '2018-11-06 02:29:25', NULL),
	(131, '2011036', 136, 136, 6, NULL, NULL, 66, NULL, NULL, 1, 163, 21, NULL, NULL, NULL, NULL, NULL, NULL, NULL, 42099.00, NULL, NULL, NULL, NULL, NULL, NULL, NULL, NULL, NULL, NULL, NULL, 42099.00, NULL, NULL, 4438.91, NULL, NULL, 9292.96, NULL, NULL, 0.00, 13731.87, 100.00, NULL, 0.00, 37660.09, 37660.09, NULL, NULL, '2018', 'November', '2018-11-06 02:29:25', '2018-11-06 02:29:25', NULL),
	(132, '2011014', 137, 137, 1, NULL, NULL, 66, NULL, NULL, 1, 165, 21, NULL, NULL, NULL, NULL, NULL, NULL, NULL, 42099.00, NULL, NULL, NULL, NULL, NULL, NULL, NULL, NULL, NULL, NULL, NULL, 42099.00, NULL, NULL, 4438.91, NULL, NULL, 2399.54, NULL, NULL, 0.00, 6838.45, 100.00, NULL, 0.00, 37660.09, 37660.09, NULL, NULL, '2018', 'November', '2018-11-06 02:29:25', '2018-11-06 02:29:25', NULL),
	(133, '1985008', 138, 138, 3, NULL, NULL, 39, NULL, NULL, 1, 166, 21, NULL, NULL, NULL, NULL, NULL, NULL, NULL, 19725.00, NULL, NULL, NULL, NULL, NULL, NULL, NULL, NULL, NULL, NULL, NULL, 19725.00, NULL, NULL, 2146.47, NULL, NULL, 17468.55, NULL, NULL, 0.00, 19615.02, 100.00, NULL, 0.00, 17578.53, 17578.53, NULL, NULL, '2018', 'November', '2018-11-06 02:29:25', '2018-11-06 02:29:25', NULL),
	(134, '2012007', 139, 139, 6, NULL, NULL, 63, NULL, NULL, 1, 167, 21, NULL, NULL, NULL, NULL, NULL, NULL, NULL, 31765.00, NULL, NULL, NULL, NULL, NULL, NULL, NULL, NULL, NULL, NULL, NULL, 31765.00, NULL, NULL, 3395.62, NULL, NULL, 5937.16, NULL, NULL, 0.00, 9332.78, 100.00, NULL, 0.00, 28369.38, 28369.38, NULL, NULL, '2018', 'November', '2018-11-06 02:29:26', '2018-11-06 02:29:26', NULL),
	(135, '1990005', 140, 140, 6, NULL, NULL, 39, NULL, NULL, 1, 168, 21, NULL, NULL, NULL, NULL, NULL, NULL, NULL, 18718.00, NULL, NULL, NULL, NULL, NULL, NULL, NULL, NULL, NULL, NULL, NULL, 18718.00, NULL, NULL, 2041.99, NULL, NULL, 0.00, NULL, NULL, 0.00, 2041.99, 100.00, NULL, 0.00, 16676.01, 16676.01, NULL, NULL, '2018', 'November', '2018-11-06 02:29:26', '2018-11-06 02:29:26', NULL),
	(136, '2015002', 141, 141, 7, NULL, NULL, NULL, NULL, NULL, 1, 169, 21, NULL, NULL, NULL, NULL, NULL, NULL, NULL, 31765.00, NULL, NULL, NULL, NULL, NULL, NULL, NULL, NULL, NULL, NULL, NULL, 31765.00, NULL, NULL, 3395.62, NULL, NULL, 12284.75, NULL, NULL, 0.00, 15680.37, 100.00, NULL, 0.00, 28369.38, 28369.38, NULL, NULL, '2018', 'November', '2018-11-06 02:29:27', '2018-11-06 02:29:27', NULL),
	(137, '2011001', 142, 142, 7, NULL, NULL, 63, NULL, NULL, 1, 170, 21, NULL, NULL, NULL, NULL, NULL, NULL, NULL, 31765.00, NULL, NULL, NULL, NULL, NULL, NULL, NULL, NULL, NULL, NULL, NULL, 31765.00, NULL, NULL, 3395.62, NULL, NULL, 19666.94, NULL, NULL, 0.00, 23062.56, 100.00, NULL, 0.00, 28369.38, 28369.38, NULL, NULL, '2018', 'November', '2018-11-06 02:29:27', '2018-11-06 02:29:27', NULL),
	(138, '1978005', 143, 143, 6, NULL, NULL, 50, NULL, NULL, 1, 171, 21, NULL, NULL, NULL, NULL, NULL, NULL, NULL, 26494.00, NULL, NULL, NULL, NULL, NULL, NULL, NULL, NULL, NULL, NULL, NULL, 26494.00, NULL, NULL, 2848.75, NULL, NULL, 0.00, NULL, NULL, 0.00, 2848.75, 100.00, NULL, 0.00, 23645.25, 23645.25, NULL, NULL, '2018', 'November', '2018-11-06 02:29:27', '2018-11-06 02:29:27', NULL),
	(139, '2014010', 144, 144, 5, NULL, NULL, 53, NULL, NULL, 1, 172, 21, NULL, NULL, NULL, NULL, NULL, NULL, NULL, 29010.00, NULL, NULL, NULL, NULL, NULL, NULL, NULL, NULL, NULL, NULL, NULL, 29010.00, NULL, NULL, 3109.79, NULL, NULL, 635.52, NULL, NULL, 0.00, 3745.31, 100.00, NULL, 0.00, 25900.21, 25900.21, NULL, NULL, '2018', 'November', '2018-11-06 02:29:27', '2018-11-06 02:29:27', NULL),
	(140, '1994001', 145, 145, 6, NULL, NULL, 70, NULL, NULL, 1, 173, 21, NULL, NULL, NULL, NULL, NULL, NULL, NULL, 58717.00, NULL, NULL, NULL, NULL, NULL, NULL, NULL, NULL, NULL, NULL, NULL, 58717.00, NULL, NULL, 5934.53, NULL, NULL, 0.00, NULL, NULL, 0.00, 5934.53, 100.00, NULL, 0.00, 52782.47, 52782.47, NULL, NULL, '2018', 'November', '2018-11-06 02:29:27', '2018-11-06 02:29:27', NULL),
	(141, '1994002', 146, 146, 7, NULL, NULL, 70, NULL, NULL, 1, 174, 21, NULL, NULL, NULL, NULL, NULL, NULL, NULL, 58717.00, NULL, NULL, NULL, NULL, NULL, NULL, NULL, NULL, NULL, NULL, NULL, 58717.00, NULL, NULL, 5934.53, NULL, NULL, 800.00, NULL, NULL, 0.00, 6734.53, 100.00, NULL, 0.00, 52782.47, 52782.47, NULL, NULL, '2018', 'November', '2018-11-06 02:29:28', '2018-11-06 02:29:28', NULL),
	(142, '2012009', 147, 147, 2, NULL, NULL, 3, NULL, NULL, 1, 175, 21, NULL, NULL, NULL, NULL, NULL, NULL, NULL, 14340.00, NULL, NULL, NULL, NULL, NULL, NULL, NULL, NULL, NULL, NULL, NULL, 14340.00, NULL, NULL, 1587.78, NULL, NULL, 9229.14, NULL, NULL, 0.00, 10816.92, 100.00, NULL, 0.00, 12752.22, 12752.22, NULL, NULL, '2018', 'November', '2018-11-06 02:29:29', '2018-11-06 02:29:29', NULL),
	(143, '1992002', 148, 148, 6, NULL, NULL, 40, NULL, NULL, 1, 176, 21, NULL, NULL, NULL, NULL, NULL, NULL, NULL, 22149.00, NULL, NULL, NULL, NULL, NULL, NULL, NULL, NULL, NULL, NULL, NULL, 22149.00, NULL, NULL, 2397.96, NULL, NULL, 6473.43, NULL, NULL, 0.00, 8871.39, 100.00, NULL, 0.00, 19751.04, 19751.04, NULL, NULL, '2018', 'November', '2018-11-06 02:29:29', '2018-11-06 02:29:29', NULL),
	(144, '2014006', 149, 149, 2, NULL, NULL, 19, NULL, NULL, 1, 177, 21, NULL, NULL, NULL, NULL, NULL, NULL, NULL, 73299.00, NULL, NULL, NULL, NULL, NULL, NULL, NULL, NULL, NULL, NULL, NULL, 73299.00, NULL, NULL, 7246.91, NULL, NULL, 27153.61, NULL, NULL, 0.00, 34400.52, 100.00, NULL, 9772.73, 66052.09, 66052.09, NULL, NULL, '2018', 'November', '2018-11-06 02:29:30', '2018-11-06 02:29:30', NULL),
	(145, '2014002', 150, 150, 5, NULL, NULL, 53, NULL, NULL, 1, 178, 21, NULL, NULL, NULL, NULL, NULL, NULL, NULL, 29010.00, NULL, NULL, NULL, NULL, NULL, NULL, NULL, NULL, NULL, NULL, NULL, 29010.00, NULL, NULL, 3109.79, NULL, NULL, 10871.08, NULL, NULL, 0.00, 13980.87, 100.00, NULL, 0.00, 25900.21, 25900.21, NULL, NULL, '2018', 'November', '2018-11-06 02:29:30', '2018-11-06 02:29:30', NULL),
	(146, '2017002', 151, 151, 2, NULL, NULL, 3, NULL, NULL, 1, 179, 21, NULL, NULL, NULL, NULL, NULL, NULL, NULL, 11914.00, NULL, NULL, NULL, NULL, NULL, NULL, NULL, NULL, NULL, NULL, NULL, 11914.00, NULL, NULL, 1336.08, NULL, NULL, 5568.90, NULL, NULL, 0.00, 6904.98, 100.00, NULL, 0.00, 10577.92, 10577.92, NULL, NULL, '2018', 'November', '2018-11-06 02:29:31', '2018-11-06 02:29:31', NULL),
	(147, '2011030', 152, 152, 3, NULL, NULL, NULL, NULL, NULL, 1, 180, 21, NULL, NULL, NULL, NULL, NULL, NULL, NULL, 17473.00, NULL, NULL, NULL, NULL, NULL, NULL, NULL, NULL, NULL, NULL, NULL, 17473.00, NULL, NULL, 1912.82, NULL, NULL, 10222.72, NULL, NULL, 0.00, 12135.54, 100.00, NULL, 0.00, 15560.18, 15560.18, NULL, NULL, '2018', 'November', '2018-11-06 02:29:31', '2018-11-06 02:29:31', NULL),
	(148, '2011026', 153, 153, 3, NULL, NULL, 63, NULL, NULL, 1, 181, 21, NULL, NULL, NULL, NULL, NULL, NULL, NULL, 31765.00, NULL, NULL, NULL, NULL, NULL, NULL, NULL, NULL, NULL, NULL, NULL, 31765.00, NULL, NULL, 3395.62, NULL, NULL, 13211.43, NULL, NULL, 0.00, 16607.05, 100.00, NULL, 0.00, 28369.38, 28369.38, NULL, NULL, '2018', 'November', '2018-11-06 02:29:31', '2018-11-06 02:29:31', NULL),
	(149, '2016011', 154, 154, 2, NULL, NULL, 2, NULL, NULL, 1, 182, 21, NULL, NULL, NULL, NULL, NULL, NULL, NULL, 12674.00, NULL, NULL, NULL, NULL, NULL, NULL, NULL, NULL, NULL, NULL, NULL, 12674.00, NULL, NULL, 1414.93, NULL, NULL, 5908.47, NULL, NULL, 0.00, 7323.40, 100.00, NULL, 0.00, 11259.07, 11259.07, NULL, NULL, '2018', 'November', '2018-11-06 02:29:32', '2018-11-06 02:29:32', NULL),
	(150, '2010003', 155, 155, 1, NULL, NULL, 33, NULL, NULL, 1, 183, 21, NULL, NULL, NULL, NULL, NULL, NULL, NULL, 31765.00, NULL, NULL, NULL, NULL, NULL, NULL, NULL, NULL, NULL, NULL, NULL, 31765.00, NULL, NULL, 3395.62, NULL, NULL, 0.00, NULL, NULL, 0.00, 3395.62, 100.00, NULL, 0.00, 28369.38, 28369.38, NULL, NULL, '2018', 'November', '2018-11-06 02:29:32', '2018-11-06 02:29:32', NULL),
	(151, '2015014', 156, 156, 7, NULL, NULL, 72, NULL, NULL, 1, 184, 21, NULL, NULL, NULL, NULL, NULL, NULL, NULL, 29010.00, NULL, NULL, NULL, NULL, NULL, NULL, NULL, NULL, NULL, NULL, NULL, 29010.00, NULL, NULL, 3109.79, NULL, NULL, 12686.31, NULL, NULL, 0.00, 15796.10, 100.00, NULL, 0.00, 25900.21, 25900.21, NULL, NULL, '2018', 'November', '2018-11-06 02:29:33', '2018-11-06 02:29:33', NULL),
	(152, '2013007', 157, 157, 2, NULL, NULL, 7, NULL, NULL, 1, 185, 21, NULL, NULL, NULL, NULL, NULL, NULL, NULL, 18718.00, NULL, NULL, NULL, NULL, NULL, NULL, NULL, NULL, NULL, NULL, NULL, 18718.00, NULL, NULL, 2041.99, NULL, NULL, 5043.90, NULL, NULL, 0.00, 7085.89, 100.00, NULL, 0.00, 16676.01, 16676.01, NULL, NULL, '2018', 'November', '2018-11-06 02:29:33', '2018-11-06 02:29:33', NULL),
	(153, '2017005', 158, 158, 2, NULL, NULL, 12, NULL, NULL, 1, 186, 21, NULL, NULL, NULL, NULL, NULL, NULL, NULL, 18718.00, NULL, NULL, NULL, NULL, NULL, NULL, NULL, NULL, NULL, NULL, NULL, 18718.00, NULL, NULL, 2041.99, NULL, NULL, 0.00, NULL, NULL, 0.00, 2041.99, 100.00, NULL, 0.00, 16676.01, 16676.01, NULL, NULL, '2018', 'November', '2018-11-06 02:29:33', '2018-11-06 02:29:33', NULL),
	(154, '2003002', 159, 159, 2, NULL, NULL, 69, NULL, NULL, 1, 187, 21, NULL, NULL, NULL, NULL, NULL, NULL, NULL, 61397.00, NULL, NULL, NULL, NULL, NULL, NULL, NULL, NULL, NULL, NULL, NULL, 61397.00, NULL, NULL, 6175.73, NULL, NULL, 13169.80, NULL, NULL, 0.00, 19345.53, 100.00, NULL, 0.00, 55221.27, 55221.27, NULL, NULL, '2018', 'November', '2018-11-06 02:29:33', '2018-11-06 02:29:33', NULL),
	(155, '1992005', 160, 160, 7, NULL, NULL, 66, NULL, NULL, 1, 188, 21, NULL, NULL, NULL, NULL, NULL, NULL, NULL, 46030.00, NULL, NULL, NULL, NULL, NULL, NULL, NULL, NULL, NULL, NULL, NULL, 46030.00, NULL, NULL, 4792.70, NULL, NULL, 7790.98, NULL, NULL, 0.00, 12583.68, 100.00, NULL, 0.00, 41237.30, 41237.30, NULL, NULL, '2018', 'November', '2018-11-06 02:29:34', '2018-11-06 02:29:34', NULL),
	(156, '2013001', 161, 161, 1, NULL, NULL, 66, NULL, NULL, 1, 189, 21, NULL, NULL, NULL, NULL, NULL, NULL, NULL, 42099.00, NULL, NULL, NULL, NULL, NULL, NULL, NULL, NULL, NULL, NULL, NULL, 42099.00, NULL, NULL, 4438.91, NULL, NULL, 13906.88, NULL, NULL, 0.00, 18345.79, 100.00, NULL, 0.00, 37660.09, 37660.09, NULL, NULL, '2018', 'November', '2018-11-06 02:29:34', '2018-11-06 02:29:34', NULL),
	(157, '1990014', 162, 162, 1, NULL, NULL, 20, NULL, NULL, 1, 190, 21, NULL, NULL, NULL, NULL, NULL, NULL, NULL, 73299.00, NULL, NULL, NULL, NULL, NULL, NULL, NULL, NULL, NULL, NULL, NULL, 73299.00, NULL, NULL, 7246.91, NULL, NULL, 14199.19, NULL, NULL, 0.00, 21446.10, 100.00, NULL, 10000.00, 66052.09, 66052.09, NULL, NULL, '2018', 'November', '2018-11-06 02:29:34', '2018-11-06 02:29:34', NULL),
	(158, '2016008', 163, 163, 2, NULL, NULL, 15, NULL, NULL, 1, 191, 21, NULL, NULL, NULL, NULL, NULL, NULL, NULL, 29010.00, NULL, NULL, NULL, NULL, NULL, NULL, NULL, NULL, NULL, NULL, NULL, 29010.00, NULL, NULL, 3109.79, NULL, NULL, 5162.76, NULL, NULL, 0.00, 8272.55, 100.00, NULL, 0.00, 25900.21, 25900.21, NULL, NULL, '2018', 'November', '2018-11-06 02:29:34', '2018-11-06 02:29:34', NULL),
	(159, '1989001', 164, 164, 5, NULL, NULL, 17, NULL, NULL, 1, 192, 21, NULL, NULL, NULL, NULL, NULL, NULL, NULL, 17209.00, NULL, NULL, NULL, NULL, NULL, NULL, NULL, NULL, NULL, NULL, NULL, 17209.00, NULL, NULL, 1885.43, NULL, NULL, 3388.42, NULL, NULL, 0.00, 5273.85, 100.00, NULL, 0.00, 15323.57, 15323.57, NULL, NULL, '2018', 'November', '2018-11-06 02:29:35', '2018-11-06 02:29:35', NULL),
	(160, '2008003', 165, 165, 3, NULL, NULL, 66, NULL, NULL, 1, 193, 21, NULL, NULL, NULL, NULL, NULL, NULL, NULL, 42099.00, NULL, NULL, NULL, NULL, NULL, NULL, NULL, NULL, NULL, NULL, NULL, 42099.00, NULL, NULL, 4438.91, NULL, NULL, 0.00, NULL, NULL, 0.00, 4438.91, 100.00, NULL, 0.00, 37660.09, 37660.09, NULL, NULL, '2018', 'November', '2018-11-06 02:29:35', '2018-11-06 02:29:35', NULL),
	(161, '1995004', 166, 166, 7, NULL, NULL, 39, NULL, NULL, 1, 194, 21, NULL, NULL, NULL, NULL, NULL, NULL, NULL, 19567.00, NULL, NULL, NULL, NULL, NULL, NULL, NULL, NULL, NULL, NULL, NULL, 19567.00, NULL, NULL, 2130.08, NULL, NULL, 13593.11, NULL, NULL, 0.00, 15723.19, 100.00, NULL, 0.00, 17436.92, 17436.92, NULL, NULL, '2018', 'November', '2018-11-06 02:29:36', '2018-11-06 02:29:36', NULL),
	(162, '2010012', 167, 167, 2, NULL, NULL, 3, NULL, NULL, 1, 195, 21, NULL, NULL, NULL, NULL, NULL, NULL, NULL, 11914.00, NULL, NULL, NULL, NULL, NULL, NULL, NULL, NULL, NULL, NULL, NULL, 11914.00, NULL, NULL, 1336.08, NULL, NULL, 8486.70, NULL, NULL, 0.00, 9822.78, 100.00, NULL, 0.00, 10577.92, 10577.92, NULL, NULL, '2018', 'November', '2018-11-06 02:29:36', '2018-11-06 02:29:36', NULL),
	(163, '1995006', 168, 168, 2, NULL, NULL, 16, NULL, NULL, 1, 196, 21, NULL, NULL, NULL, NULL, NULL, NULL, NULL, 38085.00, NULL, NULL, NULL, NULL, NULL, NULL, NULL, NULL, NULL, NULL, NULL, 38085.00, NULL, NULL, 4051.32, NULL, NULL, 7707.11, NULL, NULL, 0.00, 11758.43, 100.00, NULL, 0.00, 34033.68, 34033.68, NULL, NULL, '2018', 'November', '2018-11-06 02:29:37', '2018-11-06 02:29:37', NULL),
	(164, '1996001', 169, 169, 1, NULL, NULL, 38, NULL, NULL, 1, 197, 21, NULL, NULL, NULL, NULL, NULL, NULL, NULL, 16282.00, NULL, NULL, NULL, NULL, NULL, NULL, NULL, NULL, NULL, NULL, NULL, 16282.00, NULL, NULL, 1789.26, NULL, NULL, 3114.29, NULL, NULL, 0.00, 4903.55, 100.00, NULL, 0.00, 14492.74, 14492.74, NULL, NULL, '2018', 'November', '2018-11-06 02:29:37', '2018-11-06 02:29:37', NULL),
	(165, '1990004', 170, 170, 7, NULL, NULL, 38, NULL, NULL, 1, 198, 21, NULL, NULL, NULL, NULL, NULL, NULL, NULL, 78959.00, NULL, NULL, NULL, NULL, NULL, NULL, NULL, NULL, NULL, NULL, NULL, 78959.00, NULL, NULL, 7756.31, NULL, NULL, 32972.43, NULL, NULL, 0.00, 40728.74, 100.00, NULL, 10000.00, 71202.69, 71202.69, NULL, NULL, '2018', 'November', '2018-11-06 02:29:38', '2018-11-06 02:29:38', NULL),
	(166, '1994004', 171, 171, 7, NULL, NULL, 66, NULL, NULL, 1, 199, 21, NULL, NULL, NULL, NULL, NULL, NULL, NULL, 42099.00, NULL, NULL, NULL, NULL, NULL, NULL, NULL, NULL, NULL, NULL, NULL, 42099.00, NULL, NULL, 4438.91, NULL, NULL, 4892.52, NULL, NULL, 0.00, 9331.43, 100.00, NULL, 0.00, 37660.09, 37660.09, NULL, NULL, '2018', 'November', '2018-11-06 02:29:39', '2018-11-06 02:29:39', NULL),
	(167, '2014007', 172, 172, 1, NULL, NULL, 63, NULL, NULL, 1, 200, 21, NULL, NULL, NULL, NULL, NULL, NULL, NULL, 31765.00, NULL, NULL, NULL, NULL, NULL, NULL, NULL, NULL, NULL, NULL, NULL, 31765.00, NULL, NULL, 3395.62, NULL, NULL, 4130.20, NULL, NULL, 0.00, 7525.82, 100.00, NULL, 0.00, 28369.38, 28369.38, NULL, NULL, '2018', 'November', '2018-11-06 02:29:39', '2018-11-06 02:29:39', NULL),
	(168, '2015004', 173, 173, 2, NULL, NULL, 15, NULL, NULL, 1, 201, 21, NULL, NULL, NULL, NULL, NULL, NULL, NULL, 29010.00, NULL, NULL, NULL, NULL, NULL, NULL, NULL, NULL, NULL, NULL, NULL, 29010.00, NULL, NULL, 3109.79, NULL, NULL, 10302.79, NULL, NULL, 0.00, 13412.58, 100.00, NULL, 0.00, 25900.21, 25900.21, NULL, NULL, '2018', 'November', '2018-11-06 02:29:40', '2018-11-06 02:29:40', NULL),
	(169, '1990003', 174, 174, 4, NULL, NULL, 18, NULL, NULL, 1, 202, 21, NULL, NULL, NULL, NULL, NULL, NULL, NULL, 102910.00, NULL, NULL, NULL, NULL, NULL, NULL, NULL, NULL, NULL, NULL, NULL, 102910.00, NULL, NULL, 9911.90, NULL, NULL, 15690.12, NULL, NULL, 0.00, 25602.02, 100.00, NULL, 17000.00, 92998.10, 92998.10, NULL, NULL, '2018', 'November', '2018-11-06 02:29:41', '2018-11-06 02:29:41', NULL),
	(170, '2011035', 175, 175, 7, NULL, NULL, 63, NULL, NULL, 1, 203, 21, NULL, NULL, NULL, NULL, NULL, NULL, NULL, 42099.00, NULL, NULL, NULL, NULL, NULL, NULL, NULL, NULL, NULL, NULL, NULL, 42099.00, NULL, NULL, 4438.91, NULL, NULL, 12202.86, NULL, NULL, 0.00, 16641.77, 100.00, NULL, 0.00, 37660.09, 37660.09, NULL, NULL, '2018', 'November', '2018-11-06 02:29:41', '2018-11-06 02:29:41', NULL),
	(171, '2015007', 176, 176, 2, NULL, NULL, 1, NULL, NULL, 1, 204, 21, NULL, NULL, NULL, NULL, NULL, NULL, NULL, 58717.00, NULL, NULL, NULL, NULL, NULL, NULL, NULL, NULL, NULL, NULL, NULL, 58717.00, NULL, NULL, 5934.53, NULL, NULL, 17626.31, NULL, NULL, 0.00, 23560.84, 100.00, NULL, 0.00, 52782.47, 52782.47, NULL, NULL, '2018', 'November', '2018-11-06 02:29:42', '2018-11-06 02:29:42', NULL),
	(172, '1993007', 177, 177, 2, NULL, NULL, 15, NULL, NULL, 1, 205, 21, NULL, NULL, NULL, NULL, NULL, NULL, NULL, 29010.00, NULL, NULL, NULL, NULL, NULL, NULL, NULL, NULL, NULL, NULL, NULL, 29010.00, NULL, NULL, 3109.79, NULL, NULL, 6711.58, NULL, NULL, 0.00, 9821.37, 100.00, NULL, 0.00, 25900.21, 25900.21, NULL, NULL, '2018', 'November', '2018-11-06 02:29:42', '2018-11-06 02:29:42', NULL),
	(173, '1976001', 178, 178, 3, NULL, NULL, 6, NULL, NULL, 1, 206, 21, NULL, NULL, NULL, NULL, NULL, NULL, NULL, 18575.00, NULL, NULL, NULL, NULL, NULL, NULL, NULL, NULL, NULL, NULL, NULL, 18575.00, NULL, NULL, 2027.16, NULL, NULL, 3494.95, NULL, NULL, 0.00, 5522.11, 100.00, NULL, 0.00, 16547.84, 16547.84, NULL, NULL, '2018', 'November', '2018-11-06 02:29:43', '2018-11-06 02:29:43', NULL),
	(174, '1987007', 179, 179, 7, NULL, NULL, 14, NULL, NULL, 1, 207, 21, NULL, NULL, NULL, NULL, NULL, NULL, NULL, 21777.00, NULL, NULL, NULL, NULL, NULL, NULL, NULL, NULL, NULL, NULL, NULL, 21777.00, NULL, NULL, 2359.36, NULL, NULL, 5634.47, NULL, NULL, 0.00, 7993.83, 100.00, NULL, 0.00, 19417.64, 19417.64, NULL, NULL, '2018', 'November', '2018-11-06 02:29:43', '2018-11-06 02:29:43', NULL),
	(175, '2016004', 180, 180, 3, NULL, NULL, 38, NULL, NULL, 1, 208, 21, NULL, NULL, NULL, NULL, NULL, NULL, NULL, 16282.00, NULL, NULL, NULL, NULL, NULL, NULL, NULL, NULL, NULL, NULL, NULL, 16282.00, NULL, NULL, 1789.26, NULL, NULL, 0.00, NULL, NULL, 0.00, 1789.26, 100.00, NULL, 0.00, 14492.74, 14492.74, NULL, NULL, '2018', 'November', '2018-11-06 02:29:43', '2018-11-06 02:29:43', NULL),
	(176, '2012002', 181, 181, 1, NULL, NULL, 35, NULL, NULL, 1, 209, 21, NULL, NULL, NULL, NULL, NULL, NULL, NULL, 14340.00, NULL, NULL, NULL, NULL, NULL, NULL, NULL, NULL, NULL, NULL, NULL, 14340.00, NULL, NULL, 1587.78, NULL, NULL, 11461.42, NULL, NULL, 0.00, 13049.20, 100.00, NULL, 0.00, 12752.22, 12752.22, NULL, NULL, '2018', 'November', '2018-11-06 02:29:44', '2018-11-06 02:29:44', NULL),
	(177, '1978003', 182, 182, 2, NULL, NULL, 11, NULL, NULL, 1, 210, 21, NULL, NULL, NULL, NULL, NULL, NULL, NULL, 22055.00, NULL, NULL, NULL, NULL, NULL, NULL, NULL, NULL, NULL, NULL, NULL, 22055.00, NULL, NULL, 2388.21, NULL, NULL, 4010.28, NULL, NULL, 0.00, 6398.49, 100.00, NULL, 0.00, 19666.79, 19666.79, NULL, NULL, '2018', 'November', '2018-11-06 02:29:44', '2018-11-06 02:29:44', NULL),
	(178, '1991001', 183, 183, 1, NULL, NULL, 66, NULL, NULL, 1, 211, 21, NULL, NULL, NULL, NULL, NULL, NULL, NULL, 42730.00, NULL, NULL, NULL, NULL, NULL, NULL, NULL, NULL, NULL, NULL, NULL, 42730.00, NULL, NULL, 4495.70, NULL, NULL, 3067.18, NULL, NULL, 0.00, 7562.88, 100.00, NULL, 0.00, 38234.30, 38234.30, NULL, NULL, '2018', 'November', '2018-11-06 02:29:44', '2018-11-06 02:29:44', NULL),
	(179, '2012003', 184, 184, 5, NULL, NULL, 10, NULL, NULL, 1, 212, 21, NULL, NULL, NULL, NULL, NULL, NULL, NULL, 17473.00, NULL, NULL, NULL, NULL, NULL, NULL, NULL, NULL, NULL, NULL, NULL, 17473.00, NULL, NULL, 1912.82, NULL, NULL, 5161.91, NULL, NULL, 0.00, 7074.73, 100.00, NULL, 0.00, 15560.18, 15560.18, NULL, NULL, '2018', 'November', '2018-11-06 02:29:45', '2018-11-06 02:29:45', NULL),
	(180, '1979002', 185, 185, 2, NULL, NULL, 16, NULL, NULL, 1, 213, 21, NULL, NULL, NULL, NULL, NULL, NULL, NULL, 41413.00, NULL, NULL, NULL, NULL, NULL, NULL, NULL, NULL, NULL, NULL, NULL, 41413.00, NULL, NULL, 4396.60, NULL, NULL, 5162.76, NULL, NULL, 0.00, 9559.36, 100.00, NULL, 0.00, 37016.40, 37016.40, NULL, NULL, '2018', 'November', '2018-11-06 02:29:46', '2018-11-06 02:29:46', NULL),
	(181, '2012004', 186, 186, 6, NULL, NULL, 66, NULL, NULL, 1, 214, 21, NULL, NULL, NULL, NULL, NULL, NULL, NULL, 42099.00, NULL, NULL, NULL, NULL, NULL, NULL, NULL, NULL, NULL, NULL, NULL, 42099.00, NULL, NULL, 4438.91, NULL, NULL, 15184.20, NULL, NULL, 0.00, 19623.11, 100.00, NULL, 0.00, 37660.09, 37660.09, NULL, NULL, '2018', 'November', '2018-11-06 02:29:46', '2018-11-06 02:29:46', NULL),
	(182, '1992008', 187, 187, 3, NULL, NULL, 38, NULL, NULL, 1, 215, 21, NULL, NULL, NULL, NULL, NULL, NULL, NULL, 16739.00, NULL, NULL, NULL, NULL, NULL, NULL, NULL, NULL, NULL, NULL, NULL, 16739.00, NULL, NULL, 1836.67, NULL, NULL, 3318.91, NULL, NULL, 0.00, 5155.58, 100.00, NULL, 0.00, 14902.33, 14902.33, NULL, NULL, '2018', 'November', '2018-11-06 02:29:46', '2018-11-06 02:29:46', NULL),
	(183, '1994005', 188, 188, 2, NULL, NULL, 15, NULL, NULL, 1, 216, 21, NULL, NULL, NULL, NULL, NULL, NULL, NULL, 29010.00, NULL, NULL, NULL, NULL, NULL, NULL, NULL, NULL, NULL, NULL, NULL, 29010.00, NULL, NULL, 3109.79, NULL, NULL, 4904.62, NULL, NULL, 0.00, 8014.41, 100.00, NULL, 0.00, 25900.21, 25900.21, NULL, NULL, '2018', 'November', '2018-11-06 02:29:46', '2018-11-06 02:29:46', NULL),
	(184, '1993003', 189, 189, 3, NULL, NULL, 10, NULL, NULL, 1, 217, 21, NULL, NULL, NULL, NULL, NULL, NULL, NULL, 18413.00, NULL, NULL, NULL, NULL, NULL, NULL, NULL, NULL, NULL, NULL, NULL, 18413.00, NULL, NULL, 2010.35, NULL, NULL, 0.00, NULL, NULL, 0.00, 2010.35, 100.00, NULL, 0.00, 16402.65, 16402.65, NULL, NULL, '2018', 'November', '2018-11-06 02:29:46', '2018-11-06 02:29:46', NULL),
	(185, '1987011', 190, 190, 7, NULL, NULL, 66, NULL, NULL, 1, 218, 21, NULL, NULL, NULL, NULL, NULL, NULL, NULL, 46720.00, NULL, NULL, NULL, NULL, NULL, NULL, NULL, NULL, NULL, NULL, NULL, 46720.00, NULL, NULL, 4854.80, NULL, NULL, 16153.40, NULL, NULL, 0.00, 21008.20, 100.00, NULL, 0.00, 41865.20, 41865.20, NULL, NULL, '2018', 'November', '2018-11-06 02:29:47', '2018-11-06 02:29:47', NULL),
	(186, '2016001', 191, 191, 6, NULL, NULL, 38, NULL, NULL, 1, 219, 21, NULL, NULL, NULL, NULL, NULL, NULL, NULL, 16282.00, NULL, NULL, NULL, NULL, NULL, NULL, NULL, NULL, NULL, NULL, NULL, 16282.00, NULL, NULL, 1789.26, NULL, NULL, 0.00, NULL, NULL, 0.00, 1789.26, 100.00, NULL, 0.00, 14492.74, 14492.74, NULL, NULL, '2018', 'November', '2018-11-06 02:29:47', '2018-11-06 02:29:47', NULL),
	(187, '1985003', 192, 192, 1, NULL, NULL, 40, NULL, NULL, 1, 220, 21, NULL, NULL, NULL, NULL, NULL, NULL, NULL, 23763.00, NULL, NULL, NULL, NULL, NULL, NULL, NULL, NULL, NULL, NULL, NULL, 23763.00, NULL, NULL, 2565.41, NULL, NULL, 13031.95, NULL, NULL, 0.00, 15597.36, 100.00, NULL, 0.00, 21197.59, 21197.59, NULL, NULL, '2018', 'November', '2018-11-06 02:29:47', '2018-11-06 02:29:47', NULL),
	(188, '1990009', 193, 193, 2, NULL, NULL, 16, NULL, NULL, 1, 221, 21, NULL, NULL, NULL, NULL, NULL, NULL, NULL, 38085.00, NULL, NULL, NULL, NULL, NULL, NULL, NULL, NULL, NULL, NULL, NULL, 38085.00, NULL, NULL, 4051.32, NULL, NULL, 0.00, NULL, NULL, 0.00, 4051.32, 100.00, NULL, 0.00, 34033.68, 34033.68, NULL, NULL, '2018', 'November', '2018-11-06 02:29:47', '2018-11-06 02:29:47', NULL),
	(189, '1978001', 194, 194, 6, NULL, NULL, 8, NULL, NULL, 1, 222, 21, NULL, NULL, NULL, NULL, NULL, NULL, NULL, 21777.00, NULL, NULL, NULL, NULL, NULL, NULL, NULL, NULL, NULL, NULL, NULL, 21777.00, NULL, NULL, 2359.36, NULL, NULL, 7226.12, NULL, NULL, 0.00, 9585.48, 100.00, NULL, 0.00, 19417.64, 19417.64, NULL, NULL, '2018', 'November', '2018-11-06 02:29:48', '2018-11-06 02:29:48', NULL),
	(190, '1993005', 195, 195, 3, NULL, NULL, 40, NULL, NULL, 1, 223, 21, NULL, NULL, NULL, NULL, NULL, NULL, NULL, 22149.00, NULL, NULL, NULL, NULL, NULL, NULL, NULL, NULL, NULL, NULL, NULL, 22149.00, NULL, NULL, 2397.96, NULL, NULL, 13718.95, NULL, NULL, 0.00, 16116.91, 100.00, NULL, 0.00, 19751.04, 19751.04, NULL, NULL, '2018', 'November', '2018-11-06 02:29:48', '2018-11-06 02:29:48', NULL),
	(191, '1979001', 196, 196, 6, NULL, NULL, 6, NULL, NULL, 1, 224, 21, NULL, NULL, NULL, NULL, NULL, NULL, NULL, 18413.00, NULL, NULL, NULL, NULL, NULL, NULL, NULL, NULL, NULL, NULL, NULL, 18413.00, NULL, NULL, 2010.35, NULL, NULL, 12510.47, NULL, NULL, 0.00, 14520.82, 100.00, NULL, 0.00, 16402.65, 16402.65, NULL, NULL, '2018', 'November', '2018-11-06 02:29:50', '2018-11-06 02:29:50', NULL),
	(192, '2010013', 197, 197, 2, NULL, NULL, 3, NULL, NULL, 1, 225, 21, NULL, NULL, NULL, NULL, NULL, NULL, NULL, 12674.00, NULL, NULL, NULL, NULL, NULL, NULL, NULL, NULL, NULL, NULL, NULL, 12674.00, NULL, NULL, 1414.93, NULL, NULL, 7360.89, NULL, NULL, 0.00, 8775.82, 100.00, NULL, 0.00, 11259.07, 11259.07, NULL, NULL, '2018', 'November', '2018-11-06 02:29:51', '2018-11-06 02:29:51', NULL),
	(193, '2016012', 198, 198, 2, NULL, NULL, 3, NULL, NULL, 1, 226, 21, NULL, NULL, NULL, NULL, NULL, NULL, NULL, 11914.00, NULL, NULL, NULL, NULL, NULL, NULL, NULL, NULL, NULL, NULL, NULL, 11914.00, NULL, NULL, 1336.08, NULL, NULL, 7263.75, NULL, NULL, 0.00, 8599.83, 100.00, NULL, 0.00, 10577.92, 10577.92, NULL, NULL, '2018', 'November', '2018-11-06 02:29:51', '2018-11-06 02:29:51', NULL),
	(194, '1978009', 199, 199, 7, NULL, NULL, 15, NULL, NULL, 1, 227, 21, NULL, NULL, NULL, NULL, NULL, NULL, NULL, 31170.00, NULL, NULL, NULL, NULL, NULL, NULL, NULL, NULL, NULL, NULL, NULL, 31170.00, NULL, NULL, 3333.89, NULL, NULL, 12319.19, NULL, NULL, 0.00, 15653.08, 100.00, NULL, 0.00, 27836.11, 27836.11, NULL, NULL, '2018', 'November', '2018-11-06 02:29:51', '2018-11-06 02:29:51', NULL),
	(195, '2014004', 200, 200, 5, NULL, NULL, 52, NULL, NULL, 1, 228, 21, NULL, NULL, NULL, NULL, NULL, NULL, NULL, 20179.00, NULL, NULL, NULL, NULL, NULL, NULL, NULL, NULL, NULL, NULL, NULL, 20179.00, NULL, NULL, 2193.57, NULL, NULL, 0.00, NULL, NULL, 0.00, 2193.57, 100.00, NULL, 0.00, 17985.43, 17985.43, NULL, NULL, '2018', 'November', '2018-11-06 02:29:52', '2018-11-06 02:29:52', NULL),
	(196, '2018001', 201, 201, NULL, NULL, NULL, NULL, NULL, NULL, 1, 229, 21, NULL, NULL, NULL, NULL, NULL, NULL, NULL, 14340.00, NULL, NULL, NULL, NULL, NULL, NULL, NULL, NULL, NULL, NULL, NULL, 14340.00, NULL, NULL, 1587.78, NULL, NULL, 0.00, NULL, NULL, 0.00, 1587.78, 100.00, NULL, 0.00, 12752.22, 12752.22, NULL, NULL, '2018', 'November', '2018-11-06 02:29:52', '2018-11-06 02:29:52', NULL),
	(197, '1987005', 202, 202, 6, NULL, NULL, 40, NULL, NULL, 1, 230, 21, NULL, NULL, NULL, NULL, NULL, NULL, NULL, 22149.00, NULL, NULL, NULL, NULL, NULL, NULL, NULL, NULL, NULL, NULL, NULL, 22149.00, NULL, NULL, 2397.96, NULL, NULL, 750.00, NULL, NULL, 0.00, 3147.96, 100.00, NULL, 0.00, 19751.04, 19751.04, NULL, NULL, '2018', 'November', '2018-11-06 02:29:52', '2018-11-06 02:29:52', NULL),
	(198, '1987014', 203, 203, 3, NULL, NULL, 70, NULL, NULL, 1, 231, 21, NULL, NULL, NULL, NULL, NULL, NULL, NULL, 73299.00, NULL, NULL, NULL, NULL, NULL, NULL, NULL, NULL, NULL, NULL, NULL, 73299.00, NULL, NULL, 7246.91, NULL, NULL, 1400.00, NULL, NULL, 0.00, 8646.91, 100.00, NULL, 10000.00, 66052.09, 66052.09, NULL, NULL, '2018', 'November', '2018-11-06 02:29:52', '2018-11-06 02:29:52', NULL),
	(199, '2011006', 204, 204, 3, NULL, NULL, 37, NULL, NULL, 1, 232, 21, NULL, NULL, NULL, NULL, NULL, NULL, NULL, 14340.00, NULL, NULL, NULL, NULL, NULL, NULL, NULL, NULL, NULL, NULL, NULL, 14340.00, NULL, NULL, 1587.78, NULL, NULL, 9564.01, NULL, NULL, 0.00, 11151.79, 100.00, NULL, 0.00, 12752.22, 12752.22, NULL, NULL, '2018', 'November', '2018-11-06 02:29:53', '2018-11-06 02:29:53', NULL),
	(200, '2015013', 205, 205, 6, NULL, NULL, 6, NULL, NULL, 1, 233, 21, NULL, NULL, NULL, NULL, NULL, NULL, NULL, 15254.00, NULL, NULL, NULL, NULL, NULL, NULL, NULL, NULL, NULL, NULL, NULL, 15254.00, NULL, NULL, 1682.60, NULL, NULL, 1521.22, NULL, NULL, 0.00, 3203.82, 100.00, NULL, 0.00, 13571.40, 13571.40, NULL, NULL, '2018', 'November', '2018-11-06 02:29:53', '2018-11-06 02:29:53', NULL),
	(201, '1984002', 206, 206, 3, NULL, NULL, 39, NULL, NULL, 1, 234, 21, NULL, NULL, NULL, NULL, NULL, NULL, NULL, 19725.00, NULL, NULL, NULL, NULL, NULL, NULL, NULL, NULL, NULL, NULL, NULL, 19725.00, NULL, NULL, 2146.47, NULL, NULL, 0.00, NULL, NULL, 0.00, 2146.47, 100.00, NULL, 0.00, 17578.53, 17578.53, NULL, NULL, '2018', 'November', '2018-11-06 02:29:53', '2018-11-06 02:29:53', NULL),
	(202, '1995003', 207, 207, 6, NULL, NULL, 39, NULL, NULL, 1, 235, 21, NULL, NULL, NULL, NULL, NULL, NULL, NULL, 18718.00, NULL, NULL, NULL, NULL, NULL, NULL, NULL, NULL, NULL, NULL, NULL, 18718.00, NULL, NULL, 2041.99, NULL, NULL, 14661.96, NULL, NULL, 0.00, 16703.95, 100.00, NULL, 0.00, 16676.01, 16676.01, NULL, NULL, '2018', 'November', '2018-11-06 02:29:53', '2018-11-06 02:29:53', NULL),
	(203, '2018004', 208, 208, 3, NULL, NULL, 66, NULL, NULL, 1, 236, 21, NULL, NULL, NULL, NULL, NULL, NULL, NULL, 14340.00, NULL, NULL, NULL, NULL, NULL, NULL, NULL, NULL, NULL, NULL, NULL, 14340.00, NULL, NULL, 1587.78, NULL, NULL, 0.00, NULL, NULL, 0.00, 1587.78, 100.00, NULL, 0.00, 12752.22, 12752.22, NULL, NULL, '2018', 'November', '2018-11-06 02:29:53', '2018-11-06 02:29:53', NULL),
	(204, '2011016', 209, 209, 6, NULL, NULL, 63, NULL, NULL, 1, 237, 21, NULL, NULL, NULL, NULL, NULL, NULL, NULL, 31765.00, NULL, NULL, NULL, NULL, NULL, NULL, NULL, NULL, NULL, NULL, NULL, 31765.00, NULL, NULL, 3395.62, NULL, NULL, 12105.08, NULL, NULL, 0.00, 15500.70, 100.00, NULL, 0.00, 28369.38, 28369.38, NULL, NULL, '2018', 'November', '2018-11-06 02:29:54', '2018-11-06 02:29:54', NULL),
	(205, '2011022', 210, 210, 3, NULL, NULL, 63, NULL, NULL, 1, 238, 21, NULL, NULL, NULL, NULL, NULL, NULL, NULL, 31765.00, NULL, NULL, NULL, NULL, NULL, NULL, NULL, NULL, NULL, NULL, NULL, 31765.00, NULL, NULL, 3395.62, NULL, NULL, 13763.22, NULL, NULL, 0.00, 17158.84, 100.00, NULL, 0.00, 28369.38, 28369.38, NULL, NULL, '2018', 'November', '2018-11-06 02:29:54', '2018-11-06 02:29:54', NULL),
	(206, '2011007', 211, 211, 4, NULL, NULL, 18, NULL, NULL, 1, 239, 21, NULL, NULL, NULL, NULL, NULL, NULL, NULL, 65604.00, NULL, NULL, NULL, NULL, NULL, NULL, NULL, NULL, NULL, NULL, NULL, 65604.00, NULL, NULL, 6554.36, NULL, NULL, 0.00, NULL, NULL, 0.00, 6554.36, 100.00, NULL, 0.00, 59049.64, 59049.64, NULL, NULL, '2018', 'November', '2018-11-06 02:29:54', '2018-11-06 02:29:54', NULL),
	(207, '1989007', 212, 212, 7, NULL, NULL, 68, NULL, NULL, 1, 240, 21, NULL, NULL, NULL, NULL, NULL, NULL, NULL, 26494.00, NULL, NULL, NULL, NULL, NULL, NULL, NULL, NULL, NULL, NULL, NULL, 26494.00, NULL, NULL, 2848.75, NULL, NULL, 9518.48, NULL, NULL, 0.00, 12367.23, 100.00, NULL, 0.00, 23645.25, 23645.25, NULL, NULL, '2018', 'November', '2018-11-06 02:29:54', '2018-11-06 02:29:54', NULL),
	(208, '2011004', 213, 213, 2, NULL, NULL, 13, NULL, NULL, 1, 241, 21, NULL, NULL, NULL, NULL, NULL, NULL, NULL, 20179.00, NULL, NULL, NULL, NULL, NULL, NULL, NULL, NULL, NULL, NULL, NULL, 20179.00, NULL, NULL, 2193.57, NULL, NULL, 8445.53, NULL, NULL, 0.00, 10639.10, 100.00, NULL, 0.00, 17985.43, 17985.43, NULL, NULL, '2018', 'November', '2018-11-06 02:29:55', '2018-11-06 02:29:55', NULL),
	(209, '1987008', 214, 214, 7, NULL, NULL, 71, NULL, NULL, 1, 242, 21, NULL, NULL, NULL, NULL, NULL, NULL, NULL, 21777.00, NULL, NULL, NULL, NULL, NULL, NULL, NULL, NULL, NULL, NULL, NULL, 21777.00, NULL, NULL, 2359.36, NULL, NULL, 10070.93, NULL, NULL, 0.00, 12430.29, 100.00, NULL, 0.00, 19417.64, 19417.64, NULL, NULL, '2018', 'November', '2018-11-06 02:29:55', '2018-11-06 02:29:55', NULL),
	(210, '2011005', 215, 215, 1, NULL, NULL, 23, NULL, NULL, 1, 243, 21, NULL, NULL, NULL, NULL, NULL, NULL, NULL, 20179.00, NULL, NULL, NULL, NULL, NULL, NULL, NULL, NULL, NULL, NULL, NULL, 20179.00, NULL, NULL, 2193.57, NULL, NULL, 8919.91, NULL, NULL, 0.00, 11113.48, 100.00, NULL, 0.00, 17985.43, 17985.43, NULL, NULL, '2018', 'November', '2018-11-06 02:29:56', '2018-11-06 02:29:56', NULL);
/*!40000 ALTER TABLE `pms_transactions` ENABLE KEYS */;

-- Dumping structure for table mirdc.pms_travelrates
DROP TABLE IF EXISTS `pms_travelrates`;
CREATE TABLE IF NOT EXISTS `pms_travelrates` (
  `id` int(11) NOT NULL AUTO_INCREMENT,
  `rate_amount` decimal(9,2) DEFAULT NULL,
  `status` varchar(50) DEFAULT NULL,
  `created_by` int(11) DEFAULT NULL,
  `updated_by` int(11) DEFAULT NULL,
  `created_at` timestamp NULL DEFAULT NULL,
  `updated_at` timestamp NULL DEFAULT NULL,
  PRIMARY KEY (`id`)
) ENGINE=InnoDB AUTO_INCREMENT=3 DEFAULT CHARSET=latin1;

-- Dumping data for table mirdc.pms_travelrates: ~1 rows (approximately)
/*!40000 ALTER TABLE `pms_travelrates` DISABLE KEYS */;
INSERT INTO `pms_travelrates` (`id`, `rate_amount`, `status`, `created_by`, `updated_by`, `created_at`, `updated_at`) VALUES
	(2, 800.00, 'travelrate', 2, NULL, '2018-09-10 10:52:44', '2018-09-10 10:52:44');
/*!40000 ALTER TABLE `pms_travelrates` ENABLE KEYS */;

-- Dumping structure for table mirdc.pms_travelrate_transactions
DROP TABLE IF EXISTS `pms_travelrate_transactions`;
CREATE TABLE IF NOT EXISTS `pms_travelrate_transactions` (
  `id` int(11) NOT NULL AUTO_INCREMENT,
  `employee_id` int(11) DEFAULT NULL,
  `employee_number` varchar(225) DEFAULT NULL,
  `travel_rate_id` int(11) DEFAULT NULL,
  `rate_id` int(11) DEFAULT NULL,
  `number_of_days` int(11) DEFAULT NULL,
  `travel_rate_amount` decimal(9,2) DEFAULT NULL,
  `net_amount` decimal(9,2) DEFAULT NULL,
  `created_by` int(11) DEFAULT NULL,
  `updated_by` int(11) DEFAULT NULL,
  `created_at` timestamp NULL DEFAULT NULL,
  `updated_at` timestamp NULL DEFAULT NULL,
  PRIMARY KEY (`id`)
) ENGINE=InnoDB AUTO_INCREMENT=3 DEFAULT CHARSET=latin1;

-- Dumping data for table mirdc.pms_travelrate_transactions: ~1 rows (approximately)
/*!40000 ALTER TABLE `pms_travelrate_transactions` DISABLE KEYS */;
INSERT INTO `pms_travelrate_transactions` (`id`, `employee_id`, `employee_number`, `travel_rate_id`, `rate_id`, `number_of_days`, `travel_rate_amount`, `net_amount`, `created_by`, `updated_by`, `created_at`, `updated_at`) VALUES
	(1, 1, NULL, 2, 16, 2, 600.00, 1200.00, 2, 2, '2018-09-10 14:02:43', '2018-09-10 14:13:02'),
	(2, 3, NULL, 2, 15, 22, 800.00, 17600.00, 2, NULL, '2018-10-25 05:56:10', '2018-10-25 05:56:10');
/*!40000 ALTER TABLE `pms_travelrate_transactions` ENABLE KEYS */;

-- Dumping structure for table mirdc.pms_wagerates
DROP TABLE IF EXISTS `pms_wagerates`;
CREATE TABLE IF NOT EXISTS `pms_wagerates` (
  `id` int(11) NOT NULL AUTO_INCREMENT,
  `wage_region` varchar(225) DEFAULT NULL,
  `wage_rate` decimal(9,2) DEFAULT NULL,
  `effectivity_date` date DEFAULT NULL,
  `based_on` varchar(225) DEFAULT NULL,
  `remarks` varchar(225) DEFAULT NULL,
  `created_at` timestamp NULL DEFAULT NULL,
  `updated_at` timestamp NULL DEFAULT NULL,
  `updated_by` int(11) DEFAULT NULL,
  PRIMARY KEY (`id`)
) ENGINE=InnoDB AUTO_INCREMENT=2 DEFAULT CHARSET=latin1;

-- Dumping data for table mirdc.pms_wagerates: ~0 rows (approximately)
/*!40000 ALTER TABLE `pms_wagerates` DISABLE KEYS */;
INSERT INTO `pms_wagerates` (`id`, `wage_region`, `wage_rate`, `effectivity_date`, `based_on`, `remarks`, `created_at`, `updated_at`, `updated_by`) VALUES
	(1, 'National Capital Region', 200.00, '2018-06-19', NULL, NULL, '2018-06-12 03:34:42', '2018-06-12 03:34:42', NULL);
/*!40000 ALTER TABLE `pms_wagerates` ENABLE KEYS */;

-- Dumping structure for table mirdc.users
DROP TABLE IF EXISTS `users`;
CREATE TABLE IF NOT EXISTS `users` (
  `id` int(10) unsigned NOT NULL AUTO_INCREMENT,
  `name` varchar(255) COLLATE utf8mb4_unicode_ci NOT NULL,
  `email` varchar(255) COLLATE utf8mb4_unicode_ci NOT NULL,
  `password` varchar(255) COLLATE utf8mb4_unicode_ci NOT NULL,
  `remember_token` varchar(100) COLLATE utf8mb4_unicode_ci DEFAULT NULL,
  `created_at` timestamp NULL DEFAULT NULL,
  `updated_at` timestamp NULL DEFAULT NULL,
  PRIMARY KEY (`id`)
) ENGINE=InnoDB AUTO_INCREMENT=3 DEFAULT CHARSET=utf8mb4 COLLATE=utf8mb4_unicode_ci;

-- Dumping data for table mirdc.users: ~2 rows (approximately)
/*!40000 ALTER TABLE `users` DISABLE KEYS */;
INSERT INTO `users` (`id`, `name`, `email`, `password`, `remember_token`, `created_at`, `updated_at`) VALUES
	(1, 'Jezon Gonzales', 'gonzales_jezon@yahoo.com', '$2y$10$o9TEoA6PVskFUo0cZ.0c/eHzcjnkBKYnN5FViptfAYPGbaX0rob8S', '6ugWfG2iGS1MyxKSpyo7GFnYUogTUJVOmCIANAne2mDVtNVqXPDhzE3jtb3z', '2018-07-13 08:52:26', '2018-07-13 08:52:26'),
	(2, 'Tester', 'admintester@gmail.com', '$2y$10$V5JxbFFe/k1xa2L0xh6.Cubom4q2l2A/9DEPC/jJVcVWORKFr.ycq', '952vRZkH5iW7cQj2uyZ1HZegudXGZYPazhi8dal4yGa79cnuyLtkGPGFkMaw', '2018-07-15 02:12:16', '2018-07-15 02:12:16');
/*!40000 ALTER TABLE `users` ENABLE KEYS */;

/*!40101 SET SQL_MODE=IFNULL(@OLD_SQL_MODE, '') */;
/*!40014 SET FOREIGN_KEY_CHECKS=IF(@OLD_FOREIGN_KEY_CHECKS IS NULL, 1, @OLD_FOREIGN_KEY_CHECKS) */;
/*!40101 SET CHARACTER_SET_CLIENT=@OLD_CHARACTER_SET_CLIENT */;
